Copyright 1986-2022 Xilinx, Inc. All Rights Reserved.
-----------------------------------------------------------------------------------------------------------------------------------------------------------------------------------------------------------------------------
| Tool Version      : Vivado v.2022.1 (win64) Build 3526262 Mon Apr 18 15:48:16 MDT 2022
| Date              : Sun Aug  2 18:15:34 2026
| Host              : letun running 64-bit major release  (build 9200)
| Command           : report_timing_summary -max_paths 10 -report_unconstrained -file Mamba_Top_timing_summary_routed.rpt -pb Mamba_Top_timing_summary_routed.pb -rpx Mamba_Top_timing_summary_routed.rpx -warn_on_violation
| Design            : Mamba_Top
| Device            : xck26-sfvc784
| Speed File        : -2LV  PRODUCTION 1.29 08-03-2020
| Temperature Grade : C
-----------------------------------------------------------------------------------------------------------------------------------------------------------------------------------------------------------------------------

Timing Summary Report

------------------------------------------------------------------------------------------------
| Timer Settings
| --------------
------------------------------------------------------------------------------------------------

  Enable Multi Corner Analysis               :  Yes
  Enable Pessimism Removal                   :  Yes
  Pessimism Removal Resolution               :  Nearest Common Node
  Enable Input Delay Default Clock           :  No
  Enable Preset / Clear Arcs                 :  No
  Disable Flight Delays                      :  No
  Ignore I/O Paths                           :  No
  Timing Early Launch at Borrowing Latches   :  No
  Borrow Time for Max Delay Exceptions       :  Yes
  Merge Timing Exceptions                    :  Yes

  Corner  Analyze    Analyze    
  Name    Max Paths  Min Paths  
  ------  ---------  ---------  
  Slow    Yes        Yes        
  Fast    Yes        Yes        


------------------------------------------------------------------------------------------------
| Report Methodology
| ------------------
------------------------------------------------------------------------------------------------

Rule       Severity  Description                                 Violations  
---------  --------  ------------------------------------------  ----------  
DPIR-2     Warning   Asynchronous driver check                   4032        
SYNTH-6    Warning   Timing of a RAM block might be sub-optimal  8           
SYNTH-13   Warning   combinational multiplier                    64          
TIMING-18  Warning   Missing input or output delay               575         

Note: This report is based on the most recent report_methodology run and may not be up-to-date. Run report_methodology on the current design for the latest report.



check_timing report

Table of Contents
-----------------
1. checking no_clock (0)
2. checking constant_clock (0)
3. checking pulse_width_clock (0)
4. checking unconstrained_internal_endpoints (0)
5. checking no_input_delay (314)
6. checking no_output_delay (258)
7. checking multiple_clock (0)
8. checking generated_clocks (0)
9. checking loops (0)
10. checking partial_input_delay (0)
11. checking partial_output_delay (0)
12. checking latch_loops (0)

1. checking no_clock (0)
------------------------
 There are 0 register/latch pins with no clock.


2. checking constant_clock (0)
------------------------------
 There are 0 register/latch pins with constant_clock.


3. checking pulse_width_clock (0)
---------------------------------
 There are 0 register/latch pins which need pulse_width check


4. checking unconstrained_internal_endpoints (0)
------------------------------------------------
 There are 0 pins that are not constrained for maximum delay.

 There are 0 pins that are not constrained for maximum delay due to constant clock.


5. checking no_input_delay (314)
--------------------------------
 There are 313 input ports with no input delay specified. (HIGH)

 There is 1 input port with no input delay but user has a false path constraint. (MEDIUM)


6. checking no_output_delay (258)
---------------------------------
 There are 258 ports with no output delay specified. (HIGH)

 There are 0 ports with no output delay but user has a false path constraint

 There are 0 ports with no output delay but with a timing clock defined on it or propagating through it


7. checking multiple_clock (0)
------------------------------
 There are 0 register/latch pins with multiple clocks.


8. checking generated_clocks (0)
--------------------------------
 There are 0 generated clocks that are not connected to a clock source.


9. checking loops (0)
---------------------
 There are 0 combinational loops in the design.


10. checking partial_input_delay (0)
------------------------------------
 There are 0 input ports with partial input delay specified.


11. checking partial_output_delay (0)
-------------------------------------
 There are 0 ports with partial output delay specified.


12. checking latch_loops (0)
----------------------------
 There are 0 combinational latch loops in the design through latch input



------------------------------------------------------------------------------------------------
| Design Timing Summary
| ---------------------
------------------------------------------------------------------------------------------------

    WNS(ns)      TNS(ns)  TNS Failing Endpoints  TNS Total Endpoints      WHS(ns)      THS(ns)  THS Failing Endpoints  THS Total Endpoints     WPWS(ns)     TPWS(ns)  TPWS Failing Endpoints  TPWS Total Endpoints  
    -------      -------  ---------------------  -------------------      -------      -------  ---------------------  -------------------     --------     --------  ----------------------  --------------------  
      0.096        0.000                      0                28144        0.012        0.000                      0                28144        4.200        0.000                       0                 10953  


All user specified timing constraints are met.


------------------------------------------------------------------------------------------------
| Clock Summary
| -------------
------------------------------------------------------------------------------------------------

Clock  Waveform(ns)       Period(ns)      Frequency(MHz)
-----  ------------       ----------      --------------
clk    {0.000 5.000}      10.000          100.000         


------------------------------------------------------------------------------------------------
| Intra Clock Table
| -----------------
------------------------------------------------------------------------------------------------

Clock             WNS(ns)      TNS(ns)  TNS Failing Endpoints  TNS Total Endpoints      WHS(ns)      THS(ns)  THS Failing Endpoints  THS Total Endpoints     WPWS(ns)     TPWS(ns)  TPWS Failing Endpoints  TPWS Total Endpoints  
-----             -------      -------  ---------------------  -------------------      -------      -------  ---------------------  -------------------     --------     --------  ----------------------  --------------------  
clk                 0.096        0.000                      0                28144        0.012        0.000                      0                28144        4.200        0.000                       0                 10953  


------------------------------------------------------------------------------------------------
| Inter Clock Table
| -----------------
------------------------------------------------------------------------------------------------

From Clock    To Clock          WNS(ns)      TNS(ns)  TNS Failing Endpoints  TNS Total Endpoints      WHS(ns)      THS(ns)  THS Failing Endpoints  THS Total Endpoints  
----------    --------          -------      -------  ---------------------  -------------------      -------      -------  ---------------------  -------------------  


------------------------------------------------------------------------------------------------
| Other Path Groups Table
| -----------------------
------------------------------------------------------------------------------------------------

Path Group    From Clock    To Clock          WNS(ns)      TNS(ns)  TNS Failing Endpoints  TNS Total Endpoints      WHS(ns)      THS(ns)  THS Failing Endpoints  THS Total Endpoints  
----------    ----------    --------          -------      -------  ---------------------  -------------------      -------      -------  ---------------------  -------------------  


------------------------------------------------------------------------------------------------
| User Ignored Path Table
| -----------------------
------------------------------------------------------------------------------------------------

Path Group    From Clock    To Clock    
----------    ----------    --------    
(none)                      clk           


------------------------------------------------------------------------------------------------
| Unconstrained Path Table
| ------------------------
------------------------------------------------------------------------------------------------

Path Group    From Clock    To Clock    
----------    ----------    --------    
(none)                                    
(none)        clk                         
(none)                      clk           


------------------------------------------------------------------------------------------------
| Timing Details
| --------------
------------------------------------------------------------------------------------------------


---------------------------------------------------------------------------------------------------
From Clock:  clk
  To Clock:  clk

Setup :            0  Failing Endpoints,  Worst Slack        0.096ns,  Total Violation        0.000ns
Hold  :            0  Failing Endpoints,  Worst Slack        0.012ns,  Total Violation        0.000ns
PW    :            0  Failing Endpoints,  Worst Slack        4.200ns,  Total Violation        0.000ns
---------------------------------------------------------------------------------------------------


Max Delay Paths
--------------------------------------------------------------------------------------
Slack (MET) :             0.096ns  (required time - arrival time)
  Source:                 u_mc/HAS_H_GEN.u_hrf/mem_reg_uram_1/CLK
                            (rising edge-triggered cell URAM288 clocked by clk  {rise@0.000ns fall@5.000ns period=10.000ns})
  Destination:            u_mc/PE_LANE[5].u_pe/out_val_reg[6]/D
                            (rising edge-triggered cell FDCE clocked by clk  {rise@0.000ns fall@5.000ns period=10.000ns})
  Path Group:             clk
  Path Type:              Setup (Max at Slow Process Corner)
  Requirement:            10.000ns  (clk rise@10.000ns - clk rise@0.000ns)
  Data Path Delay:        9.675ns  (logic 6.152ns (63.590%)  route 3.523ns (36.410%))
  Logic Levels:           18  (CARRY8=3 DSP_A_B_DATA=1 DSP_ALU=2 DSP_C_DATA=1 DSP_M_DATA=1 DSP_MULTIPLIER=1 DSP_OUTPUT=2 DSP_PREADD_DATA=1 LUT4=1 LUT5=2 LUT6=3)
  Clock Path Skew:        -0.087ns (DCD - SCD + CPR)
    Destination Clock Delay (DCD):    0.030ns = ( 10.030 - 10.000 ) 
    Source Clock Delay      (SCD):    0.117ns
    Clock Pessimism Removal (CPR):    0.000ns
  Clock Uncertainty:      0.185ns  ((TSJ^2 + TIJ^2)^1/2 + DJ) / 2 + PE + UU
    Total System Jitter     (TSJ):    0.071ns
    Total Input Jitter      (TIJ):    0.000ns
    Discrete Jitter          (DJ):    0.000ns
    Phase Error              (PE):    0.000ns
    User Uncertainty         (UU):    0.150ns

    Location             Delay type                Incr(ns)  Path(ns)    Netlist Resource(s)
  -------------------------------------------------------------------    -------------------
                         (clock clk rise edge)        0.000     0.000 r  
                                                      0.000     0.000 r  clk (IN)
                         net (fo=10952, unset)        0.117     0.117    u_mc/HAS_H_GEN.u_hrf/clk
    URAM288_X0Y44        URAM288                                      r  u_mc/HAS_H_GEN.u_hrf/mem_reg_uram_1/CLK
  -------------------------------------------------------------------    -------------------
    URAM288_X0Y44        URAM288 (Prop_URAM_288K_INST_URAM288_CLK_DOUT_A[14])
                                                      1.677     1.794 f  u_mc/HAS_H_GEN.u_hrf/mem_reg_uram_1/DOUT_A[14]
                         net (fo=2, routed)           0.593     2.387    u_mc/HAS_H_GEN.u_hrf/mem_reg_uram_1_n_407
    SLICE_X26Y164        LUT5 (Prop_D6LUT_SLICEL_I2_O)
                                                      0.081     2.468 f  u_mc/HAS_H_GEN.u_hrf/m1_i_10__4/O
                         net (fo=1, routed)           0.696     3.164    u_mc/PE_LANE[5].u_pe/m1/B[6]
    DSP48E2_X5Y66        DSP_A_B_DATA (Prop_DSP_A_B_DATA_DSP48E2_B[6]_B2_DATA[6])
                                                      0.216     3.380 r  u_mc/PE_LANE[5].u_pe/m1/DSP_A_B_DATA_INST/B2_DATA[6]
                         net (fo=1, routed)           0.000     3.380    u_mc/PE_LANE[5].u_pe/m1/DSP_A_B_DATA.B2_DATA<6>
    DSP48E2_X5Y66        DSP_PREADD_DATA (Prop_DSP_PREADD_DATA_DSP48E2_B2_DATA[6]_B2B1[6])
                                                      0.097     3.477 r  u_mc/PE_LANE[5].u_pe/m1/DSP_PREADD_DATA_INST/B2B1[6]
                         net (fo=1, routed)           0.000     3.477    u_mc/PE_LANE[5].u_pe/m1/DSP_PREADD_DATA.B2B1<6>
    DSP48E2_X5Y66        DSP_MULTIPLIER (Prop_DSP_MULTIPLIER_DSP48E2_B2B1[6]_U[18])
                                                      0.773     4.250 f  u_mc/PE_LANE[5].u_pe/m1/DSP_MULTIPLIER_INST/U[18]
                         net (fo=1, routed)           0.000     4.250    u_mc/PE_LANE[5].u_pe/m1/DSP_MULTIPLIER.U<18>
    DSP48E2_X5Y66        DSP_M_DATA (Prop_DSP_M_DATA_DSP48E2_U[18]_U_DATA[18])
                                                      0.067     4.317 r  u_mc/PE_LANE[5].u_pe/m1/DSP_M_DATA_INST/U_DATA[18]
                         net (fo=1, routed)           0.000     4.317    u_mc/PE_LANE[5].u_pe/m1/DSP_M_DATA.U_DATA<18>
    DSP48E2_X5Y66        DSP_ALU (Prop_DSP_ALU_DSP48E2_U_DATA[18]_ALU_OUT[18])
                                                      0.727     5.044 f  u_mc/PE_LANE[5].u_pe/m1/DSP_ALU_INST/ALU_OUT[18]
                         net (fo=1, routed)           0.000     5.044    u_mc/PE_LANE[5].u_pe/m1/DSP_ALU.ALU_OUT<18>
    DSP48E2_X5Y66        DSP_OUTPUT (Prop_DSP_OUTPUT_DSP48E2_ALU_OUT[18]_P[18])
                                                      0.146     5.190 r  u_mc/PE_LANE[5].u_pe/m1/DSP_OUTPUT_INST/P[18]
                         net (fo=4, routed)           0.502     5.692    u_mc/PE_LANE[5].u_pe/m12_sum/C[18]
    DSP48E2_X5Y62        DSP_C_DATA (Prop_DSP_C_DATA_DSP48E2_C[18]_C_DATA[18])
                                                      0.135     5.827 r  u_mc/PE_LANE[5].u_pe/m12_sum/DSP_C_DATA_INST/C_DATA[18]
                         net (fo=2, routed)           0.000     5.827    u_mc/PE_LANE[5].u_pe/m12_sum/DSP_C_DATA.C_DATA<18>
    DSP48E2_X5Y62        DSP_ALU (Prop_DSP_ALU_DSP48E2_C_DATA[18]_ALU_OUT[26])
                                                      0.786     6.613 f  u_mc/PE_LANE[5].u_pe/m12_sum/DSP_ALU_INST/ALU_OUT[26]
                         net (fo=1, routed)           0.000     6.613    u_mc/PE_LANE[5].u_pe/m12_sum/DSP_ALU.ALU_OUT<26>
    DSP48E2_X5Y62        DSP_OUTPUT (Prop_DSP_OUTPUT_DSP48E2_ALU_OUT[26]_P[26])
                                                      0.146     6.759 r  u_mc/PE_LANE[5].u_pe/m12_sum/DSP_OUTPUT_INST/P[26]
                         net (fo=9, routed)           0.330     7.089    u_mc/PE_LANE[5].u_pe/m12_sum__0[26]
    SLICE_X20Y156        LUT4 (Prop_G6LUT_SLICEM_I3_O)
                                                      0.186     7.275 r  u_mc/PE_LANE[5].u_pe/acc_raw[26]_i_11__17/O
                         net (fo=2, routed)           0.226     7.501    u_mc/PE_LANE[5].u_pe/acc_raw[26]_i_11__17_n_0
    SLICE_X19Y156        CARRY8 (Prop_CARRY8_SLICEL_DI[2]_O[5])
                                                      0.277     7.778 r  u_mc/PE_LANE[5].u_pe/acc_raw_reg[26]_i_5__17/O[5]
                         net (fo=3, routed)           0.305     8.083    u_mc/PE_LANE[5].u_pe/acc_raw_reg[31]_0[2]
    SLICE_X15Y157        LUT5 (Prop_E6LUT_SLICEL_I0_O)
                                                      0.083     8.166 r  u_mc/PE_LANE[5].u_pe/acc_raw[29]_i_2__17/O
                         net (fo=2, routed)           0.108     8.274    u_mc/PE_LANE[5].u_pe/acc_raw[29]_i_2__17_n_0
    SLICE_X15Y158        LUT6 (Prop_F6LUT_SLICEL_I5_O)
                                                      0.187     8.461 r  u_mc/PE_LANE[5].u_pe/out_val[15]_i_83__17/O
                         net (fo=1, routed)           0.225     8.686    u_mc/PE_LANE[5].u_pe/out_val[15]_i_83__17_n_0
    SLICE_X16Y158        CARRY8 (Prop_CARRY8_SLICEL_DI[2]_CO[7])
                                                      0.158     8.844 r  u_mc/PE_LANE[5].u_pe/out_val_reg[15]_i_35__17/CO[7]
                         net (fo=1, routed)           0.030     8.874    u_mc/PE_LANE[5].u_pe/out_val_reg[15]_i_35__17_n_0
    SLICE_X16Y159        CARRY8 (Prop_CARRY8_SLICEL_CI_CO[4])
                                                      0.128     9.002 r  u_mc/PE_LANE[5].u_pe/out_val_reg[15]_i_9__17/CO[4]
                         net (fo=2, routed)           0.197     9.199    u_mc/PE_LANE[5].u_pe/sat1615_in
    SLICE_X16Y156        LUT6 (Prop_G6LUT_SLICEL_I3_O)
                                                      0.057     9.256 r  u_mc/PE_LANE[5].u_pe/out_val[14]_i_2__17/O
                         net (fo=15, routed)          0.229     9.486    u_mc/PE_LANE[5].u_pe/out_val[14]_i_2__17_n_0
    SLICE_X17Y155        LUT6 (Prop_B6LUT_SLICEM_I0_O)
                                                      0.225     9.711 r  u_mc/PE_LANE[5].u_pe/out_val[6]_i_1__17/O
                         net (fo=1, routed)           0.081     9.792    u_mc/PE_LANE[5].u_pe/out_val[6]_i_1__17_n_0
    SLICE_X17Y155        FDCE                                         r  u_mc/PE_LANE[5].u_pe/out_val_reg[6]/D
  -------------------------------------------------------------------    -------------------

                         (clock clk rise edge)       10.000    10.000 r  
                                                      0.000    10.000 r  clk (IN)
                         net (fo=10952, unset)        0.030    10.030    u_mc/PE_LANE[5].u_pe/clk
    SLICE_X17Y155        FDCE                                         r  u_mc/PE_LANE[5].u_pe/out_val_reg[6]/C
                         clock pessimism              0.000    10.030    
                         clock uncertainty           -0.185     9.845    
    SLICE_X17Y155        FDCE (Setup_BFF_SLICEM_C_D)
                                                      0.043     9.888    u_mc/PE_LANE[5].u_pe/out_val_reg[6]
  -------------------------------------------------------------------
                         required time                          9.888    
                         arrival time                          -9.792    
  -------------------------------------------------------------------
                         slack                                  0.096    

Slack (MET) :             0.136ns  (required time - arrival time)
  Source:                 u_mc2/HAS_H_GEN.u_hrf/mem_reg_uram_2/CLK
                            (rising edge-triggered cell URAM288 clocked by clk  {rise@0.000ns fall@5.000ns period=10.000ns})
  Destination:            u_mc2/PE_LANE[10].u_pe/out_val_reg[6]/D
                            (rising edge-triggered cell FDCE clocked by clk  {rise@0.000ns fall@5.000ns period=10.000ns})
  Path Group:             clk
  Path Type:              Setup (Max at Slow Process Corner)
  Requirement:            10.000ns  (clk rise@10.000ns - clk rise@0.000ns)
  Data Path Delay:        9.635ns  (logic 6.277ns (65.147%)  route 3.358ns (34.853%))
  Logic Levels:           21  (CARRY8=6 DSP_A_B_DATA=1 DSP_ALU=2 DSP_C_DATA=1 DSP_M_DATA=1 DSP_MULTIPLIER=1 DSP_OUTPUT=2 DSP_PREADD_DATA=1 LUT2=1 LUT3=1 LUT4=1 LUT6=3)
  Clock Path Skew:        -0.087ns (DCD - SCD + CPR)
    Destination Clock Delay (DCD):    0.030ns = ( 10.030 - 10.000 ) 
    Source Clock Delay      (SCD):    0.117ns
    Clock Pessimism Removal (CPR):    0.000ns
  Clock Uncertainty:      0.185ns  ((TSJ^2 + TIJ^2)^1/2 + DJ) / 2 + PE + UU
    Total System Jitter     (TSJ):    0.071ns
    Total Input Jitter      (TIJ):    0.000ns
    Discrete Jitter          (DJ):    0.000ns
    Phase Error              (PE):    0.000ns
    User Uncertainty         (UU):    0.150ns

    Location             Delay type                Incr(ns)  Path(ns)    Netlist Resource(s)
  -------------------------------------------------------------------    -------------------
                         (clock clk rise edge)        0.000     0.000 r  
                                                      0.000     0.000 r  clk (IN)
                         net (fo=10952, unset)        0.117     0.117    u_mc2/HAS_H_GEN.u_hrf/clk
    URAM288_X0Y40        URAM288                                      r  u_mc2/HAS_H_GEN.u_hrf/mem_reg_uram_2/CLK
  -------------------------------------------------------------------    -------------------
    URAM288_X0Y40        URAM288 (Prop_URAM_288K_INST_URAM288_CLK_DOUT_A[22])
                                                      1.644     1.761 f  u_mc2/HAS_H_GEN.u_hrf/mem_reg_uram_2/DOUT_A[22]
                         net (fo=2, routed)           0.915     2.676    u_mc2/HAS_H_GEN.u_hrf_n_315
    SLICE_X51Y151        LUT4 (Prop_G6LUT_SLICEL_I0_O)
                                                      0.082     2.758 f  u_mc2/m1_i_10__9/O
                         net (fo=1, routed)           0.256     3.014    u_mc2/PE_LANE[10].u_pe/m1/B[6]
    DSP48E2_X12Y60       DSP_A_B_DATA (Prop_DSP_A_B_DATA_DSP48E2_B[6]_B2_DATA[6])
                                                      0.216     3.230 r  u_mc2/PE_LANE[10].u_pe/m1/DSP_A_B_DATA_INST/B2_DATA[6]
                         net (fo=1, routed)           0.000     3.230    u_mc2/PE_LANE[10].u_pe/m1/DSP_A_B_DATA.B2_DATA<6>
    DSP48E2_X12Y60       DSP_PREADD_DATA (Prop_DSP_PREADD_DATA_DSP48E2_B2_DATA[6]_B2B1[6])
                                                      0.097     3.327 r  u_mc2/PE_LANE[10].u_pe/m1/DSP_PREADD_DATA_INST/B2B1[6]
                         net (fo=1, routed)           0.000     3.327    u_mc2/PE_LANE[10].u_pe/m1/DSP_PREADD_DATA.B2B1<6>
    DSP48E2_X12Y60       DSP_MULTIPLIER (Prop_DSP_MULTIPLIER_DSP48E2_B2B1[6]_U[9])
                                                      0.773     4.100 f  u_mc2/PE_LANE[10].u_pe/m1/DSP_MULTIPLIER_INST/U[9]
                         net (fo=1, routed)           0.000     4.100    u_mc2/PE_LANE[10].u_pe/m1/DSP_MULTIPLIER.U<9>
    DSP48E2_X12Y60       DSP_M_DATA (Prop_DSP_M_DATA_DSP48E2_U[9]_U_DATA[9])
                                                      0.067     4.167 r  u_mc2/PE_LANE[10].u_pe/m1/DSP_M_DATA_INST/U_DATA[9]
                         net (fo=1, routed)           0.000     4.167    u_mc2/PE_LANE[10].u_pe/m1/DSP_M_DATA.U_DATA<9>
    DSP48E2_X12Y60       DSP_ALU (Prop_DSP_ALU_DSP48E2_U_DATA[9]_ALU_OUT[9])
                                                      0.727     4.894 f  u_mc2/PE_LANE[10].u_pe/m1/DSP_ALU_INST/ALU_OUT[9]
                         net (fo=1, routed)           0.000     4.894    u_mc2/PE_LANE[10].u_pe/m1/DSP_ALU.ALU_OUT<9>
    DSP48E2_X12Y60       DSP_OUTPUT (Prop_DSP_OUTPUT_DSP48E2_ALU_OUT[9]_P[9])
                                                      0.146     5.040 r  u_mc2/PE_LANE[10].u_pe/m1/DSP_OUTPUT_INST/P[9]
                         net (fo=3, routed)           0.550     5.590    u_mc2/PE_LANE[10].u_pe/m12_sum/C[9]
    DSP48E2_X12Y64       DSP_C_DATA (Prop_DSP_C_DATA_DSP48E2_C[9]_C_DATA[9])
                                                      0.135     5.725 r  u_mc2/PE_LANE[10].u_pe/m12_sum/DSP_C_DATA_INST/C_DATA[9]
                         net (fo=2, routed)           0.000     5.725    u_mc2/PE_LANE[10].u_pe/m12_sum/DSP_C_DATA.C_DATA<9>
    DSP48E2_X12Y64       DSP_ALU (Prop_DSP_ALU_DSP48E2_C_DATA[9]_ALU_OUT[11])
                                                      0.786     6.511 f  u_mc2/PE_LANE[10].u_pe/m12_sum/DSP_ALU_INST/ALU_OUT[11]
                         net (fo=1, routed)           0.000     6.511    u_mc2/PE_LANE[10].u_pe/m12_sum/DSP_ALU.ALU_OUT<11>
    DSP48E2_X12Y64       DSP_OUTPUT (Prop_DSP_OUTPUT_DSP48E2_ALU_OUT[11]_P[11])
                                                      0.146     6.657 r  u_mc2/PE_LANE[10].u_pe/m12_sum/DSP_OUTPUT_INST/P[11]
                         net (fo=3, routed)           0.354     7.010    u_mc2/PE_LANE[10].u_pe/m12_sum__0[11]
    SLICE_X54Y165        LUT6 (Prop_D6LUT_SLICEM_I2_O)
                                                      0.134     7.144 r  u_mc2/PE_LANE[10].u_pe/acc_raw[15]_i_16__6/O
                         net (fo=1, routed)           0.032     7.176    u_mc2/PE_LANE[10].u_pe/acc_raw[15]_i_16__6_n_0
    SLICE_X54Y165        CARRY8 (Prop_CARRY8_SLICEM_S[3]_CO[7])
                                                      0.232     7.408 r  u_mc2/PE_LANE[10].u_pe/acc_raw_reg[15]_i_3__6/CO[7]
                         net (fo=1, routed)           0.030     7.438    u_mc2/PE_LANE[10].u_pe/acc_raw_reg[15]_i_3__6_n_0
    SLICE_X54Y166        CARRY8 (Prop_CARRY8_SLICEM_CI_CO[7])
                                                      0.065     7.503 r  u_mc2/PE_LANE[10].u_pe/out_val_reg[12]_i_2__6/CO[7]
                         net (fo=1, routed)           0.030     7.533    u_mc2/PE_LANE[10].u_pe/out_val_reg[12]_i_2__6_n_0
    SLICE_X54Y167        CARRY8 (Prop_CARRY8_SLICEM_CI_CO[7])
                                                      0.065     7.598 r  u_mc2/PE_LANE[10].u_pe/acc_raw_reg[26]_i_5__6/CO[7]
                         net (fo=1, routed)           0.030     7.628    u_mc2/PE_LANE[10].u_pe/acc_raw_reg[26]_i_5__6_n_0
    SLICE_X54Y168        CARRY8 (Prop_CARRY8_SLICEM_CI_O[2])
                                                      0.093     7.721 r  u_mc2/PE_LANE[10].u_pe/acc_raw_reg[39]_i_3__6/O[2]
                         net (fo=4, routed)           0.175     7.896    PE_LANE[10].u_pe/mac_acc_39[34]
    SLICE_X54Y170        LUT2 (Prop_G6LUT_SLICEM_I1_O)
                                                      0.186     8.082 f  out_val[15]_i_130__6/O
                         net (fo=2, routed)           0.098     8.180    u_mc2/PE_LANE[10].u_pe/out_val_reg[15]_i_41__6_2
    SLICE_X55Y170        LUT6 (Prop_H6LUT_SLICEL_I5_O)
                                                      0.137     8.317 f  u_mc2/PE_LANE[10].u_pe/out_val[15]_i_96__6/O
                         net (fo=1, routed)           0.323     8.640    u_mc2/PE_LANE[10].u_pe/out_val[15]_i_96__6_n_0
    SLICE_X54Y169        CARRY8 (Prop_CARRY8_SLICEM_DI[4]_CO[7])
                                                      0.137     8.777 f  u_mc2/PE_LANE[10].u_pe/out_val_reg[15]_i_41__6/CO[7]
                         net (fo=1, routed)           0.030     8.807    u_mc2/PE_LANE[10].u_pe/out_val_reg[15]_i_41__6_n_0
    SLICE_X54Y170        CARRY8 (Prop_CARRY8_SLICEM_CI_CO[4])
                                                      0.128     8.935 f  u_mc2/PE_LANE[10].u_pe/out_val_reg[15]_i_10__6/CO[4]
                         net (fo=2, routed)           0.213     9.148    u_mc2/PE_LANE[10].u_pe/sat1613_in
    SLICE_X54Y170        LUT3 (Prop_F6LUT_SLICEM_I2_O)
                                                      0.056     9.204 r  u_mc2/PE_LANE[10].u_pe/out_val[14]_i_4__6/O
                         net (fo=15, routed)          0.242     9.446    u_mc2/PE_LANE[10].u_pe/out_val[14]_i_4__6_n_0
    SLICE_X53Y166        LUT6 (Prop_B6LUT_SLICEM_I3_O)
                                                      0.225     9.671 r  u_mc2/PE_LANE[10].u_pe/out_val[6]_i_1__6/O
                         net (fo=1, routed)           0.081     9.752    u_mc2/PE_LANE[10].u_pe/out_val[6]_i_1__6_n_0
    SLICE_X53Y166        FDCE                                         r  u_mc2/PE_LANE[10].u_pe/out_val_reg[6]/D
  -------------------------------------------------------------------    -------------------

                         (clock clk rise edge)       10.000    10.000 r  
                                                      0.000    10.000 r  clk (IN)
                         net (fo=10952, unset)        0.030    10.030    u_mc2/PE_LANE[10].u_pe/clk
    SLICE_X53Y166        FDCE                                         r  u_mc2/PE_LANE[10].u_pe/out_val_reg[6]/C
                         clock pessimism              0.000    10.030    
                         clock uncertainty           -0.185     9.845    
    SLICE_X53Y166        FDCE (Setup_BFF_SLICEM_C_D)
                                                      0.043     9.888    u_mc2/PE_LANE[10].u_pe/out_val_reg[6]
  -------------------------------------------------------------------
                         required time                          9.888    
                         arrival time                          -9.752    
  -------------------------------------------------------------------
                         slack                                  0.136    

Slack (MET) :             0.145ns  (required time - arrival time)
  Source:                 u_mc2/HAS_H_GEN.u_hrf/mem_reg_uram_3/CLK
                            (rising edge-triggered cell URAM288 clocked by clk  {rise@0.000ns fall@5.000ns period=10.000ns})
  Destination:            u_mc2/PE_LANE[14].u_pe/out_val_reg[15]/D
                            (rising edge-triggered cell FDCE clocked by clk  {rise@0.000ns fall@5.000ns period=10.000ns})
  Path Group:             clk
  Path Type:              Setup (Max at Slow Process Corner)
  Requirement:            10.000ns  (clk rise@10.000ns - clk rise@0.000ns)
  Data Path Delay:        9.626ns  (logic 6.007ns (62.405%)  route 3.619ns (37.595%))
  Logic Levels:           19  (CARRY8=4 DSP_A_B_DATA=1 DSP_ALU=2 DSP_C_DATA=1 DSP_M_DATA=1 DSP_MULTIPLIER=1 DSP_OUTPUT=2 DSP_PREADD_DATA=1 LUT2=1 LUT4=1 LUT5=2 LUT6=2)
  Clock Path Skew:        -0.088ns (DCD - SCD + CPR)
    Destination Clock Delay (DCD):    0.029ns = ( 10.029 - 10.000 ) 
    Source Clock Delay      (SCD):    0.117ns
    Clock Pessimism Removal (CPR):    0.000ns
  Clock Uncertainty:      0.185ns  ((TSJ^2 + TIJ^2)^1/2 + DJ) / 2 + PE + UU
    Total System Jitter     (TSJ):    0.071ns
    Total Input Jitter      (TIJ):    0.000ns
    Discrete Jitter          (DJ):    0.000ns
    Phase Error              (PE):    0.000ns
    User Uncertainty         (UU):    0.150ns

    Location             Delay type                Incr(ns)  Path(ns)    Netlist Resource(s)
  -------------------------------------------------------------------    -------------------
                         (clock clk rise edge)        0.000     0.000 r  
                                                      0.000     0.000 r  clk (IN)
                         net (fo=10952, unset)        0.117     0.117    u_mc2/HAS_H_GEN.u_hrf/clk
    URAM288_X0Y33        URAM288                                      r  u_mc2/HAS_H_GEN.u_hrf/mem_reg_uram_3/CLK
  -------------------------------------------------------------------    -------------------
    URAM288_X0Y33        URAM288 (Prop_URAM_288K_INST_URAM288_CLK_DOUT_A[15])
                                                      1.665     1.782 f  u_mc2/HAS_H_GEN.u_hrf/mem_reg_uram_3/DOUT_A[15]
                         net (fo=2, routed)           0.879     2.661    u_mc2/HAS_H_GEN.u_hrf_n_431
    SLICE_X49Y140        LUT4 (Prop_F6LUT_SLICEL_I0_O)
                                                      0.056     2.717 f  u_mc2/m1_i_9__13/O
                         net (fo=1, routed)           0.298     3.015    u_mc2/PE_LANE[14].u_pe/m1/B[7]
    DSP48E2_X12Y56       DSP_A_B_DATA (Prop_DSP_A_B_DATA_DSP48E2_B[7]_B2_DATA[7])
                                                      0.216     3.231 r  u_mc2/PE_LANE[14].u_pe/m1/DSP_A_B_DATA_INST/B2_DATA[7]
                         net (fo=1, routed)           0.000     3.231    u_mc2/PE_LANE[14].u_pe/m1/DSP_A_B_DATA.B2_DATA<7>
    DSP48E2_X12Y56       DSP_PREADD_DATA (Prop_DSP_PREADD_DATA_DSP48E2_B2_DATA[7]_B2B1[7])
                                                      0.097     3.328 r  u_mc2/PE_LANE[14].u_pe/m1/DSP_PREADD_DATA_INST/B2B1[7]
                         net (fo=1, routed)           0.000     3.328    u_mc2/PE_LANE[14].u_pe/m1/DSP_PREADD_DATA.B2B1<7>
    DSP48E2_X12Y56       DSP_MULTIPLIER (Prop_DSP_MULTIPLIER_DSP48E2_B2B1[7]_U[17])
                                                      0.773     4.101 f  u_mc2/PE_LANE[14].u_pe/m1/DSP_MULTIPLIER_INST/U[17]
                         net (fo=1, routed)           0.000     4.101    u_mc2/PE_LANE[14].u_pe/m1/DSP_MULTIPLIER.U<17>
    DSP48E2_X12Y56       DSP_M_DATA (Prop_DSP_M_DATA_DSP48E2_U[17]_U_DATA[17])
                                                      0.067     4.168 r  u_mc2/PE_LANE[14].u_pe/m1/DSP_M_DATA_INST/U_DATA[17]
                         net (fo=1, routed)           0.000     4.168    u_mc2/PE_LANE[14].u_pe/m1/DSP_M_DATA.U_DATA<17>
    DSP48E2_X12Y56       DSP_ALU (Prop_DSP_ALU_DSP48E2_U_DATA[17]_ALU_OUT[17])
                                                      0.727     4.895 f  u_mc2/PE_LANE[14].u_pe/m1/DSP_ALU_INST/ALU_OUT[17]
                         net (fo=1, routed)           0.000     4.895    u_mc2/PE_LANE[14].u_pe/m1/DSP_ALU.ALU_OUT<17>
    DSP48E2_X12Y56       DSP_OUTPUT (Prop_DSP_OUTPUT_DSP48E2_ALU_OUT[17]_P[17])
                                                      0.146     5.041 r  u_mc2/PE_LANE[14].u_pe/m1/DSP_OUTPUT_INST/P[17]
                         net (fo=4, routed)           0.544     5.585    u_mc2/PE_LANE[14].u_pe/m12_sum/C[17]
    DSP48E2_X12Y51       DSP_C_DATA (Prop_DSP_C_DATA_DSP48E2_C[17]_C_DATA[17])
                                                      0.135     5.720 r  u_mc2/PE_LANE[14].u_pe/m12_sum/DSP_C_DATA_INST/C_DATA[17]
                         net (fo=2, routed)           0.000     5.720    u_mc2/PE_LANE[14].u_pe/m12_sum/DSP_C_DATA.C_DATA<17>
    DSP48E2_X12Y51       DSP_ALU (Prop_DSP_ALU_DSP48E2_C_DATA[17]_ALU_OUT[18])
                                                      0.786     6.506 f  u_mc2/PE_LANE[14].u_pe/m12_sum/DSP_ALU_INST/ALU_OUT[18]
                         net (fo=1, routed)           0.000     6.506    u_mc2/PE_LANE[14].u_pe/m12_sum/DSP_ALU.ALU_OUT<18>
    DSP48E2_X12Y51       DSP_OUTPUT (Prop_DSP_OUTPUT_DSP48E2_ALU_OUT[18]_P[18])
                                                      0.146     6.652 r  u_mc2/PE_LANE[14].u_pe/m12_sum/DSP_OUTPUT_INST/P[18]
                         net (fo=3, routed)           0.576     7.227    u_mc2/PE_LANE[14].u_pe/m12_sum__0[18]
    SLICE_X56Y140        LUT6 (Prop_C6LUT_SLICEL_I2_O)
                                                      0.136     7.363 r  u_mc2/PE_LANE[14].u_pe/out_val[12]_i_17__10/O
                         net (fo=1, routed)           0.015     7.378    u_mc2/PE_LANE[14].u_pe/out_val[12]_i_17__10_n_0
    SLICE_X56Y140        CARRY8 (Prop_CARRY8_SLICEL_S[2]_CO[7])
                                                      0.219     7.597 r  u_mc2/PE_LANE[14].u_pe/out_val_reg[12]_i_2__10/CO[7]
                         net (fo=1, routed)           0.030     7.627    u_mc2/PE_LANE[14].u_pe/out_val_reg[12]_i_2__10_n_0
    SLICE_X56Y141        CARRY8 (Prop_CARRY8_SLICEL_CI_O[5])
                                                      0.161     7.788 f  u_mc2/PE_LANE[14].u_pe/acc_raw_reg[26]_i_5__10/O[5]
                         net (fo=3, routed)           0.367     8.155    PE_LANE[14].u_pe/mac_acc_35[29]
    SLICE_X60Y141        LUT2 (Prop_E6LUT_SLICEL_I0_O)
                                                      0.083     8.238 r  out_val[15]_i_133__10/O
                         net (fo=2, routed)           0.153     8.391    u_mc2/PE_LANE[14].u_pe/out_val_reg[15]_i_41__10_3
    SLICE_X60Y141        LUT6 (Prop_G6LUT_SLICEL_I2_O)
                                                      0.082     8.473 r  u_mc2/PE_LANE[14].u_pe/out_val[15]_i_98__10/O
                         net (fo=1, routed)           0.234     8.707    u_mc2/PE_LANE[14].u_pe/out_val[15]_i_98__10_n_0
    SLICE_X59Y144        CARRY8 (Prop_CARRY8_SLICEL_DI[2]_CO[7])
                                                      0.158     8.865 r  u_mc2/PE_LANE[14].u_pe/out_val_reg[15]_i_41__10/CO[7]
                         net (fo=1, routed)           0.030     8.895    u_mc2/PE_LANE[14].u_pe/out_val_reg[15]_i_41__10_n_0
    SLICE_X59Y145        CARRY8 (Prop_CARRY8_SLICEL_CI_CO[4])
                                                      0.128     9.023 r  u_mc2/PE_LANE[14].u_pe/out_val_reg[15]_i_10__10/CO[4]
                         net (fo=2, routed)           0.291     9.314    u_mc2/PE_LANE[14].u_pe/sat1613_in
    SLICE_X59Y141        LUT5 (Prop_H5LUT_SLICEL_I4_O)
                                                      0.088     9.402 r  u_mc2/PE_LANE[14].u_pe/out_val[15]_i_4__10/O
                         net (fo=1, routed)           0.136     9.538    u_mc2/PE_LANE[14].u_pe/out_val[15]_i_4__10_n_0
    SLICE_X59Y140        LUT5 (Prop_B6LUT_SLICEL_I2_O)
                                                      0.138     9.676 r  u_mc2/PE_LANE[14].u_pe/out_val[15]_i_1__10/O
                         net (fo=1, routed)           0.067     9.743    u_mc2/PE_LANE[14].u_pe/out_val[15]_i_1__10_n_0
    SLICE_X59Y140        FDCE                                         r  u_mc2/PE_LANE[14].u_pe/out_val_reg[15]/D
  -------------------------------------------------------------------    -------------------

                         (clock clk rise edge)       10.000    10.000 r  
                                                      0.000    10.000 r  clk (IN)
                         net (fo=10952, unset)        0.029    10.029    u_mc2/PE_LANE[14].u_pe/clk
    SLICE_X59Y140        FDCE                                         r  u_mc2/PE_LANE[14].u_pe/out_val_reg[15]/C
                         clock pessimism              0.000    10.029    
                         clock uncertainty           -0.185     9.844    
    SLICE_X59Y140        FDCE (Setup_BFF_SLICEL_C_D)
                                                      0.044     9.888    u_mc2/PE_LANE[14].u_pe/out_val_reg[15]
  -------------------------------------------------------------------
                         required time                          9.888    
                         arrival time                          -9.743    
  -------------------------------------------------------------------
                         slack                                  0.145    

Slack (MET) :             0.148ns  (required time - arrival time)
  Source:                 u_mc2/HAS_H_GEN.u_hrf/mem_reg_uram_2/CLK
                            (rising edge-triggered cell URAM288 clocked by clk  {rise@0.000ns fall@5.000ns period=10.000ns})
  Destination:            u_mc2/PE_LANE[10].u_pe/out_val_reg[8]/D
                            (rising edge-triggered cell FDCE clocked by clk  {rise@0.000ns fall@5.000ns period=10.000ns})
  Path Group:             clk
  Path Type:              Setup (Max at Slow Process Corner)
  Requirement:            10.000ns  (clk rise@10.000ns - clk rise@0.000ns)
  Data Path Delay:        9.624ns  (logic 6.278ns (65.232%)  route 3.346ns (34.768%))
  Logic Levels:           21  (CARRY8=6 DSP_A_B_DATA=1 DSP_ALU=2 DSP_C_DATA=1 DSP_M_DATA=1 DSP_MULTIPLIER=1 DSP_OUTPUT=2 DSP_PREADD_DATA=1 LUT2=1 LUT3=1 LUT4=1 LUT6=3)
  Clock Path Skew:        -0.087ns (DCD - SCD + CPR)
    Destination Clock Delay (DCD):    0.030ns = ( 10.030 - 10.000 ) 
    Source Clock Delay      (SCD):    0.117ns
    Clock Pessimism Removal (CPR):    0.000ns
  Clock Uncertainty:      0.185ns  ((TSJ^2 + TIJ^2)^1/2 + DJ) / 2 + PE + UU
    Total System Jitter     (TSJ):    0.071ns
    Total Input Jitter      (TIJ):    0.000ns
    Discrete Jitter          (DJ):    0.000ns
    Phase Error              (PE):    0.000ns
    User Uncertainty         (UU):    0.150ns

    Location             Delay type                Incr(ns)  Path(ns)    Netlist Resource(s)
  -------------------------------------------------------------------    -------------------
                         (clock clk rise edge)        0.000     0.000 r  
                                                      0.000     0.000 r  clk (IN)
                         net (fo=10952, unset)        0.117     0.117    u_mc2/HAS_H_GEN.u_hrf/clk
    URAM288_X0Y40        URAM288                                      r  u_mc2/HAS_H_GEN.u_hrf/mem_reg_uram_2/CLK
  -------------------------------------------------------------------    -------------------
    URAM288_X0Y40        URAM288 (Prop_URAM_288K_INST_URAM288_CLK_DOUT_A[22])
                                                      1.644     1.761 f  u_mc2/HAS_H_GEN.u_hrf/mem_reg_uram_2/DOUT_A[22]
                         net (fo=2, routed)           0.915     2.676    u_mc2/HAS_H_GEN.u_hrf_n_315
    SLICE_X51Y151        LUT4 (Prop_G6LUT_SLICEL_I0_O)
                                                      0.082     2.758 f  u_mc2/m1_i_10__9/O
                         net (fo=1, routed)           0.256     3.014    u_mc2/PE_LANE[10].u_pe/m1/B[6]
    DSP48E2_X12Y60       DSP_A_B_DATA (Prop_DSP_A_B_DATA_DSP48E2_B[6]_B2_DATA[6])
                                                      0.216     3.230 r  u_mc2/PE_LANE[10].u_pe/m1/DSP_A_B_DATA_INST/B2_DATA[6]
                         net (fo=1, routed)           0.000     3.230    u_mc2/PE_LANE[10].u_pe/m1/DSP_A_B_DATA.B2_DATA<6>
    DSP48E2_X12Y60       DSP_PREADD_DATA (Prop_DSP_PREADD_DATA_DSP48E2_B2_DATA[6]_B2B1[6])
                                                      0.097     3.327 r  u_mc2/PE_LANE[10].u_pe/m1/DSP_PREADD_DATA_INST/B2B1[6]
                         net (fo=1, routed)           0.000     3.327    u_mc2/PE_LANE[10].u_pe/m1/DSP_PREADD_DATA.B2B1<6>
    DSP48E2_X12Y60       DSP_MULTIPLIER (Prop_DSP_MULTIPLIER_DSP48E2_B2B1[6]_U[9])
                                                      0.773     4.100 f  u_mc2/PE_LANE[10].u_pe/m1/DSP_MULTIPLIER_INST/U[9]
                         net (fo=1, routed)           0.000     4.100    u_mc2/PE_LANE[10].u_pe/m1/DSP_MULTIPLIER.U<9>
    DSP48E2_X12Y60       DSP_M_DATA (Prop_DSP_M_DATA_DSP48E2_U[9]_U_DATA[9])
                                                      0.067     4.167 r  u_mc2/PE_LANE[10].u_pe/m1/DSP_M_DATA_INST/U_DATA[9]
                         net (fo=1, routed)           0.000     4.167    u_mc2/PE_LANE[10].u_pe/m1/DSP_M_DATA.U_DATA<9>
    DSP48E2_X12Y60       DSP_ALU (Prop_DSP_ALU_DSP48E2_U_DATA[9]_ALU_OUT[9])
                                                      0.727     4.894 f  u_mc2/PE_LANE[10].u_pe/m1/DSP_ALU_INST/ALU_OUT[9]
                         net (fo=1, routed)           0.000     4.894    u_mc2/PE_LANE[10].u_pe/m1/DSP_ALU.ALU_OUT<9>
    DSP48E2_X12Y60       DSP_OUTPUT (Prop_DSP_OUTPUT_DSP48E2_ALU_OUT[9]_P[9])
                                                      0.146     5.040 r  u_mc2/PE_LANE[10].u_pe/m1/DSP_OUTPUT_INST/P[9]
                         net (fo=3, routed)           0.550     5.590    u_mc2/PE_LANE[10].u_pe/m12_sum/C[9]
    DSP48E2_X12Y64       DSP_C_DATA (Prop_DSP_C_DATA_DSP48E2_C[9]_C_DATA[9])
                                                      0.135     5.725 r  u_mc2/PE_LANE[10].u_pe/m12_sum/DSP_C_DATA_INST/C_DATA[9]
                         net (fo=2, routed)           0.000     5.725    u_mc2/PE_LANE[10].u_pe/m12_sum/DSP_C_DATA.C_DATA<9>
    DSP48E2_X12Y64       DSP_ALU (Prop_DSP_ALU_DSP48E2_C_DATA[9]_ALU_OUT[11])
                                                      0.786     6.511 f  u_mc2/PE_LANE[10].u_pe/m12_sum/DSP_ALU_INST/ALU_OUT[11]
                         net (fo=1, routed)           0.000     6.511    u_mc2/PE_LANE[10].u_pe/m12_sum/DSP_ALU.ALU_OUT<11>
    DSP48E2_X12Y64       DSP_OUTPUT (Prop_DSP_OUTPUT_DSP48E2_ALU_OUT[11]_P[11])
                                                      0.146     6.657 r  u_mc2/PE_LANE[10].u_pe/m12_sum/DSP_OUTPUT_INST/P[11]
                         net (fo=3, routed)           0.354     7.010    u_mc2/PE_LANE[10].u_pe/m12_sum__0[11]
    SLICE_X54Y165        LUT6 (Prop_D6LUT_SLICEM_I2_O)
                                                      0.134     7.144 r  u_mc2/PE_LANE[10].u_pe/acc_raw[15]_i_16__6/O
                         net (fo=1, routed)           0.032     7.176    u_mc2/PE_LANE[10].u_pe/acc_raw[15]_i_16__6_n_0
    SLICE_X54Y165        CARRY8 (Prop_CARRY8_SLICEM_S[3]_CO[7])
                                                      0.232     7.408 r  u_mc2/PE_LANE[10].u_pe/acc_raw_reg[15]_i_3__6/CO[7]
                         net (fo=1, routed)           0.030     7.438    u_mc2/PE_LANE[10].u_pe/acc_raw_reg[15]_i_3__6_n_0
    SLICE_X54Y166        CARRY8 (Prop_CARRY8_SLICEM_CI_CO[7])
                                                      0.065     7.503 r  u_mc2/PE_LANE[10].u_pe/out_val_reg[12]_i_2__6/CO[7]
                         net (fo=1, routed)           0.030     7.533    u_mc2/PE_LANE[10].u_pe/out_val_reg[12]_i_2__6_n_0
    SLICE_X54Y167        CARRY8 (Prop_CARRY8_SLICEM_CI_CO[7])
                                                      0.065     7.598 r  u_mc2/PE_LANE[10].u_pe/acc_raw_reg[26]_i_5__6/CO[7]
                         net (fo=1, routed)           0.030     7.628    u_mc2/PE_LANE[10].u_pe/acc_raw_reg[26]_i_5__6_n_0
    SLICE_X54Y168        CARRY8 (Prop_CARRY8_SLICEM_CI_O[2])
                                                      0.093     7.721 r  u_mc2/PE_LANE[10].u_pe/acc_raw_reg[39]_i_3__6/O[2]
                         net (fo=4, routed)           0.175     7.896    PE_LANE[10].u_pe/mac_acc_39[34]
    SLICE_X54Y170        LUT2 (Prop_G6LUT_SLICEM_I1_O)
                                                      0.186     8.082 f  out_val[15]_i_130__6/O
                         net (fo=2, routed)           0.098     8.180    u_mc2/PE_LANE[10].u_pe/out_val_reg[15]_i_41__6_2
    SLICE_X55Y170        LUT6 (Prop_H6LUT_SLICEL_I5_O)
                                                      0.137     8.317 f  u_mc2/PE_LANE[10].u_pe/out_val[15]_i_96__6/O
                         net (fo=1, routed)           0.323     8.640    u_mc2/PE_LANE[10].u_pe/out_val[15]_i_96__6_n_0
    SLICE_X54Y169        CARRY8 (Prop_CARRY8_SLICEM_DI[4]_CO[7])
                                                      0.137     8.777 f  u_mc2/PE_LANE[10].u_pe/out_val_reg[15]_i_41__6/CO[7]
                         net (fo=1, routed)           0.030     8.807    u_mc2/PE_LANE[10].u_pe/out_val_reg[15]_i_41__6_n_0
    SLICE_X54Y170        CARRY8 (Prop_CARRY8_SLICEM_CI_CO[4])
                                                      0.128     8.935 f  u_mc2/PE_LANE[10].u_pe/out_val_reg[15]_i_10__6/CO[4]
                         net (fo=2, routed)           0.213     9.148    u_mc2/PE_LANE[10].u_pe/sat1613_in
    SLICE_X54Y170        LUT3 (Prop_F6LUT_SLICEM_I2_O)
                                                      0.056     9.204 r  u_mc2/PE_LANE[10].u_pe/out_val[14]_i_4__6/O
                         net (fo=15, routed)          0.238     9.442    u_mc2/PE_LANE[10].u_pe/out_val[14]_i_4__6_n_0
    SLICE_X53Y166        LUT6 (Prop_A6LUT_SLICEM_I3_O)
                                                      0.226     9.668 r  u_mc2/PE_LANE[10].u_pe/out_val[8]_i_1__6/O
                         net (fo=1, routed)           0.073     9.741    u_mc2/PE_LANE[10].u_pe/out_val[8]_i_1__6_n_0
    SLICE_X53Y166        FDCE                                         r  u_mc2/PE_LANE[10].u_pe/out_val_reg[8]/D
  -------------------------------------------------------------------    -------------------

                         (clock clk rise edge)       10.000    10.000 r  
                                                      0.000    10.000 r  clk (IN)
                         net (fo=10952, unset)        0.030    10.030    u_mc2/PE_LANE[10].u_pe/clk
    SLICE_X53Y166        FDCE                                         r  u_mc2/PE_LANE[10].u_pe/out_val_reg[8]/C
                         clock pessimism              0.000    10.030    
                         clock uncertainty           -0.185     9.845    
    SLICE_X53Y166        FDCE (Setup_AFF_SLICEM_C_D)
                                                      0.044     9.889    u_mc2/PE_LANE[10].u_pe/out_val_reg[8]
  -------------------------------------------------------------------
                         required time                          9.889    
                         arrival time                          -9.741    
  -------------------------------------------------------------------
                         slack                                  0.148    

Slack (MET) :             0.161ns  (required time - arrival time)
  Source:                 u_mc2/HAS_H_GEN.u_hrf/mem_reg_uram_1/CLK
                            (rising edge-triggered cell URAM288 clocked by clk  {rise@0.000ns fall@5.000ns period=10.000ns})
  Destination:            u_mc2/PE_LANE[5].u_pe/out_val_reg[4]/D
                            (rising edge-triggered cell FDCE clocked by clk  {rise@0.000ns fall@5.000ns period=10.000ns})
  Path Group:             clk
  Path Type:              Setup (Max at Slow Process Corner)
  Requirement:            10.000ns  (clk rise@10.000ns - clk rise@0.000ns)
  Data Path Delay:        9.611ns  (logic 6.090ns (63.368%)  route 3.521ns (36.632%))
  Logic Levels:           20  (CARRY8=5 DSP_A_B_DATA=1 DSP_ALU=2 DSP_C_DATA=1 DSP_M_DATA=1 DSP_MULTIPLIER=1 DSP_OUTPUT=2 DSP_PREADD_DATA=1 LUT4=1 LUT5=1 LUT6=4)
  Clock Path Skew:        -0.086ns (DCD - SCD + CPR)
    Destination Clock Delay (DCD):    0.031ns = ( 10.031 - 10.000 ) 
    Source Clock Delay      (SCD):    0.117ns
    Clock Pessimism Removal (CPR):    0.000ns
  Clock Uncertainty:      0.185ns  ((TSJ^2 + TIJ^2)^1/2 + DJ) / 2 + PE + UU
    Total System Jitter     (TSJ):    0.071ns
    Total Input Jitter      (TIJ):    0.000ns
    Discrete Jitter          (DJ):    0.000ns
    Phase Error              (PE):    0.000ns
    User Uncertainty         (UU):    0.150ns

    Location             Delay type                Incr(ns)  Path(ns)    Netlist Resource(s)
  -------------------------------------------------------------------    -------------------
                         (clock clk rise edge)        0.000     0.000 r  
                                                      0.000     0.000 r  clk (IN)
                         net (fo=10952, unset)        0.117     0.117    u_mc2/HAS_H_GEN.u_hrf/clk
    URAM288_X0Y32        URAM288                                      r  u_mc2/HAS_H_GEN.u_hrf/mem_reg_uram_1/CLK
  -------------------------------------------------------------------    -------------------
    URAM288_X0Y32        URAM288 (Prop_URAM_288K_INST_URAM288_CLK_DOUT_A[8])
                                                      1.667     1.784 f  u_mc2/HAS_H_GEN.u_hrf/mem_reg_uram_1/DOUT_A[8]
                         net (fo=2, routed)           0.667     2.451    u_mc2/HAS_H_GEN.u_hrf_n_171
    SLICE_X27Y129        LUT4 (Prop_A6LUT_SLICEL_I0_O)
                                                      0.058     2.509 f  u_mc2/m1_i_16__4/O
                         net (fo=1, routed)           0.730     3.239    u_mc2/PE_LANE[5].u_pe/m1/B[0]
    DSP48E2_X5Y52        DSP_A_B_DATA (Prop_DSP_A_B_DATA_DSP48E2_B[0]_B2_DATA[0])
                                                      0.216     3.455 r  u_mc2/PE_LANE[5].u_pe/m1/DSP_A_B_DATA_INST/B2_DATA[0]
                         net (fo=1, routed)           0.000     3.455    u_mc2/PE_LANE[5].u_pe/m1/DSP_A_B_DATA.B2_DATA<0>
    DSP48E2_X5Y52        DSP_PREADD_DATA (Prop_DSP_PREADD_DATA_DSP48E2_B2_DATA[0]_B2B1[0])
                                                      0.097     3.552 r  u_mc2/PE_LANE[5].u_pe/m1/DSP_PREADD_DATA_INST/B2B1[0]
                         net (fo=1, routed)           0.000     3.552    u_mc2/PE_LANE[5].u_pe/m1/DSP_PREADD_DATA.B2B1<0>
    DSP48E2_X5Y52        DSP_MULTIPLIER (Prop_DSP_MULTIPLIER_DSP48E2_B2B1[0]_U[3])
                                                      0.773     4.325 f  u_mc2/PE_LANE[5].u_pe/m1/DSP_MULTIPLIER_INST/U[3]
                         net (fo=1, routed)           0.000     4.325    u_mc2/PE_LANE[5].u_pe/m1/DSP_MULTIPLIER.U<3>
    DSP48E2_X5Y52        DSP_M_DATA (Prop_DSP_M_DATA_DSP48E2_U[3]_U_DATA[3])
                                                      0.067     4.392 r  u_mc2/PE_LANE[5].u_pe/m1/DSP_M_DATA_INST/U_DATA[3]
                         net (fo=1, routed)           0.000     4.392    u_mc2/PE_LANE[5].u_pe/m1/DSP_M_DATA.U_DATA<3>
    DSP48E2_X5Y52        DSP_ALU (Prop_DSP_ALU_DSP48E2_U_DATA[3]_ALU_OUT[3])
                                                      0.727     5.119 f  u_mc2/PE_LANE[5].u_pe/m1/DSP_ALU_INST/ALU_OUT[3]
                         net (fo=1, routed)           0.000     5.119    u_mc2/PE_LANE[5].u_pe/m1/DSP_ALU.ALU_OUT<3>
    DSP48E2_X5Y52        DSP_OUTPUT (Prop_DSP_OUTPUT_DSP48E2_ALU_OUT[3]_P[3])
                                                      0.146     5.265 r  u_mc2/PE_LANE[5].u_pe/m1/DSP_OUTPUT_INST/P[3]
                         net (fo=3, routed)           0.249     5.514    u_mc2/PE_LANE[5].u_pe/m12_sum/C[3]
    DSP48E2_X5Y53        DSP_C_DATA (Prop_DSP_C_DATA_DSP48E2_C[3]_C_DATA[3])
                                                      0.135     5.649 r  u_mc2/PE_LANE[5].u_pe/m12_sum/DSP_C_DATA_INST/C_DATA[3]
                         net (fo=2, routed)           0.000     5.649    u_mc2/PE_LANE[5].u_pe/m12_sum/DSP_C_DATA.C_DATA<3>
    DSP48E2_X5Y53        DSP_ALU (Prop_DSP_ALU_DSP48E2_C_DATA[3]_ALU_OUT[11])
                                                      0.786     6.435 f  u_mc2/PE_LANE[5].u_pe/m12_sum/DSP_ALU_INST/ALU_OUT[11]
                         net (fo=1, routed)           0.000     6.435    u_mc2/PE_LANE[5].u_pe/m12_sum/DSP_ALU.ALU_OUT<11>
    DSP48E2_X5Y53        DSP_OUTPUT (Prop_DSP_OUTPUT_DSP48E2_ALU_OUT[11]_P[11])
                                                      0.146     6.581 r  u_mc2/PE_LANE[5].u_pe/m12_sum/DSP_OUTPUT_INST/P[11]
                         net (fo=3, routed)           0.434     7.014    u_mc2/PE_LANE[5].u_pe/m12_sum__0[11]
    SLICE_X19Y129        LUT6 (Prop_D6LUT_SLICEL_I2_O)
                                                      0.081     7.095 r  u_mc2/PE_LANE[5].u_pe/acc_raw[15]_i_16__1/O
                         net (fo=1, routed)           0.013     7.108    u_mc2/PE_LANE[5].u_pe/acc_raw[15]_i_16__1_n_0
    SLICE_X19Y129        CARRY8 (Prop_CARRY8_SLICEL_S[3]_CO[7])
                                                      0.220     7.328 r  u_mc2/PE_LANE[5].u_pe/acc_raw_reg[15]_i_3__1/CO[7]
                         net (fo=1, routed)           0.030     7.358    u_mc2/PE_LANE[5].u_pe/acc_raw_reg[15]_i_3__1_n_0
    SLICE_X19Y130        CARRY8 (Prop_CARRY8_SLICEL_CI_CO[7])
                                                      0.065     7.423 r  u_mc2/PE_LANE[5].u_pe/out_val_reg[12]_i_2__1/CO[7]
                         net (fo=1, routed)           0.030     7.453    u_mc2/PE_LANE[5].u_pe/out_val_reg[12]_i_2__1_n_0
    SLICE_X19Y131        CARRY8 (Prop_CARRY8_SLICEL_CI_O[5])
                                                      0.161     7.614 r  u_mc2/PE_LANE[5].u_pe/acc_raw_reg[26]_i_5__1/O[5]
                         net (fo=3, routed)           0.215     7.829    u_mc2/PE_LANE[5].u_pe/acc_raw_reg[31]_0[2]
    SLICE_X20Y131        LUT5 (Prop_D5LUT_SLICEM_I0_O)
                                                      0.091     7.920 r  u_mc2/PE_LANE[5].u_pe/acc_raw[29]_i_2__1/O
                         net (fo=2, routed)           0.327     8.247    u_mc2/PE_LANE[5].u_pe/acc_raw[29]_i_2__1_n_0
    SLICE_X19Y134        LUT6 (Prop_F6LUT_SLICEL_I5_O)
                                                      0.081     8.328 r  u_mc2/PE_LANE[5].u_pe/out_val[15]_i_83__1/O
                         net (fo=1, routed)           0.279     8.607    u_mc2/PE_LANE[5].u_pe/out_val[15]_i_83__1_n_0
    SLICE_X20Y134        CARRY8 (Prop_CARRY8_SLICEM_DI[2]_CO[7])
                                                      0.164     8.771 r  u_mc2/PE_LANE[5].u_pe/out_val_reg[15]_i_35__1/CO[7]
                         net (fo=1, routed)           0.030     8.801    u_mc2/PE_LANE[5].u_pe/out_val_reg[15]_i_35__1_n_0
    SLICE_X20Y135        CARRY8 (Prop_CARRY8_SLICEM_CI_CO[4])
                                                      0.128     8.929 r  u_mc2/PE_LANE[5].u_pe/out_val_reg[15]_i_9__1/CO[4]
                         net (fo=2, routed)           0.203     9.132    u_mc2/PE_LANE[5].u_pe/sat1615_in
    SLICE_X20Y132        LUT6 (Prop_E6LUT_SLICEM_I3_O)
                                                      0.057     9.189 r  u_mc2/PE_LANE[5].u_pe/out_val[14]_i_2__1/O
                         net (fo=15, routed)          0.219     9.409    u_mc2/PE_LANE[5].u_pe/out_val[14]_i_2__1_n_0
    SLICE_X21Y134        LUT6 (Prop_F6LUT_SLICEM_I0_O)
                                                      0.224     9.633 r  u_mc2/PE_LANE[5].u_pe/out_val[4]_i_1__1/O
                         net (fo=1, routed)           0.095     9.728    u_mc2/PE_LANE[5].u_pe/out_val[4]_i_1__1_n_0
    SLICE_X21Y134        FDCE                                         r  u_mc2/PE_LANE[5].u_pe/out_val_reg[4]/D
  -------------------------------------------------------------------    -------------------

                         (clock clk rise edge)       10.000    10.000 r  
                                                      0.000    10.000 r  clk (IN)
                         net (fo=10952, unset)        0.031    10.031    u_mc2/PE_LANE[5].u_pe/clk
    SLICE_X21Y134        FDCE                                         r  u_mc2/PE_LANE[5].u_pe/out_val_reg[4]/C
                         clock pessimism              0.000    10.031    
                         clock uncertainty           -0.185     9.846    
    SLICE_X21Y134        FDCE (Setup_FFF_SLICEM_C_D)
                                                      0.043     9.889    u_mc2/PE_LANE[5].u_pe/out_val_reg[4]
  -------------------------------------------------------------------
                         required time                          9.889    
                         arrival time                          -9.728    
  -------------------------------------------------------------------
                         slack                                  0.161    

Slack (MET) :             0.166ns  (required time - arrival time)
  Source:                 u_mc2/HAS_H_GEN.u_hrf/mem_reg_uram_3/CLK
                            (rising edge-triggered cell URAM288 clocked by clk  {rise@0.000ns fall@5.000ns period=10.000ns})
  Destination:            u_mc2/PE_LANE[14].u_pe/out_val_reg[1]/D
                            (rising edge-triggered cell FDCE clocked by clk  {rise@0.000ns fall@5.000ns period=10.000ns})
  Path Group:             clk
  Path Type:              Setup (Max at Slow Process Corner)
  Requirement:            10.000ns  (clk rise@10.000ns - clk rise@0.000ns)
  Data Path Delay:        9.605ns  (logic 5.976ns (62.219%)  route 3.629ns (37.781%))
  Logic Levels:           19  (CARRY8=4 DSP_A_B_DATA=1 DSP_ALU=2 DSP_C_DATA=1 DSP_M_DATA=1 DSP_MULTIPLIER=1 DSP_OUTPUT=2 DSP_PREADD_DATA=1 LUT2=1 LUT3=1 LUT4=1 LUT6=3)
  Clock Path Skew:        -0.088ns (DCD - SCD + CPR)
    Destination Clock Delay (DCD):    0.029ns = ( 10.029 - 10.000 ) 
    Source Clock Delay      (SCD):    0.117ns
    Clock Pessimism Removal (CPR):    0.000ns
  Clock Uncertainty:      0.185ns  ((TSJ^2 + TIJ^2)^1/2 + DJ) / 2 + PE + UU
    Total System Jitter     (TSJ):    0.071ns
    Total Input Jitter      (TIJ):    0.000ns
    Discrete Jitter          (DJ):    0.000ns
    Phase Error              (PE):    0.000ns
    User Uncertainty         (UU):    0.150ns

    Location             Delay type                Incr(ns)  Path(ns)    Netlist Resource(s)
  -------------------------------------------------------------------    -------------------
                         (clock clk rise edge)        0.000     0.000 r  
                                                      0.000     0.000 r  clk (IN)
                         net (fo=10952, unset)        0.117     0.117    u_mc2/HAS_H_GEN.u_hrf/clk
    URAM288_X0Y33        URAM288                                      r  u_mc2/HAS_H_GEN.u_hrf/mem_reg_uram_3/CLK
  -------------------------------------------------------------------    -------------------
    URAM288_X0Y33        URAM288 (Prop_URAM_288K_INST_URAM288_CLK_DOUT_A[15])
                                                      1.665     1.782 f  u_mc2/HAS_H_GEN.u_hrf/mem_reg_uram_3/DOUT_A[15]
                         net (fo=2, routed)           0.879     2.661    u_mc2/HAS_H_GEN.u_hrf_n_431
    SLICE_X49Y140        LUT4 (Prop_F6LUT_SLICEL_I0_O)
                                                      0.056     2.717 f  u_mc2/m1_i_9__13/O
                         net (fo=1, routed)           0.298     3.015    u_mc2/PE_LANE[14].u_pe/m1/B[7]
    DSP48E2_X12Y56       DSP_A_B_DATA (Prop_DSP_A_B_DATA_DSP48E2_B[7]_B2_DATA[7])
                                                      0.216     3.231 r  u_mc2/PE_LANE[14].u_pe/m1/DSP_A_B_DATA_INST/B2_DATA[7]
                         net (fo=1, routed)           0.000     3.231    u_mc2/PE_LANE[14].u_pe/m1/DSP_A_B_DATA.B2_DATA<7>
    DSP48E2_X12Y56       DSP_PREADD_DATA (Prop_DSP_PREADD_DATA_DSP48E2_B2_DATA[7]_B2B1[7])
                                                      0.097     3.328 r  u_mc2/PE_LANE[14].u_pe/m1/DSP_PREADD_DATA_INST/B2B1[7]
                         net (fo=1, routed)           0.000     3.328    u_mc2/PE_LANE[14].u_pe/m1/DSP_PREADD_DATA.B2B1<7>
    DSP48E2_X12Y56       DSP_MULTIPLIER (Prop_DSP_MULTIPLIER_DSP48E2_B2B1[7]_U[17])
                                                      0.773     4.101 f  u_mc2/PE_LANE[14].u_pe/m1/DSP_MULTIPLIER_INST/U[17]
                         net (fo=1, routed)           0.000     4.101    u_mc2/PE_LANE[14].u_pe/m1/DSP_MULTIPLIER.U<17>
    DSP48E2_X12Y56       DSP_M_DATA (Prop_DSP_M_DATA_DSP48E2_U[17]_U_DATA[17])
                                                      0.067     4.168 r  u_mc2/PE_LANE[14].u_pe/m1/DSP_M_DATA_INST/U_DATA[17]
                         net (fo=1, routed)           0.000     4.168    u_mc2/PE_LANE[14].u_pe/m1/DSP_M_DATA.U_DATA<17>
    DSP48E2_X12Y56       DSP_ALU (Prop_DSP_ALU_DSP48E2_U_DATA[17]_ALU_OUT[17])
                                                      0.727     4.895 f  u_mc2/PE_LANE[14].u_pe/m1/DSP_ALU_INST/ALU_OUT[17]
                         net (fo=1, routed)           0.000     4.895    u_mc2/PE_LANE[14].u_pe/m1/DSP_ALU.ALU_OUT<17>
    DSP48E2_X12Y56       DSP_OUTPUT (Prop_DSP_OUTPUT_DSP48E2_ALU_OUT[17]_P[17])
                                                      0.146     5.041 r  u_mc2/PE_LANE[14].u_pe/m1/DSP_OUTPUT_INST/P[17]
                         net (fo=4, routed)           0.544     5.585    u_mc2/PE_LANE[14].u_pe/m12_sum/C[17]
    DSP48E2_X12Y51       DSP_C_DATA (Prop_DSP_C_DATA_DSP48E2_C[17]_C_DATA[17])
                                                      0.135     5.720 r  u_mc2/PE_LANE[14].u_pe/m12_sum/DSP_C_DATA_INST/C_DATA[17]
                         net (fo=2, routed)           0.000     5.720    u_mc2/PE_LANE[14].u_pe/m12_sum/DSP_C_DATA.C_DATA<17>
    DSP48E2_X12Y51       DSP_ALU (Prop_DSP_ALU_DSP48E2_C_DATA[17]_ALU_OUT[18])
                                                      0.786     6.506 f  u_mc2/PE_LANE[14].u_pe/m12_sum/DSP_ALU_INST/ALU_OUT[18]
                         net (fo=1, routed)           0.000     6.506    u_mc2/PE_LANE[14].u_pe/m12_sum/DSP_ALU.ALU_OUT<18>
    DSP48E2_X12Y51       DSP_OUTPUT (Prop_DSP_OUTPUT_DSP48E2_ALU_OUT[18]_P[18])
                                                      0.146     6.652 r  u_mc2/PE_LANE[14].u_pe/m12_sum/DSP_OUTPUT_INST/P[18]
                         net (fo=3, routed)           0.576     7.227    u_mc2/PE_LANE[14].u_pe/m12_sum__0[18]
    SLICE_X56Y140        LUT6 (Prop_C6LUT_SLICEL_I2_O)
                                                      0.136     7.363 r  u_mc2/PE_LANE[14].u_pe/out_val[12]_i_17__10/O
                         net (fo=1, routed)           0.015     7.378    u_mc2/PE_LANE[14].u_pe/out_val[12]_i_17__10_n_0
    SLICE_X56Y140        CARRY8 (Prop_CARRY8_SLICEL_S[2]_CO[7])
                                                      0.219     7.597 r  u_mc2/PE_LANE[14].u_pe/out_val_reg[12]_i_2__10/CO[7]
                         net (fo=1, routed)           0.030     7.627    u_mc2/PE_LANE[14].u_pe/out_val_reg[12]_i_2__10_n_0
    SLICE_X56Y141        CARRY8 (Prop_CARRY8_SLICEL_CI_O[5])
                                                      0.161     7.788 r  u_mc2/PE_LANE[14].u_pe/acc_raw_reg[26]_i_5__10/O[5]
                         net (fo=3, routed)           0.367     8.155    PE_LANE[14].u_pe/mac_acc_35[29]
    SLICE_X60Y141        LUT2 (Prop_E6LUT_SLICEL_I0_O)
                                                      0.083     8.238 f  out_val[15]_i_133__10/O
                         net (fo=2, routed)           0.153     8.391    u_mc2/PE_LANE[14].u_pe/out_val_reg[15]_i_41__10_3
    SLICE_X60Y141        LUT6 (Prop_G6LUT_SLICEL_I2_O)
                                                      0.082     8.473 f  u_mc2/PE_LANE[14].u_pe/out_val[15]_i_98__10/O
                         net (fo=1, routed)           0.234     8.707    u_mc2/PE_LANE[14].u_pe/out_val[15]_i_98__10_n_0
    SLICE_X59Y144        CARRY8 (Prop_CARRY8_SLICEL_DI[2]_CO[7])
                                                      0.158     8.865 f  u_mc2/PE_LANE[14].u_pe/out_val_reg[15]_i_41__10/CO[7]
                         net (fo=1, routed)           0.030     8.895    u_mc2/PE_LANE[14].u_pe/out_val_reg[15]_i_41__10_n_0
    SLICE_X59Y145        CARRY8 (Prop_CARRY8_SLICEL_CI_CO[4])
                                                      0.128     9.023 f  u_mc2/PE_LANE[14].u_pe/out_val_reg[15]_i_10__10/CO[4]
                         net (fo=2, routed)           0.232     9.255    u_mc2/PE_LANE[14].u_pe/sat1613_in
    SLICE_X57Y141        LUT3 (Prop_E6LUT_SLICEL_I2_O)
                                                      0.057     9.312 r  u_mc2/PE_LANE[14].u_pe/out_val[14]_i_4__10/O
                         net (fo=15, routed)          0.205     9.517    u_mc2/PE_LANE[14].u_pe/out_val[14]_i_4__10_n_0
    SLICE_X59Y139        LUT6 (Prop_B6LUT_SLICEL_I3_O)
                                                      0.138     9.655 r  u_mc2/PE_LANE[14].u_pe/out_val[1]_i_1__10/O
                         net (fo=1, routed)           0.067     9.722    u_mc2/PE_LANE[14].u_pe/out_val[1]_i_1__10_n_0
    SLICE_X59Y139        FDCE                                         r  u_mc2/PE_LANE[14].u_pe/out_val_reg[1]/D
  -------------------------------------------------------------------    -------------------

                         (clock clk rise edge)       10.000    10.000 r  
                                                      0.000    10.000 r  clk (IN)
                         net (fo=10952, unset)        0.029    10.029    u_mc2/PE_LANE[14].u_pe/clk
    SLICE_X59Y139        FDCE                                         r  u_mc2/PE_LANE[14].u_pe/out_val_reg[1]/C
                         clock pessimism              0.000    10.029    
                         clock uncertainty           -0.185     9.844    
    SLICE_X59Y139        FDCE (Setup_BFF_SLICEL_C_D)
                                                      0.044     9.888    u_mc2/PE_LANE[14].u_pe/out_val_reg[1]
  -------------------------------------------------------------------
                         required time                          9.888    
                         arrival time                          -9.722    
  -------------------------------------------------------------------
                         slack                                  0.166    

Slack (MET) :             0.171ns  (required time - arrival time)
  Source:                 u_mc/HAS_H_GEN.u_hrf/mem_reg_uram_1/CLK
                            (rising edge-triggered cell URAM288 clocked by clk  {rise@0.000ns fall@5.000ns period=10.000ns})
  Destination:            u_mc/PE_LANE[5].u_pe/out_val_reg[4]/D
                            (rising edge-triggered cell FDCE clocked by clk  {rise@0.000ns fall@5.000ns period=10.000ns})
  Path Group:             clk
  Path Type:              Setup (Max at Slow Process Corner)
  Requirement:            10.000ns  (clk rise@10.000ns - clk rise@0.000ns)
  Data Path Delay:        9.601ns  (logic 6.089ns (63.420%)  route 3.512ns (36.580%))
  Logic Levels:           21  (CARRY8=6 DSP_A_B_DATA=1 DSP_ALU=2 DSP_C_DATA=1 DSP_M_DATA=1 DSP_MULTIPLIER=1 DSP_OUTPUT=2 DSP_PREADD_DATA=1 LUT2=1 LUT3=1 LUT5=1 LUT6=3)
  Clock Path Skew:        -0.086ns (DCD - SCD + CPR)
    Destination Clock Delay (DCD):    0.031ns = ( 10.031 - 10.000 ) 
    Source Clock Delay      (SCD):    0.117ns
    Clock Pessimism Removal (CPR):    0.000ns
  Clock Uncertainty:      0.185ns  ((TSJ^2 + TIJ^2)^1/2 + DJ) / 2 + PE + UU
    Total System Jitter     (TSJ):    0.071ns
    Total Input Jitter      (TIJ):    0.000ns
    Discrete Jitter          (DJ):    0.000ns
    Phase Error              (PE):    0.000ns
    User Uncertainty         (UU):    0.150ns

    Location             Delay type                Incr(ns)  Path(ns)    Netlist Resource(s)
  -------------------------------------------------------------------    -------------------
                         (clock clk rise edge)        0.000     0.000 r  
                                                      0.000     0.000 r  clk (IN)
                         net (fo=10952, unset)        0.117     0.117    u_mc/HAS_H_GEN.u_hrf/clk
    URAM288_X0Y44        URAM288                                      r  u_mc/HAS_H_GEN.u_hrf/mem_reg_uram_1/CLK
  -------------------------------------------------------------------    -------------------
    URAM288_X0Y44        URAM288 (Prop_URAM_288K_INST_URAM288_CLK_DOUT_A[14])
                                                      1.677     1.794 f  u_mc/HAS_H_GEN.u_hrf/mem_reg_uram_1/DOUT_A[14]
                         net (fo=2, routed)           0.593     2.387    u_mc/HAS_H_GEN.u_hrf/mem_reg_uram_1_n_407
    SLICE_X26Y164        LUT5 (Prop_D6LUT_SLICEL_I2_O)
                                                      0.081     2.468 f  u_mc/HAS_H_GEN.u_hrf/m1_i_10__4/O
                         net (fo=1, routed)           0.696     3.164    u_mc/PE_LANE[5].u_pe/m1/B[6]
    DSP48E2_X5Y66        DSP_A_B_DATA (Prop_DSP_A_B_DATA_DSP48E2_B[6]_B2_DATA[6])
                                                      0.216     3.380 r  u_mc/PE_LANE[5].u_pe/m1/DSP_A_B_DATA_INST/B2_DATA[6]
                         net (fo=1, routed)           0.000     3.380    u_mc/PE_LANE[5].u_pe/m1/DSP_A_B_DATA.B2_DATA<6>
    DSP48E2_X5Y66        DSP_PREADD_DATA (Prop_DSP_PREADD_DATA_DSP48E2_B2_DATA[6]_B2B1[6])
                                                      0.097     3.477 r  u_mc/PE_LANE[5].u_pe/m1/DSP_PREADD_DATA_INST/B2B1[6]
                         net (fo=1, routed)           0.000     3.477    u_mc/PE_LANE[5].u_pe/m1/DSP_PREADD_DATA.B2B1<6>
    DSP48E2_X5Y66        DSP_MULTIPLIER (Prop_DSP_MULTIPLIER_DSP48E2_B2B1[6]_U[10])
                                                      0.773     4.250 f  u_mc/PE_LANE[5].u_pe/m1/DSP_MULTIPLIER_INST/U[10]
                         net (fo=1, routed)           0.000     4.250    u_mc/PE_LANE[5].u_pe/m1/DSP_MULTIPLIER.U<10>
    DSP48E2_X5Y66        DSP_M_DATA (Prop_DSP_M_DATA_DSP48E2_U[10]_U_DATA[10])
                                                      0.067     4.317 r  u_mc/PE_LANE[5].u_pe/m1/DSP_M_DATA_INST/U_DATA[10]
                         net (fo=1, routed)           0.000     4.317    u_mc/PE_LANE[5].u_pe/m1/DSP_M_DATA.U_DATA<10>
    DSP48E2_X5Y66        DSP_ALU (Prop_DSP_ALU_DSP48E2_U_DATA[10]_ALU_OUT[10])
                                                      0.727     5.044 f  u_mc/PE_LANE[5].u_pe/m1/DSP_ALU_INST/ALU_OUT[10]
                         net (fo=1, routed)           0.000     5.044    u_mc/PE_LANE[5].u_pe/m1/DSP_ALU.ALU_OUT<10>
    DSP48E2_X5Y66        DSP_OUTPUT (Prop_DSP_OUTPUT_DSP48E2_ALU_OUT[10]_P[10])
                                                      0.146     5.190 r  u_mc/PE_LANE[5].u_pe/m1/DSP_OUTPUT_INST/P[10]
                         net (fo=3, routed)           0.451     5.641    u_mc/PE_LANE[5].u_pe/m12_sum/C[10]
    DSP48E2_X5Y62        DSP_C_DATA (Prop_DSP_C_DATA_DSP48E2_C[10]_C_DATA[10])
                                                      0.135     5.776 r  u_mc/PE_LANE[5].u_pe/m12_sum/DSP_C_DATA_INST/C_DATA[10]
                         net (fo=2, routed)           0.000     5.776    u_mc/PE_LANE[5].u_pe/m12_sum/DSP_C_DATA.C_DATA<10>
    DSP48E2_X5Y62        DSP_ALU (Prop_DSP_ALU_DSP48E2_C_DATA[10]_ALU_OUT[13])
                                                      0.786     6.562 f  u_mc/PE_LANE[5].u_pe/m12_sum/DSP_ALU_INST/ALU_OUT[13]
                         net (fo=1, routed)           0.000     6.562    u_mc/PE_LANE[5].u_pe/m12_sum/DSP_ALU.ALU_OUT<13>
    DSP48E2_X5Y62        DSP_OUTPUT (Prop_DSP_OUTPUT_DSP48E2_ALU_OUT[13]_P[13])
                                                      0.146     6.708 r  u_mc/PE_LANE[5].u_pe/m12_sum/DSP_OUTPUT_INST/P[13]
                         net (fo=3, routed)           0.479     7.187    u_mc/PE_LANE[5].u_pe/m12_sum__0[13]
    SLICE_X19Y154        LUT6 (Prop_F6LUT_SLICEL_I2_O)
                                                      0.056     7.243 r  u_mc/PE_LANE[5].u_pe/acc_raw[15]_i_14__17/O
                         net (fo=1, routed)           0.015     7.258    u_mc/PE_LANE[5].u_pe/acc_raw[15]_i_14__17_n_0
    SLICE_X19Y154        CARRY8 (Prop_CARRY8_SLICEL_S[5]_CO[7])
                                                      0.232     7.490 r  u_mc/PE_LANE[5].u_pe/acc_raw_reg[15]_i_3__17/CO[7]
                         net (fo=1, routed)           0.030     7.520    u_mc/PE_LANE[5].u_pe/acc_raw_reg[15]_i_3__17_n_0
    SLICE_X19Y155        CARRY8 (Prop_CARRY8_SLICEL_CI_CO[7])
                                                      0.065     7.585 r  u_mc/PE_LANE[5].u_pe/out_val_reg[12]_i_2__17/CO[7]
                         net (fo=1, routed)           0.030     7.615    u_mc/PE_LANE[5].u_pe/out_val_reg[12]_i_2__17_n_0
    SLICE_X19Y156        CARRY8 (Prop_CARRY8_SLICEL_CI_CO[7])
                                                      0.065     7.680 r  u_mc/PE_LANE[5].u_pe/acc_raw_reg[26]_i_5__17/CO[7]
                         net (fo=1, routed)           0.030     7.710    u_mc/PE_LANE[5].u_pe/acc_raw_reg[26]_i_5__17_n_0
    SLICE_X19Y157        CARRY8 (Prop_CARRY8_SLICEL_CI_O[5])
                                                      0.161     7.871 r  u_mc/PE_LANE[5].u_pe/acc_raw_reg[39]_i_3__17/O[5]
                         net (fo=4, routed)           0.165     8.036    PE_LANE[5].u_pe/mac_acc[37]
    SLICE_X19Y158        LUT2 (Prop_E6LUT_SLICEL_I0_O)
                                                      0.138     8.174 f  out_val[15]_i_128__17/O
                         net (fo=2, routed)           0.219     8.392    u_mc/PE_LANE[5].u_pe/out_val_reg[15]_i_41__17_0
    SLICE_X18Y159        LUT6 (Prop_G6LUT_SLICEM_I5_O)
                                                      0.057     8.449 f  u_mc/PE_LANE[5].u_pe/out_val[15]_i_94__17/O
                         net (fo=1, routed)           0.242     8.691    u_mc/PE_LANE[5].u_pe/out_val[15]_i_94__17_n_0
    SLICE_X17Y159        CARRY8 (Prop_CARRY8_SLICEM_DI[6]_CO[7])
                                                      0.092     8.783 f  u_mc/PE_LANE[5].u_pe/out_val_reg[15]_i_41__17/CO[7]
                         net (fo=1, routed)           0.030     8.813    u_mc/PE_LANE[5].u_pe/out_val_reg[15]_i_41__17_n_0
    SLICE_X17Y160        CARRY8 (Prop_CARRY8_SLICEM_CI_CO[4])
                                                      0.128     8.941 f  u_mc/PE_LANE[5].u_pe/out_val_reg[15]_i_10__17/CO[4]
                         net (fo=2, routed)           0.291     9.233    u_mc/PE_LANE[5].u_pe/sat1613_in
    SLICE_X17Y154        LUT3 (Prop_A6LUT_SLICEM_I2_O)
                                                      0.058     9.291 r  u_mc/PE_LANE[5].u_pe/out_val[14]_i_4__17/O
                         net (fo=15, routed)          0.146     9.437    u_mc/PE_LANE[5].u_pe/out_val[14]_i_4__17_n_0
    SLICE_X17Y156        LUT6 (Prop_F6LUT_SLICEM_I3_O)
                                                      0.186     9.623 r  u_mc/PE_LANE[5].u_pe/out_val[4]_i_1__17/O
                         net (fo=1, routed)           0.095     9.718    u_mc/PE_LANE[5].u_pe/out_val[4]_i_1__17_n_0
    SLICE_X17Y156        FDCE                                         r  u_mc/PE_LANE[5].u_pe/out_val_reg[4]/D
  -------------------------------------------------------------------    -------------------

                         (clock clk rise edge)       10.000    10.000 r  
                                                      0.000    10.000 r  clk (IN)
                         net (fo=10952, unset)        0.031    10.031    u_mc/PE_LANE[5].u_pe/clk
    SLICE_X17Y156        FDCE                                         r  u_mc/PE_LANE[5].u_pe/out_val_reg[4]/C
                         clock pessimism              0.000    10.031    
                         clock uncertainty           -0.185     9.846    
    SLICE_X17Y156        FDCE (Setup_FFF_SLICEM_C_D)
                                                      0.043     9.889    u_mc/PE_LANE[5].u_pe/out_val_reg[4]
  -------------------------------------------------------------------
                         required time                          9.889    
                         arrival time                          -9.718    
  -------------------------------------------------------------------
                         slack                                  0.171    

Slack (MET) :             0.178ns  (required time - arrival time)
  Source:                 u_mc2/HAS_H_GEN.u_hrf/mem_reg_uram_0/CLK
                            (rising edge-triggered cell URAM288 clocked by clk  {rise@0.000ns fall@5.000ns period=10.000ns})
  Destination:            u_mc2/PE_LANE[0].u_pe/out_val_reg[3]/D
                            (rising edge-triggered cell FDCE clocked by clk  {rise@0.000ns fall@5.000ns period=10.000ns})
  Path Group:             clk
  Path Type:              Setup (Max at Slow Process Corner)
  Requirement:            10.000ns  (clk rise@10.000ns - clk rise@0.000ns)
  Data Path Delay:        9.593ns  (logic 6.140ns (64.007%)  route 3.453ns (35.993%))
  Logic Levels:           22  (CARRY8=7 DSP_A_B_DATA=1 DSP_ALU=2 DSP_C_DATA=1 DSP_M_DATA=1 DSP_MULTIPLIER=1 DSP_OUTPUT=2 DSP_PREADD_DATA=1 LUT4=1 LUT5=1 LUT6=4)
  Clock Path Skew:        -0.087ns (DCD - SCD + CPR)
    Destination Clock Delay (DCD):    0.030ns = ( 10.030 - 10.000 ) 
    Source Clock Delay      (SCD):    0.117ns
    Clock Pessimism Removal (CPR):    0.000ns
  Clock Uncertainty:      0.185ns  ((TSJ^2 + TIJ^2)^1/2 + DJ) / 2 + PE + UU
    Total System Jitter     (TSJ):    0.071ns
    Total Input Jitter      (TIJ):    0.000ns
    Discrete Jitter          (DJ):    0.000ns
    Phase Error              (PE):    0.000ns
    User Uncertainty         (UU):    0.150ns

    Location             Delay type                Incr(ns)  Path(ns)    Netlist Resource(s)
  -------------------------------------------------------------------    -------------------
                         (clock clk rise edge)        0.000     0.000 r  
                                                      0.000     0.000 r  clk (IN)
                         net (fo=10952, unset)        0.117     0.117    u_mc2/HAS_H_GEN.u_hrf/clk
    URAM288_X0Y29        URAM288                                      r  u_mc2/HAS_H_GEN.u_hrf/mem_reg_uram_0/CLK
  -------------------------------------------------------------------    -------------------
    URAM288_X0Y29        URAM288 (Prop_URAM_288K_INST_URAM288_CLK_DOUT_A[1])
                                                      1.697     1.814 f  u_mc2/HAS_H_GEN.u_hrf/mem_reg_uram_0/DOUT_A[1]
                         net (fo=2, routed)           0.534     2.348    u_mc2/HAS_H_GEN.u_hrf_n_88
    SLICE_X43Y123        LUT4 (Prop_B6LUT_SLICEM_I0_O)
                                                      0.057     2.405 f  u_mc2/m1_i_15/O
                         net (fo=1, routed)           0.291     2.696    u_mc2/PE_LANE[0].u_pe/m1/B[1]
    DSP48E2_X11Y51       DSP_A_B_DATA (Prop_DSP_A_B_DATA_DSP48E2_B[1]_B2_DATA[1])
                                                      0.216     2.912 r  u_mc2/PE_LANE[0].u_pe/m1/DSP_A_B_DATA_INST/B2_DATA[1]
                         net (fo=1, routed)           0.000     2.912    u_mc2/PE_LANE[0].u_pe/m1/DSP_A_B_DATA.B2_DATA<1>
    DSP48E2_X11Y51       DSP_PREADD_DATA (Prop_DSP_PREADD_DATA_DSP48E2_B2_DATA[1]_B2B1[1])
                                                      0.097     3.009 r  u_mc2/PE_LANE[0].u_pe/m1/DSP_PREADD_DATA_INST/B2B1[1]
                         net (fo=1, routed)           0.000     3.009    u_mc2/PE_LANE[0].u_pe/m1/DSP_PREADD_DATA.B2B1<1>
    DSP48E2_X11Y51       DSP_MULTIPLIER (Prop_DSP_MULTIPLIER_DSP48E2_B2B1[1]_U[1])
                                                      0.773     3.782 f  u_mc2/PE_LANE[0].u_pe/m1/DSP_MULTIPLIER_INST/U[1]
                         net (fo=1, routed)           0.000     3.782    u_mc2/PE_LANE[0].u_pe/m1/DSP_MULTIPLIER.U<1>
    DSP48E2_X11Y51       DSP_M_DATA (Prop_DSP_M_DATA_DSP48E2_U[1]_U_DATA[1])
                                                      0.067     3.849 r  u_mc2/PE_LANE[0].u_pe/m1/DSP_M_DATA_INST/U_DATA[1]
                         net (fo=1, routed)           0.000     3.849    u_mc2/PE_LANE[0].u_pe/m1/DSP_M_DATA.U_DATA<1>
    DSP48E2_X11Y51       DSP_ALU (Prop_DSP_ALU_DSP48E2_U_DATA[1]_ALU_OUT[1])
                                                      0.727     4.576 f  u_mc2/PE_LANE[0].u_pe/m1/DSP_ALU_INST/ALU_OUT[1]
                         net (fo=1, routed)           0.000     4.576    u_mc2/PE_LANE[0].u_pe/m1/DSP_ALU.ALU_OUT<1>
    DSP48E2_X11Y51       DSP_OUTPUT (Prop_DSP_OUTPUT_DSP48E2_ALU_OUT[1]_P[1])
                                                      0.146     4.722 r  u_mc2/PE_LANE[0].u_pe/m1/DSP_OUTPUT_INST/P[1]
                         net (fo=3, routed)           0.288     5.010    u_mc2/PE_LANE[0].u_pe/m12_sum/C[1]
    DSP48E2_X11Y50       DSP_C_DATA (Prop_DSP_C_DATA_DSP48E2_C[1]_C_DATA[1])
                                                      0.135     5.145 r  u_mc2/PE_LANE[0].u_pe/m12_sum/DSP_C_DATA_INST/C_DATA[1]
                         net (fo=2, routed)           0.000     5.145    u_mc2/PE_LANE[0].u_pe/m12_sum/DSP_C_DATA.C_DATA<1>
    DSP48E2_X11Y50       DSP_ALU (Prop_DSP_ALU_DSP48E2_C_DATA[1]_ALU_OUT[5])
                                                      0.786     5.931 f  u_mc2/PE_LANE[0].u_pe/m12_sum/DSP_ALU_INST/ALU_OUT[5]
                         net (fo=1, routed)           0.000     5.931    u_mc2/PE_LANE[0].u_pe/m12_sum/DSP_ALU.ALU_OUT<5>
    DSP48E2_X11Y50       DSP_OUTPUT (Prop_DSP_OUTPUT_DSP48E2_ALU_OUT[5]_P[5])
                                                      0.146     6.077 r  u_mc2/PE_LANE[0].u_pe/m12_sum/DSP_OUTPUT_INST/P[5]
                         net (fo=2, routed)           0.434     6.510    u_mc2/PE_LANE[0].u_pe/m12_sum__0[5]
    SLICE_X40Y125        LUT6 (Prop_F6LUT_SLICEM_I2_O)
                                                      0.080     6.590 r  u_mc2/PE_LANE[0].u_pe/acc_raw[7]_i_15__14/O
                         net (fo=1, routed)           0.029     6.619    u_mc2/PE_LANE[0].u_pe/acc_raw[7]_i_15__14_n_0
    SLICE_X40Y125        CARRY8 (Prop_CARRY8_SLICEM_S[5]_CO[7])
                                                      0.238     6.857 r  u_mc2/PE_LANE[0].u_pe/acc_raw_reg[7]_i_3__14/CO[7]
                         net (fo=1, routed)           0.030     6.887    u_mc2/PE_LANE[0].u_pe/acc_raw_reg[7]_i_3__14_n_0
    SLICE_X40Y126        CARRY8 (Prop_CARRY8_SLICEM_CI_CO[7])
                                                      0.065     6.952 r  u_mc2/PE_LANE[0].u_pe/acc_raw_reg[15]_i_3__14/CO[7]
                         net (fo=1, routed)           0.030     6.982    u_mc2/PE_LANE[0].u_pe/acc_raw_reg[15]_i_3__14_n_0
    SLICE_X40Y127        CARRY8 (Prop_CARRY8_SLICEM_CI_CO[7])
                                                      0.065     7.047 r  u_mc2/PE_LANE[0].u_pe/out_val_reg[12]_i_2__14/CO[7]
                         net (fo=1, routed)           0.030     7.077    u_mc2/PE_LANE[0].u_pe/out_val_reg[12]_i_2__14_n_0
    SLICE_X40Y128        CARRY8 (Prop_CARRY8_SLICEM_CI_CO[7])
                                                      0.065     7.142 r  u_mc2/PE_LANE[0].u_pe/acc_raw_reg[26]_i_5__14/CO[7]
                         net (fo=1, routed)           0.030     7.172    u_mc2/PE_LANE[0].u_pe/acc_raw_reg[26]_i_5__14_n_0
    SLICE_X40Y129        CARRY8 (Prop_CARRY8_SLICEM_CI_O[4])
                                                      0.119     7.291 r  u_mc2/PE_LANE[0].u_pe/acc_raw_reg[39]_i_3__14/O[4]
                         net (fo=4, routed)           0.453     7.744    u_mc2/PE_LANE[0].u_pe/O[3]
    SLICE_X44Y131        LUT5 (Prop_H6LUT_SLICEL_I0_O)
                                                      0.058     7.802 r  u_mc2/PE_LANE[0].u_pe/out_val[15]_i_110__14/O
                         net (fo=1, routed)           0.104     7.906    u_mc2/PE_LANE[0].u_pe/out_val[15]_i_110__14_n_0
    SLICE_X45Y131        LUT6 (Prop_F6LUT_SLICEM_I0_O)
                                                      0.149     8.055 r  u_mc2/PE_LANE[0].u_pe/out_val[15]_i_80__14/O
                         net (fo=1, routed)           0.420     8.475    u_mc2/PE_LANE[0].u_pe/out_val[15]_i_80__14_n_0
    SLICE_X43Y128        CARRY8 (Prop_CARRY8_SLICEM_DI[5]_CO[7])
                                                      0.116     8.591 r  u_mc2/PE_LANE[0].u_pe/out_val_reg[15]_i_35__14/CO[7]
                         net (fo=1, routed)           0.030     8.621    u_mc2/PE_LANE[0].u_pe/out_val_reg[15]_i_35__14_n_0
    SLICE_X43Y129        CARRY8 (Prop_CARRY8_SLICEM_CI_CO[4])
                                                      0.128     8.749 r  u_mc2/PE_LANE[0].u_pe/out_val_reg[15]_i_9__14/CO[4]
                         net (fo=2, routed)           0.365     9.114    u_mc2/PE_LANE[0].u_pe/sat1615_in
    SLICE_X44Y128        LUT6 (Prop_H6LUT_SLICEL_I3_O)
                                                      0.058     9.172 r  u_mc2/PE_LANE[0].u_pe/out_val[14]_i_2__14/O
                         net (fo=15, routed)          0.305     9.477    u_mc2/PE_LANE[0].u_pe/out_val[14]_i_2__14_n_0
    SLICE_X45Y125        LUT6 (Prop_B6LUT_SLICEM_I0_O)
                                                      0.152     9.629 r  u_mc2/PE_LANE[0].u_pe/out_val[3]_i_1__14/O
                         net (fo=1, routed)           0.081     9.710    u_mc2/PE_LANE[0].u_pe/out_val[3]_i_1__14_n_0
    SLICE_X45Y125        FDCE                                         r  u_mc2/PE_LANE[0].u_pe/out_val_reg[3]/D
  -------------------------------------------------------------------    -------------------

                         (clock clk rise edge)       10.000    10.000 r  
                                                      0.000    10.000 r  clk (IN)
                         net (fo=10952, unset)        0.030    10.030    u_mc2/PE_LANE[0].u_pe/clk
    SLICE_X45Y125        FDCE                                         r  u_mc2/PE_LANE[0].u_pe/out_val_reg[3]/C
                         clock pessimism              0.000    10.030    
                         clock uncertainty           -0.185     9.845    
    SLICE_X45Y125        FDCE (Setup_BFF_SLICEM_C_D)
                                                      0.043     9.888    u_mc2/PE_LANE[0].u_pe/out_val_reg[3]
  -------------------------------------------------------------------
                         required time                          9.888    
                         arrival time                          -9.710    
  -------------------------------------------------------------------
                         slack                                  0.178    

Slack (MET) :             0.185ns  (required time - arrival time)
  Source:                 u_mc2/HAS_H_GEN.u_hrf/mem_reg_uram_3/CLK
                            (rising edge-triggered cell URAM288 clocked by clk  {rise@0.000ns fall@5.000ns period=10.000ns})
  Destination:            u_mc2/PE_LANE[14].u_pe/out_val_reg[11]/D
                            (rising edge-triggered cell FDCE clocked by clk  {rise@0.000ns fall@5.000ns period=10.000ns})
  Path Group:             clk
  Path Type:              Setup (Max at Slow Process Corner)
  Requirement:            10.000ns  (clk rise@10.000ns - clk rise@0.000ns)
  Data Path Delay:        9.586ns  (logic 6.062ns (63.238%)  route 3.524ns (36.762%))
  Logic Levels:           19  (CARRY8=4 DSP_A_B_DATA=1 DSP_ALU=2 DSP_C_DATA=1 DSP_M_DATA=1 DSP_MULTIPLIER=1 DSP_OUTPUT=2 DSP_PREADD_DATA=1 LUT2=1 LUT3=1 LUT4=1 LUT6=3)
  Clock Path Skew:        -0.088ns (DCD - SCD + CPR)
    Destination Clock Delay (DCD):    0.029ns = ( 10.029 - 10.000 ) 
    Source Clock Delay      (SCD):    0.117ns
    Clock Pessimism Removal (CPR):    0.000ns
  Clock Uncertainty:      0.185ns  ((TSJ^2 + TIJ^2)^1/2 + DJ) / 2 + PE + UU
    Total System Jitter     (TSJ):    0.071ns
    Total Input Jitter      (TIJ):    0.000ns
    Discrete Jitter          (DJ):    0.000ns
    Phase Error              (PE):    0.000ns
    User Uncertainty         (UU):    0.150ns

    Location             Delay type                Incr(ns)  Path(ns)    Netlist Resource(s)
  -------------------------------------------------------------------    -------------------
                         (clock clk rise edge)        0.000     0.000 r  
                                                      0.000     0.000 r  clk (IN)
                         net (fo=10952, unset)        0.117     0.117    u_mc2/HAS_H_GEN.u_hrf/clk
    URAM288_X0Y33        URAM288                                      r  u_mc2/HAS_H_GEN.u_hrf/mem_reg_uram_3/CLK
  -------------------------------------------------------------------    -------------------
    URAM288_X0Y33        URAM288 (Prop_URAM_288K_INST_URAM288_CLK_DOUT_A[15])
                                                      1.665     1.782 f  u_mc2/HAS_H_GEN.u_hrf/mem_reg_uram_3/DOUT_A[15]
                         net (fo=2, routed)           0.879     2.661    u_mc2/HAS_H_GEN.u_hrf_n_431
    SLICE_X49Y140        LUT4 (Prop_F6LUT_SLICEL_I0_O)
                                                      0.056     2.717 f  u_mc2/m1_i_9__13/O
                         net (fo=1, routed)           0.298     3.015    u_mc2/PE_LANE[14].u_pe/m1/B[7]
    DSP48E2_X12Y56       DSP_A_B_DATA (Prop_DSP_A_B_DATA_DSP48E2_B[7]_B2_DATA[7])
                                                      0.216     3.231 r  u_mc2/PE_LANE[14].u_pe/m1/DSP_A_B_DATA_INST/B2_DATA[7]
                         net (fo=1, routed)           0.000     3.231    u_mc2/PE_LANE[14].u_pe/m1/DSP_A_B_DATA.B2_DATA<7>
    DSP48E2_X12Y56       DSP_PREADD_DATA (Prop_DSP_PREADD_DATA_DSP48E2_B2_DATA[7]_B2B1[7])
                                                      0.097     3.328 r  u_mc2/PE_LANE[14].u_pe/m1/DSP_PREADD_DATA_INST/B2B1[7]
                         net (fo=1, routed)           0.000     3.328    u_mc2/PE_LANE[14].u_pe/m1/DSP_PREADD_DATA.B2B1<7>
    DSP48E2_X12Y56       DSP_MULTIPLIER (Prop_DSP_MULTIPLIER_DSP48E2_B2B1[7]_U[17])
                                                      0.773     4.101 f  u_mc2/PE_LANE[14].u_pe/m1/DSP_MULTIPLIER_INST/U[17]
                         net (fo=1, routed)           0.000     4.101    u_mc2/PE_LANE[14].u_pe/m1/DSP_MULTIPLIER.U<17>
    DSP48E2_X12Y56       DSP_M_DATA (Prop_DSP_M_DATA_DSP48E2_U[17]_U_DATA[17])
                                                      0.067     4.168 r  u_mc2/PE_LANE[14].u_pe/m1/DSP_M_DATA_INST/U_DATA[17]
                         net (fo=1, routed)           0.000     4.168    u_mc2/PE_LANE[14].u_pe/m1/DSP_M_DATA.U_DATA<17>
    DSP48E2_X12Y56       DSP_ALU (Prop_DSP_ALU_DSP48E2_U_DATA[17]_ALU_OUT[17])
                                                      0.727     4.895 f  u_mc2/PE_LANE[14].u_pe/m1/DSP_ALU_INST/ALU_OUT[17]
                         net (fo=1, routed)           0.000     4.895    u_mc2/PE_LANE[14].u_pe/m1/DSP_ALU.ALU_OUT<17>
    DSP48E2_X12Y56       DSP_OUTPUT (Prop_DSP_OUTPUT_DSP48E2_ALU_OUT[17]_P[17])
                                                      0.146     5.041 r  u_mc2/PE_LANE[14].u_pe/m1/DSP_OUTPUT_INST/P[17]
                         net (fo=4, routed)           0.544     5.585    u_mc2/PE_LANE[14].u_pe/m12_sum/C[17]
    DSP48E2_X12Y51       DSP_C_DATA (Prop_DSP_C_DATA_DSP48E2_C[17]_C_DATA[17])
                                                      0.135     5.720 r  u_mc2/PE_LANE[14].u_pe/m12_sum/DSP_C_DATA_INST/C_DATA[17]
                         net (fo=2, routed)           0.000     5.720    u_mc2/PE_LANE[14].u_pe/m12_sum/DSP_C_DATA.C_DATA<17>
    DSP48E2_X12Y51       DSP_ALU (Prop_DSP_ALU_DSP48E2_C_DATA[17]_ALU_OUT[18])
                                                      0.786     6.506 f  u_mc2/PE_LANE[14].u_pe/m12_sum/DSP_ALU_INST/ALU_OUT[18]
                         net (fo=1, routed)           0.000     6.506    u_mc2/PE_LANE[14].u_pe/m12_sum/DSP_ALU.ALU_OUT<18>
    DSP48E2_X12Y51       DSP_OUTPUT (Prop_DSP_OUTPUT_DSP48E2_ALU_OUT[18]_P[18])
                                                      0.146     6.652 r  u_mc2/PE_LANE[14].u_pe/m12_sum/DSP_OUTPUT_INST/P[18]
                         net (fo=3, routed)           0.576     7.227    u_mc2/PE_LANE[14].u_pe/m12_sum__0[18]
    SLICE_X56Y140        LUT6 (Prop_C6LUT_SLICEL_I2_O)
                                                      0.136     7.363 r  u_mc2/PE_LANE[14].u_pe/out_val[12]_i_17__10/O
                         net (fo=1, routed)           0.015     7.378    u_mc2/PE_LANE[14].u_pe/out_val[12]_i_17__10_n_0
    SLICE_X56Y140        CARRY8 (Prop_CARRY8_SLICEL_S[2]_CO[7])
                                                      0.219     7.597 r  u_mc2/PE_LANE[14].u_pe/out_val_reg[12]_i_2__10/CO[7]
                         net (fo=1, routed)           0.030     7.627    u_mc2/PE_LANE[14].u_pe/out_val_reg[12]_i_2__10_n_0
    SLICE_X56Y141        CARRY8 (Prop_CARRY8_SLICEL_CI_O[5])
                                                      0.161     7.788 r  u_mc2/PE_LANE[14].u_pe/acc_raw_reg[26]_i_5__10/O[5]
                         net (fo=3, routed)           0.367     8.155    PE_LANE[14].u_pe/mac_acc_35[29]
    SLICE_X60Y141        LUT2 (Prop_E6LUT_SLICEL_I0_O)
                                                      0.083     8.238 f  out_val[15]_i_133__10/O
                         net (fo=2, routed)           0.153     8.391    u_mc2/PE_LANE[14].u_pe/out_val_reg[15]_i_41__10_3
    SLICE_X60Y141        LUT6 (Prop_G6LUT_SLICEL_I2_O)
                                                      0.082     8.473 f  u_mc2/PE_LANE[14].u_pe/out_val[15]_i_98__10/O
                         net (fo=1, routed)           0.234     8.707    u_mc2/PE_LANE[14].u_pe/out_val[15]_i_98__10_n_0
    SLICE_X59Y144        CARRY8 (Prop_CARRY8_SLICEL_DI[2]_CO[7])
                                                      0.158     8.865 f  u_mc2/PE_LANE[14].u_pe/out_val_reg[15]_i_41__10/CO[7]
                         net (fo=1, routed)           0.030     8.895    u_mc2/PE_LANE[14].u_pe/out_val_reg[15]_i_41__10_n_0
    SLICE_X59Y145        CARRY8 (Prop_CARRY8_SLICEL_CI_CO[4])
                                                      0.128     9.023 f  u_mc2/PE_LANE[14].u_pe/out_val_reg[15]_i_10__10/CO[4]
                         net (fo=2, routed)           0.232     9.255    u_mc2/PE_LANE[14].u_pe/sat1613_in
    SLICE_X57Y141        LUT3 (Prop_E6LUT_SLICEL_I2_O)
                                                      0.057     9.312 r  u_mc2/PE_LANE[14].u_pe/out_val[14]_i_4__10/O
                         net (fo=15, routed)          0.098     9.410    u_mc2/PE_LANE[14].u_pe/out_val[14]_i_4__10_n_0
    SLICE_X57Y141        LUT6 (Prop_F6LUT_SLICEL_I3_O)
                                                      0.224     9.634 r  u_mc2/PE_LANE[14].u_pe/out_val[11]_i_1__10/O
                         net (fo=1, routed)           0.069     9.703    u_mc2/PE_LANE[14].u_pe/out_val[11]_i_1__10_n_0
    SLICE_X57Y141        FDCE                                         r  u_mc2/PE_LANE[14].u_pe/out_val_reg[11]/D
  -------------------------------------------------------------------    -------------------

                         (clock clk rise edge)       10.000    10.000 r  
                                                      0.000    10.000 r  clk (IN)
                         net (fo=10952, unset)        0.029    10.029    u_mc2/PE_LANE[14].u_pe/clk
    SLICE_X57Y141        FDCE                                         r  u_mc2/PE_LANE[14].u_pe/out_val_reg[11]/C
                         clock pessimism              0.000    10.029    
                         clock uncertainty           -0.185     9.844    
    SLICE_X57Y141        FDCE (Setup_FFF_SLICEL_C_D)
                                                      0.044     9.888    u_mc2/PE_LANE[14].u_pe/out_val_reg[11]
  -------------------------------------------------------------------
                         required time                          9.888    
                         arrival time                          -9.703    
  -------------------------------------------------------------------
                         slack                                  0.185    

Slack (MET) :             0.188ns  (required time - arrival time)
  Source:                 u_mc2/HAS_H_GEN.u_hrf/mem_reg_uram_3/CLK
                            (rising edge-triggered cell URAM288 clocked by clk  {rise@0.000ns fall@5.000ns period=10.000ns})
  Destination:            u_mc2/PE_LANE[14].u_pe/out_val_reg[4]/D
                            (rising edge-triggered cell FDCE clocked by clk  {rise@0.000ns fall@5.000ns period=10.000ns})
  Path Group:             clk
  Path Type:              Setup (Max at Slow Process Corner)
  Requirement:            10.000ns  (clk rise@10.000ns - clk rise@0.000ns)
  Data Path Delay:        9.582ns  (logic 5.894ns (61.510%)  route 3.688ns (38.490%))
  Logic Levels:           19  (CARRY8=4 DSP_A_B_DATA=1 DSP_ALU=2 DSP_C_DATA=1 DSP_M_DATA=1 DSP_MULTIPLIER=1 DSP_OUTPUT=2 DSP_PREADD_DATA=1 LUT2=1 LUT3=1 LUT4=1 LUT6=3)
  Clock Path Skew:        -0.087ns (DCD - SCD + CPR)
    Destination Clock Delay (DCD):    0.030ns = ( 10.030 - 10.000 ) 
    Source Clock Delay      (SCD):    0.117ns
    Clock Pessimism Removal (CPR):    0.000ns
  Clock Uncertainty:      0.185ns  ((TSJ^2 + TIJ^2)^1/2 + DJ) / 2 + PE + UU
    Total System Jitter     (TSJ):    0.071ns
    Total Input Jitter      (TIJ):    0.000ns
    Discrete Jitter          (DJ):    0.000ns
    Phase Error              (PE):    0.000ns
    User Uncertainty         (UU):    0.150ns

    Location             Delay type                Incr(ns)  Path(ns)    Netlist Resource(s)
  -------------------------------------------------------------------    -------------------
                         (clock clk rise edge)        0.000     0.000 r  
                                                      0.000     0.000 r  clk (IN)
                         net (fo=10952, unset)        0.117     0.117    u_mc2/HAS_H_GEN.u_hrf/clk
    URAM288_X0Y33        URAM288                                      r  u_mc2/HAS_H_GEN.u_hrf/mem_reg_uram_3/CLK
  -------------------------------------------------------------------    -------------------
    URAM288_X0Y33        URAM288 (Prop_URAM_288K_INST_URAM288_CLK_DOUT_A[15])
                                                      1.665     1.782 f  u_mc2/HAS_H_GEN.u_hrf/mem_reg_uram_3/DOUT_A[15]
                         net (fo=2, routed)           0.879     2.661    u_mc2/HAS_H_GEN.u_hrf_n_431
    SLICE_X49Y140        LUT4 (Prop_F6LUT_SLICEL_I0_O)
                                                      0.056     2.717 f  u_mc2/m1_i_9__13/O
                         net (fo=1, routed)           0.298     3.015    u_mc2/PE_LANE[14].u_pe/m1/B[7]
    DSP48E2_X12Y56       DSP_A_B_DATA (Prop_DSP_A_B_DATA_DSP48E2_B[7]_B2_DATA[7])
                                                      0.216     3.231 r  u_mc2/PE_LANE[14].u_pe/m1/DSP_A_B_DATA_INST/B2_DATA[7]
                         net (fo=1, routed)           0.000     3.231    u_mc2/PE_LANE[14].u_pe/m1/DSP_A_B_DATA.B2_DATA<7>
    DSP48E2_X12Y56       DSP_PREADD_DATA (Prop_DSP_PREADD_DATA_DSP48E2_B2_DATA[7]_B2B1[7])
                                                      0.097     3.328 r  u_mc2/PE_LANE[14].u_pe/m1/DSP_PREADD_DATA_INST/B2B1[7]
                         net (fo=1, routed)           0.000     3.328    u_mc2/PE_LANE[14].u_pe/m1/DSP_PREADD_DATA.B2B1<7>
    DSP48E2_X12Y56       DSP_MULTIPLIER (Prop_DSP_MULTIPLIER_DSP48E2_B2B1[7]_U[17])
                                                      0.773     4.101 f  u_mc2/PE_LANE[14].u_pe/m1/DSP_MULTIPLIER_INST/U[17]
                         net (fo=1, routed)           0.000     4.101    u_mc2/PE_LANE[14].u_pe/m1/DSP_MULTIPLIER.U<17>
    DSP48E2_X12Y56       DSP_M_DATA (Prop_DSP_M_DATA_DSP48E2_U[17]_U_DATA[17])
                                                      0.067     4.168 r  u_mc2/PE_LANE[14].u_pe/m1/DSP_M_DATA_INST/U_DATA[17]
                         net (fo=1, routed)           0.000     4.168    u_mc2/PE_LANE[14].u_pe/m1/DSP_M_DATA.U_DATA<17>
    DSP48E2_X12Y56       DSP_ALU (Prop_DSP_ALU_DSP48E2_U_DATA[17]_ALU_OUT[17])
                                                      0.727     4.895 f  u_mc2/PE_LANE[14].u_pe/m1/DSP_ALU_INST/ALU_OUT[17]
                         net (fo=1, routed)           0.000     4.895    u_mc2/PE_LANE[14].u_pe/m1/DSP_ALU.ALU_OUT<17>
    DSP48E2_X12Y56       DSP_OUTPUT (Prop_DSP_OUTPUT_DSP48E2_ALU_OUT[17]_P[17])
                                                      0.146     5.041 r  u_mc2/PE_LANE[14].u_pe/m1/DSP_OUTPUT_INST/P[17]
                         net (fo=4, routed)           0.544     5.585    u_mc2/PE_LANE[14].u_pe/m12_sum/C[17]
    DSP48E2_X12Y51       DSP_C_DATA (Prop_DSP_C_DATA_DSP48E2_C[17]_C_DATA[17])
                                                      0.135     5.720 r  u_mc2/PE_LANE[14].u_pe/m12_sum/DSP_C_DATA_INST/C_DATA[17]
                         net (fo=2, routed)           0.000     5.720    u_mc2/PE_LANE[14].u_pe/m12_sum/DSP_C_DATA.C_DATA<17>
    DSP48E2_X12Y51       DSP_ALU (Prop_DSP_ALU_DSP48E2_C_DATA[17]_ALU_OUT[18])
                                                      0.786     6.506 f  u_mc2/PE_LANE[14].u_pe/m12_sum/DSP_ALU_INST/ALU_OUT[18]
                         net (fo=1, routed)           0.000     6.506    u_mc2/PE_LANE[14].u_pe/m12_sum/DSP_ALU.ALU_OUT<18>
    DSP48E2_X12Y51       DSP_OUTPUT (Prop_DSP_OUTPUT_DSP48E2_ALU_OUT[18]_P[18])
                                                      0.146     6.652 r  u_mc2/PE_LANE[14].u_pe/m12_sum/DSP_OUTPUT_INST/P[18]
                         net (fo=3, routed)           0.576     7.227    u_mc2/PE_LANE[14].u_pe/m12_sum__0[18]
    SLICE_X56Y140        LUT6 (Prop_C6LUT_SLICEL_I2_O)
                                                      0.136     7.363 r  u_mc2/PE_LANE[14].u_pe/out_val[12]_i_17__10/O
                         net (fo=1, routed)           0.015     7.378    u_mc2/PE_LANE[14].u_pe/out_val[12]_i_17__10_n_0
    SLICE_X56Y140        CARRY8 (Prop_CARRY8_SLICEL_S[2]_CO[7])
                                                      0.219     7.597 r  u_mc2/PE_LANE[14].u_pe/out_val_reg[12]_i_2__10/CO[7]
                         net (fo=1, routed)           0.030     7.627    u_mc2/PE_LANE[14].u_pe/out_val_reg[12]_i_2__10_n_0
    SLICE_X56Y141        CARRY8 (Prop_CARRY8_SLICEL_CI_O[5])
                                                      0.161     7.788 r  u_mc2/PE_LANE[14].u_pe/acc_raw_reg[26]_i_5__10/O[5]
                         net (fo=3, routed)           0.367     8.155    PE_LANE[14].u_pe/mac_acc_35[29]
    SLICE_X60Y141        LUT2 (Prop_E6LUT_SLICEL_I0_O)
                                                      0.083     8.238 f  out_val[15]_i_133__10/O
                         net (fo=2, routed)           0.153     8.391    u_mc2/PE_LANE[14].u_pe/out_val_reg[15]_i_41__10_3
    SLICE_X60Y141        LUT6 (Prop_G6LUT_SLICEL_I2_O)
                                                      0.082     8.473 f  u_mc2/PE_LANE[14].u_pe/out_val[15]_i_98__10/O
                         net (fo=1, routed)           0.234     8.707    u_mc2/PE_LANE[14].u_pe/out_val[15]_i_98__10_n_0
    SLICE_X59Y144        CARRY8 (Prop_CARRY8_SLICEL_DI[2]_CO[7])
                                                      0.158     8.865 f  u_mc2/PE_LANE[14].u_pe/out_val_reg[15]_i_41__10/CO[7]
                         net (fo=1, routed)           0.030     8.895    u_mc2/PE_LANE[14].u_pe/out_val_reg[15]_i_41__10_n_0
    SLICE_X59Y145        CARRY8 (Prop_CARRY8_SLICEL_CI_CO[4])
                                                      0.128     9.023 f  u_mc2/PE_LANE[14].u_pe/out_val_reg[15]_i_10__10/CO[4]
                         net (fo=2, routed)           0.232     9.255    u_mc2/PE_LANE[14].u_pe/sat1613_in
    SLICE_X57Y141        LUT3 (Prop_E6LUT_SLICEL_I2_O)
                                                      0.057     9.312 r  u_mc2/PE_LANE[14].u_pe/out_val[14]_i_4__10/O
                         net (fo=15, routed)          0.236     9.548    u_mc2/PE_LANE[14].u_pe/out_val[14]_i_4__10_n_0
    SLICE_X58Y138        LUT6 (Prop_C6LUT_SLICEM_I3_O)
                                                      0.056     9.604 r  u_mc2/PE_LANE[14].u_pe/out_val[4]_i_1__10/O
                         net (fo=1, routed)           0.095     9.699    u_mc2/PE_LANE[14].u_pe/out_val[4]_i_1__10_n_0
    SLICE_X58Y138        FDCE                                         r  u_mc2/PE_LANE[14].u_pe/out_val_reg[4]/D
  -------------------------------------------------------------------    -------------------

                         (clock clk rise edge)       10.000    10.000 r  
                                                      0.000    10.000 r  clk (IN)
                         net (fo=10952, unset)        0.030    10.030    u_mc2/PE_LANE[14].u_pe/clk
    SLICE_X58Y138        FDCE                                         r  u_mc2/PE_LANE[14].u_pe/out_val_reg[4]/C
                         clock pessimism              0.000    10.030    
                         clock uncertainty           -0.185     9.845    
    SLICE_X58Y138        FDCE (Setup_CFF_SLICEM_C_D)
                                                      0.043     9.888    u_mc2/PE_LANE[14].u_pe/out_val_reg[4]
  -------------------------------------------------------------------
                         required time                          9.888    
                         arrival time                          -9.699    
  -------------------------------------------------------------------
                         slack                                  0.188    





Min Delay Paths
--------------------------------------------------------------------------------------
Slack (MET) :             0.012ns  (arrival time - required time)
  Source:                 u_mc2/PE_LANE[6].u_pe/out_val2_reg[5]/C
                            (rising edge-triggered cell FDCE clocked by clk  {rise@0.000ns fall@5.000ns period=10.000ns})
  Destination:            c2_m6_dB_reg_reg[101]/D
                            (rising edge-triggered cell FDCE clocked by clk  {rise@0.000ns fall@5.000ns period=10.000ns})
  Path Group:             clk
  Path Type:              Hold (Min at Slow Process Corner)
  Requirement:            0.000ns  (clk rise@0.000ns - clk rise@0.000ns)
  Data Path Delay:        0.178ns  (logic 0.112ns (62.921%)  route 0.066ns (37.079%))
  Logic Levels:           0  
  Clock Path Skew:        0.013ns (DCD - SCD - CPR)
    Destination Clock Delay (DCD):    0.042ns
    Source Clock Delay      (SCD):    0.029ns
    Clock Pessimism Removal (CPR):    -0.000ns
  Clock Uncertainty:      0.050ns  ((TSJ^2 + TIJ^2)^1/2 + DJ) / 2 + PE + UU
    Total System Jitter     (TSJ):    0.000ns
    Total Input Jitter      (TIJ):    0.000ns
    Discrete Jitter          (DJ):    0.000ns
    Phase Error              (PE):    0.000ns
    User Uncertainty         (UU):    0.050ns

    Location             Delay type                Incr(ns)  Path(ns)    Netlist Resource(s)
  -------------------------------------------------------------------    -------------------
                         (clock clk rise edge)        0.000     0.000 r  
                                                      0.000     0.000 r  clk (IN)
                         net (fo=10952, unset)        0.029     0.029    u_mc2/PE_LANE[6].u_pe/clk
    SLICE_X36Y142        FDCE                                         r  u_mc2/PE_LANE[6].u_pe/out_val2_reg[5]/C
  -------------------------------------------------------------------    -------------------
    SLICE_X36Y142        FDCE (Prop_CFF_SLICEL_C_Q)
                                                      0.112     0.141 r  u_mc2/PE_LANE[6].u_pe/out_val2_reg[5]/Q
                         net (fo=2, routed)           0.066     0.207    cl2_out_vec2[101]
    SLICE_X36Y141        FDCE                                         r  c2_m6_dB_reg_reg[101]/D
  -------------------------------------------------------------------    -------------------

                         (clock clk rise edge)        0.000     0.000 r  
                                                      0.000     0.000 r  clk (IN)
                         net (fo=10952, unset)        0.042     0.042    clk
    SLICE_X36Y141        FDCE                                         r  c2_m6_dB_reg_reg[101]/C
                         clock pessimism              0.000     0.042    
                         clock uncertainty            0.050     0.092    
    SLICE_X36Y141        FDCE (Hold_HFF2_SLICEL_C_D)
                                                      0.103     0.195    c2_m6_dB_reg_reg[101]
  -------------------------------------------------------------------
                         required time                         -0.195    
                         arrival time                           0.207    
  -------------------------------------------------------------------
                         slack                                  0.012    

Slack (MET) :             0.037ns  (arrival time - required time)
  Source:                 u_mc2/PE_LANE[12].u_pe/out_val2_reg[10]/C
                            (rising edge-triggered cell FDCE clocked by clk  {rise@0.000ns fall@5.000ns period=10.000ns})
  Destination:            c2_m6_dB_reg_reg[202]/D
                            (rising edge-triggered cell FDCE clocked by clk  {rise@0.000ns fall@5.000ns period=10.000ns})
  Path Group:             clk
  Path Type:              Hold (Min at Slow Process Corner)
  Requirement:            0.000ns  (clk rise@0.000ns - clk rise@0.000ns)
  Data Path Delay:        0.203ns  (logic 0.112ns (55.154%)  route 0.091ns (44.846%))
  Logic Levels:           0  
  Clock Path Skew:        0.013ns (DCD - SCD - CPR)
    Destination Clock Delay (DCD):    0.042ns
    Source Clock Delay      (SCD):    0.029ns
    Clock Pessimism Removal (CPR):    -0.000ns
  Clock Uncertainty:      0.050ns  ((TSJ^2 + TIJ^2)^1/2 + DJ) / 2 + PE + UU
    Total System Jitter     (TSJ):    0.000ns
    Total Input Jitter      (TIJ):    0.000ns
    Discrete Jitter          (DJ):    0.000ns
    Phase Error              (PE):    0.000ns
    User Uncertainty         (UU):    0.050ns

    Location             Delay type                Incr(ns)  Path(ns)    Netlist Resource(s)
  -------------------------------------------------------------------    -------------------
                         (clock clk rise edge)        0.000     0.000 r  
                                                      0.000     0.000 r  clk (IN)
                         net (fo=10952, unset)        0.029     0.029    u_mc2/PE_LANE[12].u_pe/clk
    SLICE_X50Y162        FDCE                                         r  u_mc2/PE_LANE[12].u_pe/out_val2_reg[10]/C
  -------------------------------------------------------------------    -------------------
    SLICE_X50Y162        FDCE (Prop_HFF_SLICEL_C_Q)
                                                      0.112     0.141 r  u_mc2/PE_LANE[12].u_pe/out_val2_reg[10]/Q
                         net (fo=2, routed)           0.091     0.232    cl2_out_vec2[202]
    SLICE_X50Y161        FDCE                                         r  c2_m6_dB_reg_reg[202]/D
  -------------------------------------------------------------------    -------------------

                         (clock clk rise edge)        0.000     0.000 r  
                                                      0.000     0.000 r  clk (IN)
                         net (fo=10952, unset)        0.042     0.042    clk
    SLICE_X50Y161        FDCE                                         r  c2_m6_dB_reg_reg[202]/C
                         clock pessimism              0.000     0.042    
                         clock uncertainty            0.050     0.092    
    SLICE_X50Y161        FDCE (Hold_HFF2_SLICEL_C_D)
                                                      0.103     0.195    c2_m6_dB_reg_reg[202]
  -------------------------------------------------------------------
                         required time                         -0.195    
                         arrival time                           0.232    
  -------------------------------------------------------------------
                         slack                                  0.037    

Slack (MET) :             0.040ns  (arrival time - required time)
  Source:                 u_mc/PE_LANE[0].u_pe/out_val2_reg[7]/C
                            (rising edge-triggered cell FDCE clocked by clk  {rise@0.000ns fall@5.000ns period=10.000ns})
  Destination:            m6_dB_reg_reg[7]/D
                            (rising edge-triggered cell FDCE clocked by clk  {rise@0.000ns fall@5.000ns period=10.000ns})
  Path Group:             clk
  Path Type:              Hold (Min at Slow Process Corner)
  Requirement:            0.000ns  (clk rise@0.000ns - clk rise@0.000ns)
  Data Path Delay:        0.204ns  (logic 0.112ns (54.821%)  route 0.092ns (45.179%))
  Logic Levels:           0  
  Clock Path Skew:        0.012ns (DCD - SCD - CPR)
    Destination Clock Delay (DCD):    0.041ns
    Source Clock Delay      (SCD):    0.029ns
    Clock Pessimism Removal (CPR):    -0.000ns
  Clock Uncertainty:      0.050ns  ((TSJ^2 + TIJ^2)^1/2 + DJ) / 2 + PE + UU
    Total System Jitter     (TSJ):    0.000ns
    Total Input Jitter      (TIJ):    0.000ns
    Discrete Jitter          (DJ):    0.000ns
    Phase Error              (PE):    0.000ns
    User Uncertainty         (UU):    0.050ns

    Location             Delay type                Incr(ns)  Path(ns)    Netlist Resource(s)
  -------------------------------------------------------------------    -------------------
                         (clock clk rise edge)        0.000     0.000 r  
                                                      0.000     0.000 r  clk (IN)
                         net (fo=10952, unset)        0.029     0.029    u_mc/PE_LANE[0].u_pe/clk
    SLICE_X23Y111        FDCE                                         r  u_mc/PE_LANE[0].u_pe/out_val2_reg[7]/C
  -------------------------------------------------------------------    -------------------
    SLICE_X23Y111        FDCE (Prop_GFF_SLICEL_C_Q)
                                                      0.112     0.141 r  u_mc/PE_LANE[0].u_pe/out_val2_reg[7]/Q
                         net (fo=2, routed)           0.092     0.233    cl_out_vec2[7]
    SLICE_X23Y110        FDCE                                         r  m6_dB_reg_reg[7]/D
  -------------------------------------------------------------------    -------------------

                         (clock clk rise edge)        0.000     0.000 r  
                                                      0.000     0.000 r  clk (IN)
                         net (fo=10952, unset)        0.041     0.041    clk
    SLICE_X23Y110        FDCE                                         r  m6_dB_reg_reg[7]/C
                         clock pessimism              0.000     0.041    
                         clock uncertainty            0.050     0.091    
    SLICE_X23Y110        FDCE (Hold_DFF2_SLICEL_C_D)
                                                      0.102     0.193    m6_dB_reg_reg[7]
  -------------------------------------------------------------------
                         required time                         -0.193    
                         arrival time                           0.233    
  -------------------------------------------------------------------
                         slack                                  0.040    

Slack (MET) :             0.041ns  (arrival time - required time)
  Source:                 u_mc2/PE_LANE[13].u_pe/out_val2_reg[3]/C
                            (rising edge-triggered cell FDCE clocked by clk  {rise@0.000ns fall@5.000ns period=10.000ns})
  Destination:            c2_m6_dB_reg_reg[211]/D
                            (rising edge-triggered cell FDCE clocked by clk  {rise@0.000ns fall@5.000ns period=10.000ns})
  Path Group:             clk
  Path Type:              Hold (Min at Fast Process Corner)
  Requirement:            0.000ns  (clk rise@0.000ns - clk rise@0.000ns)
  Data Path Delay:        0.141ns  (logic 0.084ns (59.578%)  route 0.057ns (40.422%))
  Logic Levels:           0  
  Clock Path Skew:        0.005ns (DCD - SCD - CPR)
    Destination Clock Delay (DCD):    0.019ns
    Source Clock Delay      (SCD):    0.014ns
    Clock Pessimism Removal (CPR):    -0.000ns
  Clock Uncertainty:      0.050ns  ((TSJ^2 + TIJ^2)^1/2 + DJ) / 2 + PE + UU
    Total System Jitter     (TSJ):    0.000ns
    Total Input Jitter      (TIJ):    0.000ns
    Discrete Jitter          (DJ):    0.000ns
    Phase Error              (PE):    0.000ns
    User Uncertainty         (UU):    0.050ns

    Location             Delay type                Incr(ns)  Path(ns)    Netlist Resource(s)
  -------------------------------------------------------------------    -------------------
                         (clock clk rise edge)        0.000     0.000 r  
                                                      0.000     0.000 r  clk (IN)
                         net (fo=10952, unset)        0.014     0.014    u_mc2/PE_LANE[13].u_pe/clk
    SLICE_X50Y154        FDCE                                         r  u_mc2/PE_LANE[13].u_pe/out_val2_reg[3]/C
  -------------------------------------------------------------------    -------------------
    SLICE_X50Y154        FDCE (Prop_DFF_SLICEL_C_Q)
                                                      0.084     0.098 r  u_mc2/PE_LANE[13].u_pe/out_val2_reg[3]/Q
                         net (fo=2, routed)           0.057     0.155    cl2_out_vec2[211]
    SLICE_X49Y154        FDCE                                         r  c2_m6_dB_reg_reg[211]/D
  -------------------------------------------------------------------    -------------------

                         (clock clk rise edge)        0.000     0.000 r  
                                                      0.000     0.000 r  clk (IN)
                         net (fo=10952, unset)        0.019     0.019    clk
    SLICE_X49Y154        FDCE                                         r  c2_m6_dB_reg_reg[211]/C
                         clock pessimism              0.000     0.019    
                         clock uncertainty            0.050     0.069    
    SLICE_X49Y154        FDCE (Hold_DFF2_SLICEL_C_D)
                                                      0.045     0.114    c2_m6_dB_reg_reg[211]
  -------------------------------------------------------------------
                         required time                         -0.114    
                         arrival time                           0.155    
  -------------------------------------------------------------------
                         slack                                  0.041    

Slack (MET) :             0.041ns  (arrival time - required time)
  Source:                 u_mc/PE_LANE[1].u_pe/out_val2_reg[6]/C
                            (rising edge-triggered cell FDCE clocked by clk  {rise@0.000ns fall@5.000ns period=10.000ns})
  Destination:            m6_dB_reg_reg[22]/D
                            (rising edge-triggered cell FDCE clocked by clk  {rise@0.000ns fall@5.000ns period=10.000ns})
  Path Group:             clk
  Path Type:              Hold (Min at Slow Process Corner)
  Requirement:            0.000ns  (clk rise@0.000ns - clk rise@0.000ns)
  Data Path Delay:        0.207ns  (logic 0.112ns (54.076%)  route 0.095ns (45.924%))
  Logic Levels:           0  
  Clock Path Skew:        0.013ns (DCD - SCD - CPR)
    Destination Clock Delay (DCD):    0.042ns
    Source Clock Delay      (SCD):    0.029ns
    Clock Pessimism Removal (CPR):    -0.000ns
  Clock Uncertainty:      0.050ns  ((TSJ^2 + TIJ^2)^1/2 + DJ) / 2 + PE + UU
    Total System Jitter     (TSJ):    0.000ns
    Total Input Jitter      (TIJ):    0.000ns
    Discrete Jitter          (DJ):    0.000ns
    Phase Error              (PE):    0.000ns
    User Uncertainty         (UU):    0.050ns

    Location             Delay type                Incr(ns)  Path(ns)    Netlist Resource(s)
  -------------------------------------------------------------------    -------------------
                         (clock clk rise edge)        0.000     0.000 r  
                                                      0.000     0.000 r  clk (IN)
                         net (fo=10952, unset)        0.029     0.029    u_mc/PE_LANE[1].u_pe/clk
    SLICE_X27Y113        FDCE                                         r  u_mc/PE_LANE[1].u_pe/out_val2_reg[6]/C
  -------------------------------------------------------------------    -------------------
    SLICE_X27Y113        FDCE (Prop_CFF_SLICEL_C_Q)
                                                      0.112     0.141 r  u_mc/PE_LANE[1].u_pe/out_val2_reg[6]/Q
                         net (fo=2, routed)           0.095     0.236    cl_out_vec2[22]
    SLICE_X27Y113        FDCE                                         r  m6_dB_reg_reg[22]/D
  -------------------------------------------------------------------    -------------------

                         (clock clk rise edge)        0.000     0.000 r  
                                                      0.000     0.000 r  clk (IN)
                         net (fo=10952, unset)        0.042     0.042    clk
    SLICE_X27Y113        FDCE                                         r  m6_dB_reg_reg[22]/C
                         clock pessimism              0.000     0.042    
                         clock uncertainty            0.050     0.092    
    SLICE_X27Y113        FDCE (Hold_HFF2_SLICEL_C_D)
                                                      0.103     0.195    m6_dB_reg_reg[22]
  -------------------------------------------------------------------
                         required time                         -0.195    
                         arrival time                           0.236    
  -------------------------------------------------------------------
                         slack                                  0.041    

Slack (MET) :             0.041ns  (arrival time - required time)
  Source:                 u_mc2/PE_LANE[7].u_pe/out_val2_reg[4]/C
                            (rising edge-triggered cell FDCE clocked by clk  {rise@0.000ns fall@5.000ns period=10.000ns})
  Destination:            c2_m6_dB_reg_reg[116]/D
                            (rising edge-triggered cell FDCE clocked by clk  {rise@0.000ns fall@5.000ns period=10.000ns})
  Path Group:             clk
  Path Type:              Hold (Min at Slow Process Corner)
  Requirement:            0.000ns  (clk rise@0.000ns - clk rise@0.000ns)
  Data Path Delay:        0.207ns  (logic 0.112ns (54.027%)  route 0.095ns (45.973%))
  Logic Levels:           0  
  Clock Path Skew:        0.013ns (DCD - SCD - CPR)
    Destination Clock Delay (DCD):    0.042ns
    Source Clock Delay      (SCD):    0.029ns
    Clock Pessimism Removal (CPR):    -0.000ns
  Clock Uncertainty:      0.050ns  ((TSJ^2 + TIJ^2)^1/2 + DJ) / 2 + PE + UU
    Total System Jitter     (TSJ):    0.000ns
    Total Input Jitter      (TIJ):    0.000ns
    Discrete Jitter          (DJ):    0.000ns
    Phase Error              (PE):    0.000ns
    User Uncertainty         (UU):    0.050ns

    Location             Delay type                Incr(ns)  Path(ns)    Netlist Resource(s)
  -------------------------------------------------------------------    -------------------
                         (clock clk rise edge)        0.000     0.000 r  
                                                      0.000     0.000 r  clk (IN)
                         net (fo=10952, unset)        0.029     0.029    u_mc2/PE_LANE[7].u_pe/clk
    SLICE_X42Y140        FDCE                                         r  u_mc2/PE_LANE[7].u_pe/out_val2_reg[4]/C
  -------------------------------------------------------------------    -------------------
    SLICE_X42Y140        FDCE (Prop_CFF_SLICEL_C_Q)
                                                      0.112     0.141 r  u_mc2/PE_LANE[7].u_pe/out_val2_reg[4]/Q
                         net (fo=2, routed)           0.095     0.236    cl2_out_vec2[116]
    SLICE_X42Y140        FDCE                                         r  c2_m6_dB_reg_reg[116]/D
  -------------------------------------------------------------------    -------------------

                         (clock clk rise edge)        0.000     0.000 r  
                                                      0.000     0.000 r  clk (IN)
                         net (fo=10952, unset)        0.042     0.042    clk
    SLICE_X42Y140        FDCE                                         r  c2_m6_dB_reg_reg[116]/C
                         clock pessimism              0.000     0.042    
                         clock uncertainty            0.050     0.092    
    SLICE_X42Y140        FDCE (Hold_HFF2_SLICEL_C_D)
                                                      0.103     0.195    c2_m6_dB_reg_reg[116]
  -------------------------------------------------------------------
                         required time                         -0.195    
                         arrival time                           0.236    
  -------------------------------------------------------------------
                         slack                                  0.041    

Slack (MET) :             0.041ns  (arrival time - required time)
  Source:                 u_mc/PE_LANE[5].u_pe/out_val2_reg[3]/C
                            (rising edge-triggered cell FDCE clocked by clk  {rise@0.000ns fall@5.000ns period=10.000ns})
  Destination:            m6_dB_reg_reg[83]/D
                            (rising edge-triggered cell FDCE clocked by clk  {rise@0.000ns fall@5.000ns period=10.000ns})
  Path Group:             clk
  Path Type:              Hold (Min at Slow Process Corner)
  Requirement:            0.000ns  (clk rise@0.000ns - clk rise@0.000ns)
  Data Path Delay:        0.207ns  (logic 0.112ns (54.027%)  route 0.095ns (45.973%))
  Logic Levels:           0  
  Clock Path Skew:        0.013ns (DCD - SCD - CPR)
    Destination Clock Delay (DCD):    0.042ns
    Source Clock Delay      (SCD):    0.029ns
    Clock Pessimism Removal (CPR):    -0.000ns
  Clock Uncertainty:      0.050ns  ((TSJ^2 + TIJ^2)^1/2 + DJ) / 2 + PE + UU
    Total System Jitter     (TSJ):    0.000ns
    Total Input Jitter      (TIJ):    0.000ns
    Discrete Jitter          (DJ):    0.000ns
    Phase Error              (PE):    0.000ns
    User Uncertainty         (UU):    0.050ns

    Location             Delay type                Incr(ns)  Path(ns)    Netlist Resource(s)
  -------------------------------------------------------------------    -------------------
                         (clock clk rise edge)        0.000     0.000 r  
                                                      0.000     0.000 r  clk (IN)
                         net (fo=10952, unset)        0.029     0.029    u_mc/PE_LANE[5].u_pe/clk
    SLICE_X26Y141        FDCE                                         r  u_mc/PE_LANE[5].u_pe/out_val2_reg[3]/C
  -------------------------------------------------------------------    -------------------
    SLICE_X26Y141        FDCE (Prop_CFF_SLICEL_C_Q)
                                                      0.112     0.141 r  u_mc/PE_LANE[5].u_pe/out_val2_reg[3]/Q
                         net (fo=2, routed)           0.095     0.236    cl_out_vec2[83]
    SLICE_X26Y141        FDCE                                         r  m6_dB_reg_reg[83]/D
  -------------------------------------------------------------------    -------------------

                         (clock clk rise edge)        0.000     0.000 r  
                                                      0.000     0.000 r  clk (IN)
                         net (fo=10952, unset)        0.042     0.042    clk
    SLICE_X26Y141        FDCE                                         r  m6_dB_reg_reg[83]/C
                         clock pessimism              0.000     0.042    
                         clock uncertainty            0.050     0.092    
    SLICE_X26Y141        FDCE (Hold_HFF2_SLICEL_C_D)
                                                      0.103     0.195    m6_dB_reg_reg[83]
  -------------------------------------------------------------------
                         required time                         -0.195    
                         arrival time                           0.236    
  -------------------------------------------------------------------
                         slack                                  0.041    

Slack (MET) :             0.043ns  (arrival time - required time)
  Source:                 u_mc2/PE_LANE[6].u_pe/out_val2_reg[9]/C
                            (rising edge-triggered cell FDCE clocked by clk  {rise@0.000ns fall@5.000ns period=10.000ns})
  Destination:            c2_m6_dB_reg_reg[105]/D
                            (rising edge-triggered cell FDCE clocked by clk  {rise@0.000ns fall@5.000ns period=10.000ns})
  Path Group:             clk
  Path Type:              Hold (Min at Slow Process Corner)
  Requirement:            0.000ns  (clk rise@0.000ns - clk rise@0.000ns)
  Data Path Delay:        0.208ns  (logic 0.111ns (53.365%)  route 0.097ns (46.635%))
  Logic Levels:           0  
  Clock Path Skew:        0.012ns (DCD - SCD - CPR)
    Destination Clock Delay (DCD):    0.043ns
    Source Clock Delay      (SCD):    0.031ns
    Clock Pessimism Removal (CPR):    -0.000ns
  Clock Uncertainty:      0.050ns  ((TSJ^2 + TIJ^2)^1/2 + DJ) / 2 + PE + UU
    Total System Jitter     (TSJ):    0.000ns
    Total Input Jitter      (TIJ):    0.000ns
    Discrete Jitter          (DJ):    0.000ns
    Phase Error              (PE):    0.000ns
    User Uncertainty         (UU):    0.050ns

    Location             Delay type                Incr(ns)  Path(ns)    Netlist Resource(s)
  -------------------------------------------------------------------    -------------------
                         (clock clk rise edge)        0.000     0.000 r  
                                                      0.000     0.000 r  clk (IN)
                         net (fo=10952, unset)        0.031     0.031    u_mc2/PE_LANE[6].u_pe/clk
    SLICE_X37Y141        FDCE                                         r  u_mc2/PE_LANE[6].u_pe/out_val2_reg[9]/C
  -------------------------------------------------------------------    -------------------
    SLICE_X37Y141        FDCE (Prop_FFF_SLICEM_C_Q)
                                                      0.111     0.142 r  u_mc2/PE_LANE[6].u_pe/out_val2_reg[9]/Q
                         net (fo=2, routed)           0.097     0.239    cl2_out_vec2[105]
    SLICE_X37Y140        FDCE                                         r  c2_m6_dB_reg_reg[105]/D
  -------------------------------------------------------------------    -------------------

                         (clock clk rise edge)        0.000     0.000 r  
                                                      0.000     0.000 r  clk (IN)
                         net (fo=10952, unset)        0.043     0.043    clk
    SLICE_X37Y140        FDCE                                         r  c2_m6_dB_reg_reg[105]/C
                         clock pessimism              0.000     0.043    
                         clock uncertainty            0.050     0.093    
    SLICE_X37Y140        FDCE (Hold_HFF2_SLICEM_C_D)
                                                      0.103     0.196    c2_m6_dB_reg_reg[105]
  -------------------------------------------------------------------
                         required time                         -0.196    
                         arrival time                           0.239    
  -------------------------------------------------------------------
                         slack                                  0.043    

Slack (MET) :             0.044ns  (arrival time - required time)
  Source:                 u_mc2/PE_LANE[9].u_pe/out_val2_reg[11]/C
                            (rising edge-triggered cell FDCE clocked by clk  {rise@0.000ns fall@5.000ns period=10.000ns})
  Destination:            c2_m6_dB_reg_reg[155]/D
                            (rising edge-triggered cell FDCE clocked by clk  {rise@0.000ns fall@5.000ns period=10.000ns})
  Path Group:             clk
  Path Type:              Hold (Min at Slow Process Corner)
  Requirement:            0.000ns  (clk rise@0.000ns - clk rise@0.000ns)
  Data Path Delay:        0.210ns  (logic 0.112ns (53.316%)  route 0.098ns (46.684%))
  Logic Levels:           0  
  Clock Path Skew:        0.013ns (DCD - SCD - CPR)
    Destination Clock Delay (DCD):    0.042ns
    Source Clock Delay      (SCD):    0.029ns
    Clock Pessimism Removal (CPR):    -0.000ns
  Clock Uncertainty:      0.050ns  ((TSJ^2 + TIJ^2)^1/2 + DJ) / 2 + PE + UU
    Total System Jitter     (TSJ):    0.000ns
    Total Input Jitter      (TIJ):    0.000ns
    Discrete Jitter          (DJ):    0.000ns
    Phase Error              (PE):    0.000ns
    User Uncertainty         (UU):    0.050ns

    Location             Delay type                Incr(ns)  Path(ns)    Netlist Resource(s)
  -------------------------------------------------------------------    -------------------
                         (clock clk rise edge)        0.000     0.000 r  
                                                      0.000     0.000 r  clk (IN)
                         net (fo=10952, unset)        0.029     0.029    u_mc2/PE_LANE[9].u_pe/clk
    SLICE_X42Y162        FDCE                                         r  u_mc2/PE_LANE[9].u_pe/out_val2_reg[11]/C
  -------------------------------------------------------------------    -------------------
    SLICE_X42Y162        FDCE (Prop_HFF_SLICEL_C_Q)
                                                      0.112     0.141 r  u_mc2/PE_LANE[9].u_pe/out_val2_reg[11]/Q
                         net (fo=2, routed)           0.098     0.239    cl2_out_vec2[155]
    SLICE_X42Y160        FDCE                                         r  c2_m6_dB_reg_reg[155]/D
  -------------------------------------------------------------------    -------------------

                         (clock clk rise edge)        0.000     0.000 r  
                                                      0.000     0.000 r  clk (IN)
                         net (fo=10952, unset)        0.042     0.042    clk
    SLICE_X42Y160        FDCE                                         r  c2_m6_dB_reg_reg[155]/C
                         clock pessimism              0.000     0.042    
                         clock uncertainty            0.050     0.092    
    SLICE_X42Y160        FDCE (Hold_GFF2_SLICEL_C_D)
                                                      0.103     0.195    c2_m6_dB_reg_reg[155]
  -------------------------------------------------------------------
                         required time                         -0.195    
                         arrival time                           0.239    
  -------------------------------------------------------------------
                         slack                                  0.044    

Slack (MET) :             0.046ns  (arrival time - required time)
  Source:                 u_mc2/PE_LANE[12].u_pe/out_val2_reg[9]/C
                            (rising edge-triggered cell FDCE clocked by clk  {rise@0.000ns fall@5.000ns period=10.000ns})
  Destination:            c2_m6_dB_reg_reg[201]/D
                            (rising edge-triggered cell FDCE clocked by clk  {rise@0.000ns fall@5.000ns period=10.000ns})
  Path Group:             clk
  Path Type:              Hold (Min at Fast Process Corner)
  Requirement:            0.000ns  (clk rise@0.000ns - clk rise@0.000ns)
  Data Path Delay:        0.147ns  (logic 0.084ns (57.285%)  route 0.063ns (42.715%))
  Logic Levels:           0  
  Clock Path Skew:        0.006ns (DCD - SCD - CPR)
    Destination Clock Delay (DCD):    0.020ns
    Source Clock Delay      (SCD):    0.014ns
    Clock Pessimism Removal (CPR):    -0.000ns
  Clock Uncertainty:      0.050ns  ((TSJ^2 + TIJ^2)^1/2 + DJ) / 2 + PE + UU
    Total System Jitter     (TSJ):    0.000ns
    Total Input Jitter      (TIJ):    0.000ns
    Discrete Jitter          (DJ):    0.000ns
    Phase Error              (PE):    0.000ns
    User Uncertainty         (UU):    0.050ns

    Location             Delay type                Incr(ns)  Path(ns)    Netlist Resource(s)
  -------------------------------------------------------------------    -------------------
                         (clock clk rise edge)        0.000     0.000 r  
                                                      0.000     0.000 r  clk (IN)
                         net (fo=10952, unset)        0.014     0.014    u_mc2/PE_LANE[12].u_pe/clk
    SLICE_X52Y161        FDCE                                         r  u_mc2/PE_LANE[12].u_pe/out_val2_reg[9]/C
  -------------------------------------------------------------------    -------------------
    SLICE_X52Y161        FDCE (Prop_BFF_SLICEL_C_Q)
                                                      0.084     0.098 r  u_mc2/PE_LANE[12].u_pe/out_val2_reg[9]/Q
                         net (fo=2, routed)           0.063     0.161    cl2_out_vec2[201]
    SLICE_X52Y160        FDCE                                         r  c2_m6_dB_reg_reg[201]/D
  -------------------------------------------------------------------    -------------------

                         (clock clk rise edge)        0.000     0.000 r  
                                                      0.000     0.000 r  clk (IN)
                         net (fo=10952, unset)        0.020     0.020    clk
    SLICE_X52Y160        FDCE                                         r  c2_m6_dB_reg_reg[201]/C
                         clock pessimism              0.000     0.020    
                         clock uncertainty            0.050     0.070    
    SLICE_X52Y160        FDCE (Hold_GFF2_SLICEL_C_D)
                                                      0.045     0.115    c2_m6_dB_reg_reg[201]
  -------------------------------------------------------------------
                         required time                         -0.115    
                         arrival time                           0.161    
  -------------------------------------------------------------------
                         slack                                  0.046    





Pulse Width Checks
--------------------------------------------------------------------------------------
Clock Name:         clk
Waveform(ns):       { 0.000 5.000 }
Period(ns):         10.000
Sources:            { clk }

Check Type        Corner  Lib Pin      Reference Pin  Required(ns)  Actual(ns)  Slack(ns)  Location       Pin
Min Period        n/a     URAM288/CLK  n/a            2.471         10.000      7.529      URAM288_X0Y28  u_mc/HAS_H_GEN.u_hrf/mem_reg_uram_0/CLK
Min Period        n/a     URAM288/CLK  n/a            2.471         10.000      7.529      URAM288_X0Y44  u_mc/HAS_H_GEN.u_hrf/mem_reg_uram_1/CLK
Min Period        n/a     URAM288/CLK  n/a            2.471         10.000      7.529      URAM288_X0Y48  u_mc/HAS_H_GEN.u_hrf/mem_reg_uram_2/CLK
Min Period        n/a     URAM288/CLK  n/a            2.471         10.000      7.529      URAM288_X0Y49  u_mc/HAS_H_GEN.u_hrf/mem_reg_uram_3/CLK
Min Period        n/a     URAM288/CLK  n/a            2.471         10.000      7.529      URAM288_X0Y29  u_mc2/HAS_H_GEN.u_hrf/mem_reg_uram_0/CLK
Min Period        n/a     URAM288/CLK  n/a            2.471         10.000      7.529      URAM288_X0Y32  u_mc2/HAS_H_GEN.u_hrf/mem_reg_uram_1/CLK
Min Period        n/a     URAM288/CLK  n/a            2.471         10.000      7.529      URAM288_X0Y40  u_mc2/HAS_H_GEN.u_hrf/mem_reg_uram_2/CLK
Min Period        n/a     URAM288/CLK  n/a            2.471         10.000      7.529      URAM288_X0Y33  u_mc2/HAS_H_GEN.u_hrf/mem_reg_uram_3/CLK
Min Period        n/a     URAM288/CLK  n/a            2.471         10.000      7.529      URAM288_X0Y36  u_mem/ram_main_c1/ram_reg_uram_0/CLK
Min Period        n/a     URAM288/CLK  n/a            2.471         10.000      7.529      URAM288_X0Y37  u_mem/ram_main_c1/ram_reg_uram_1/CLK
Low Pulse Width   Slow    URAM288/CLK  n/a            0.800         5.000       4.200      URAM288_X0Y28  u_mc/HAS_H_GEN.u_hrf/mem_reg_uram_0/CLK
Low Pulse Width   Fast    URAM288/CLK  n/a            0.800         5.000       4.200      URAM288_X0Y28  u_mc/HAS_H_GEN.u_hrf/mem_reg_uram_0/CLK
Low Pulse Width   Slow    URAM288/CLK  n/a            0.800         5.000       4.200      URAM288_X0Y44  u_mc/HAS_H_GEN.u_hrf/mem_reg_uram_1/CLK
Low Pulse Width   Fast    URAM288/CLK  n/a            0.800         5.000       4.200      URAM288_X0Y44  u_mc/HAS_H_GEN.u_hrf/mem_reg_uram_1/CLK
Low Pulse Width   Slow    URAM288/CLK  n/a            0.800         5.000       4.200      URAM288_X0Y48  u_mc/HAS_H_GEN.u_hrf/mem_reg_uram_2/CLK
Low Pulse Width   Fast    URAM288/CLK  n/a            0.800         5.000       4.200      URAM288_X0Y48  u_mc/HAS_H_GEN.u_hrf/mem_reg_uram_2/CLK
Low Pulse Width   Slow    URAM288/CLK  n/a            0.800         5.000       4.200      URAM288_X0Y49  u_mc/HAS_H_GEN.u_hrf/mem_reg_uram_3/CLK
Low Pulse Width   Fast    URAM288/CLK  n/a            0.800         5.000       4.200      URAM288_X0Y49  u_mc/HAS_H_GEN.u_hrf/mem_reg_uram_3/CLK
Low Pulse Width   Slow    URAM288/CLK  n/a            0.800         5.000       4.200      URAM288_X0Y29  u_mc2/HAS_H_GEN.u_hrf/mem_reg_uram_0/CLK
Low Pulse Width   Fast    URAM288/CLK  n/a            0.800         5.000       4.200      URAM288_X0Y29  u_mc2/HAS_H_GEN.u_hrf/mem_reg_uram_0/CLK
High Pulse Width  Slow    URAM288/CLK  n/a            0.800         5.000       4.200      URAM288_X0Y28  u_mc/HAS_H_GEN.u_hrf/mem_reg_uram_0/CLK
High Pulse Width  Fast    URAM288/CLK  n/a            0.800         5.000       4.200      URAM288_X0Y28  u_mc/HAS_H_GEN.u_hrf/mem_reg_uram_0/CLK
High Pulse Width  Slow    URAM288/CLK  n/a            0.800         5.000       4.200      URAM288_X0Y44  u_mc/HAS_H_GEN.u_hrf/mem_reg_uram_1/CLK
High Pulse Width  Fast    URAM288/CLK  n/a            0.800         5.000       4.200      URAM288_X0Y44  u_mc/HAS_H_GEN.u_hrf/mem_reg_uram_1/CLK
High Pulse Width  Slow    URAM288/CLK  n/a            0.800         5.000       4.200      URAM288_X0Y48  u_mc/HAS_H_GEN.u_hrf/mem_reg_uram_2/CLK
High Pulse Width  Fast    URAM288/CLK  n/a            0.800         5.000       4.200      URAM288_X0Y48  u_mc/HAS_H_GEN.u_hrf/mem_reg_uram_2/CLK
High Pulse Width  Slow    URAM288/CLK  n/a            0.800         5.000       4.200      URAM288_X0Y49  u_mc/HAS_H_GEN.u_hrf/mem_reg_uram_3/CLK
High Pulse Width  Fast    URAM288/CLK  n/a            0.800         5.000       4.200      URAM288_X0Y49  u_mc/HAS_H_GEN.u_hrf/mem_reg_uram_3/CLK
High Pulse Width  Slow    URAM288/CLK  n/a            0.800         5.000       4.200      URAM288_X0Y29  u_mc2/HAS_H_GEN.u_hrf/mem_reg_uram_0/CLK
High Pulse Width  Fast    URAM288/CLK  n/a            0.800         5.000       4.200      URAM288_X0Y29  u_mc2/HAS_H_GEN.u_hrf/mem_reg_uram_0/CLK



--------------------------------------------------------------------------------------
Path Group:  (none)
From Clock:  
  To Clock:  clk

Max Delay          9229 Endpoints
Min Delay          9229 Endpoints
--------------------------------------------------------------------------------------


Max Delay Paths
--------------------------------------------------------------------------------------
Slack:                    inf
  Source:                 rst
                            (input port)
  Destination:            u_mc/HAS_H_GEN.u_hrf/mem_reg_uram_0/RST_A
                            (rising edge-triggered cell URAM288 clocked by clk  {rise@0.000ns fall@5.000ns period=10.000ns})
  Path Group:             (none)
  Path Type:              Setup (Max at Slow Process Corner)
  Data Path Delay:        0.046ns  (logic 0.000ns (0.000%)  route 0.046ns (100.000%))
  Logic Levels:           0  
  Clock Path Skew:        0.085ns (DCD - SCD + CPR)
    Destination Clock Delay (DCD):    0.085ns
    Source Clock Delay      (SCD):    0.000ns
    Clock Pessimism Removal (CPR):    0.000ns
  Clock Uncertainty:      0.175ns  ((TSJ^2 + TIJ^2)^1/2 + DJ) / 2 + PE + UU
    Total System Jitter     (TSJ):    0.050ns
    Total Input Jitter      (TIJ):    0.000ns
    Discrete Jitter          (DJ):    0.000ns
    Phase Error              (PE):    0.000ns
    User Uncertainty         (UU):    0.150ns
  Timing Exception:       False Path

    Location             Delay type                Incr(ns)  Path(ns)    Netlist Resource(s)
  -------------------------------------------------------------------    -------------------
                                                      0.000     0.000 r  rst (IN)
                         net (fo=9228, unset)         0.046     0.046    u_mc/HAS_H_GEN.u_hrf/rst
    URAM288_X0Y28        URAM288                                      r  u_mc/HAS_H_GEN.u_hrf/mem_reg_uram_0/RST_A
  -------------------------------------------------------------------    -------------------

                         (clock clk rise edge)        0.000     0.000 r  
                                                      0.000     0.000 r  clk (IN)
                         net (fo=10952, unset)        0.085     0.085    u_mc/HAS_H_GEN.u_hrf/clk
    URAM288_X0Y28        URAM288                                      r  u_mc/HAS_H_GEN.u_hrf/mem_reg_uram_0/CLK

Slack:                    inf
  Source:                 rst
                            (input port)
  Destination:            u_mc/HAS_H_GEN.u_hrf/mem_reg_uram_1/RST_A
                            (rising edge-triggered cell URAM288 clocked by clk  {rise@0.000ns fall@5.000ns period=10.000ns})
  Path Group:             (none)
  Path Type:              Setup (Max at Slow Process Corner)
  Data Path Delay:        0.046ns  (logic 0.000ns (0.000%)  route 0.046ns (100.000%))
  Logic Levels:           0  
  Clock Path Skew:        0.085ns (DCD - SCD + CPR)
    Destination Clock Delay (DCD):    0.085ns
    Source Clock Delay      (SCD):    0.000ns
    Clock Pessimism Removal (CPR):    0.000ns
  Clock Uncertainty:      0.175ns  ((TSJ^2 + TIJ^2)^1/2 + DJ) / 2 + PE + UU
    Total System Jitter     (TSJ):    0.050ns
    Total Input Jitter      (TIJ):    0.000ns
    Discrete Jitter          (DJ):    0.000ns
    Phase Error              (PE):    0.000ns
    User Uncertainty         (UU):    0.150ns
  Timing Exception:       False Path

    Location             Delay type                Incr(ns)  Path(ns)    Netlist Resource(s)
  -------------------------------------------------------------------    -------------------
                                                      0.000     0.000 r  rst (IN)
                         net (fo=9228, unset)         0.046     0.046    u_mc/HAS_H_GEN.u_hrf/rst
    URAM288_X0Y44        URAM288                                      r  u_mc/HAS_H_GEN.u_hrf/mem_reg_uram_1/RST_A
  -------------------------------------------------------------------    -------------------

                         (clock clk rise edge)        0.000     0.000 r  
                                                      0.000     0.000 r  clk (IN)
                         net (fo=10952, unset)        0.085     0.085    u_mc/HAS_H_GEN.u_hrf/clk
    URAM288_X0Y44        URAM288                                      r  u_mc/HAS_H_GEN.u_hrf/mem_reg_uram_1/CLK

Slack:                    inf
  Source:                 rst
                            (input port)
  Destination:            u_mc/HAS_H_GEN.u_hrf/mem_reg_uram_2/RST_A
                            (rising edge-triggered cell URAM288 clocked by clk  {rise@0.000ns fall@5.000ns period=10.000ns})
  Path Group:             (none)
  Path Type:              Setup (Max at Slow Process Corner)
  Data Path Delay:        0.046ns  (logic 0.000ns (0.000%)  route 0.046ns (100.000%))
  Logic Levels:           0  
  Clock Path Skew:        0.085ns (DCD - SCD + CPR)
    Destination Clock Delay (DCD):    0.085ns
    Source Clock Delay      (SCD):    0.000ns
    Clock Pessimism Removal (CPR):    0.000ns
  Clock Uncertainty:      0.175ns  ((TSJ^2 + TIJ^2)^1/2 + DJ) / 2 + PE + UU
    Total System Jitter     (TSJ):    0.050ns
    Total Input Jitter      (TIJ):    0.000ns
    Discrete Jitter          (DJ):    0.000ns
    Phase Error              (PE):    0.000ns
    User Uncertainty         (UU):    0.150ns
  Timing Exception:       False Path

    Location             Delay type                Incr(ns)  Path(ns)    Netlist Resource(s)
  -------------------------------------------------------------------    -------------------
                                                      0.000     0.000 r  rst (IN)
                         net (fo=9228, unset)         0.046     0.046    u_mc/HAS_H_GEN.u_hrf/rst
    URAM288_X0Y48        URAM288                                      r  u_mc/HAS_H_GEN.u_hrf/mem_reg_uram_2/RST_A
  -------------------------------------------------------------------    -------------------

                         (clock clk rise edge)        0.000     0.000 r  
                                                      0.000     0.000 r  clk (IN)
                         net (fo=10952, unset)        0.085     0.085    u_mc/HAS_H_GEN.u_hrf/clk
    URAM288_X0Y48        URAM288                                      r  u_mc/HAS_H_GEN.u_hrf/mem_reg_uram_2/CLK

Slack:                    inf
  Source:                 rst
                            (input port)
  Destination:            u_mc/HAS_H_GEN.u_hrf/mem_reg_uram_3/RST_A
                            (rising edge-triggered cell URAM288 clocked by clk  {rise@0.000ns fall@5.000ns period=10.000ns})
  Path Group:             (none)
  Path Type:              Setup (Max at Slow Process Corner)
  Data Path Delay:        0.046ns  (logic 0.000ns (0.000%)  route 0.046ns (100.000%))
  Logic Levels:           0  
  Clock Path Skew:        0.085ns (DCD - SCD + CPR)
    Destination Clock Delay (DCD):    0.085ns
    Source Clock Delay      (SCD):    0.000ns
    Clock Pessimism Removal (CPR):    0.000ns
  Clock Uncertainty:      0.175ns  ((TSJ^2 + TIJ^2)^1/2 + DJ) / 2 + PE + UU
    Total System Jitter     (TSJ):    0.050ns
    Total Input Jitter      (TIJ):    0.000ns
    Discrete Jitter          (DJ):    0.000ns
    Phase Error              (PE):    0.000ns
    User Uncertainty         (UU):    0.150ns
  Timing Exception:       False Path

    Location             Delay type                Incr(ns)  Path(ns)    Netlist Resource(s)
  -------------------------------------------------------------------    -------------------
                                                      0.000     0.000 r  rst (IN)
                         net (fo=9228, unset)         0.046     0.046    u_mc/HAS_H_GEN.u_hrf/rst
    URAM288_X0Y49        URAM288                                      r  u_mc/HAS_H_GEN.u_hrf/mem_reg_uram_3/RST_A
  -------------------------------------------------------------------    -------------------

                         (clock clk rise edge)        0.000     0.000 r  
                                                      0.000     0.000 r  clk (IN)
                         net (fo=10952, unset)        0.085     0.085    u_mc/HAS_H_GEN.u_hrf/clk
    URAM288_X0Y49        URAM288                                      r  u_mc/HAS_H_GEN.u_hrf/mem_reg_uram_3/CLK

Slack:                    inf
  Source:                 rst
                            (input port)
  Destination:            u_mc2/HAS_H_GEN.u_hrf/mem_reg_uram_0/RST_A
                            (rising edge-triggered cell URAM288 clocked by clk  {rise@0.000ns fall@5.000ns period=10.000ns})
  Path Group:             (none)
  Path Type:              Setup (Max at Slow Process Corner)
  Data Path Delay:        0.046ns  (logic 0.000ns (0.000%)  route 0.046ns (100.000%))
  Logic Levels:           0  
  Clock Path Skew:        0.085ns (DCD - SCD + CPR)
    Destination Clock Delay (DCD):    0.085ns
    Source Clock Delay      (SCD):    0.000ns
    Clock Pessimism Removal (CPR):    0.000ns
  Clock Uncertainty:      0.175ns  ((TSJ^2 + TIJ^2)^1/2 + DJ) / 2 + PE + UU
    Total System Jitter     (TSJ):    0.050ns
    Total Input Jitter      (TIJ):    0.000ns
    Discrete Jitter          (DJ):    0.000ns
    Phase Error              (PE):    0.000ns
    User Uncertainty         (UU):    0.150ns
  Timing Exception:       False Path

    Location             Delay type                Incr(ns)  Path(ns)    Netlist Resource(s)
  -------------------------------------------------------------------    -------------------
                                                      0.000     0.000 r  rst (IN)
                         net (fo=9228, unset)         0.046     0.046    u_mc2/HAS_H_GEN.u_hrf/rst
    URAM288_X0Y29        URAM288                                      r  u_mc2/HAS_H_GEN.u_hrf/mem_reg_uram_0/RST_A
  -------------------------------------------------------------------    -------------------

                         (clock clk rise edge)        0.000     0.000 r  
                                                      0.000     0.000 r  clk (IN)
                         net (fo=10952, unset)        0.085     0.085    u_mc2/HAS_H_GEN.u_hrf/clk
    URAM288_X0Y29        URAM288                                      r  u_mc2/HAS_H_GEN.u_hrf/mem_reg_uram_0/CLK

Slack:                    inf
  Source:                 rst
                            (input port)
  Destination:            u_mc2/HAS_H_GEN.u_hrf/mem_reg_uram_1/RST_A
                            (rising edge-triggered cell URAM288 clocked by clk  {rise@0.000ns fall@5.000ns period=10.000ns})
  Path Group:             (none)
  Path Type:              Setup (Max at Slow Process Corner)
  Data Path Delay:        0.046ns  (logic 0.000ns (0.000%)  route 0.046ns (100.000%))
  Logic Levels:           0  
  Clock Path Skew:        0.085ns (DCD - SCD + CPR)
    Destination Clock Delay (DCD):    0.085ns
    Source Clock Delay      (SCD):    0.000ns
    Clock Pessimism Removal (CPR):    0.000ns
  Clock Uncertainty:      0.175ns  ((TSJ^2 + TIJ^2)^1/2 + DJ) / 2 + PE + UU
    Total System Jitter     (TSJ):    0.050ns
    Total Input Jitter      (TIJ):    0.000ns
    Discrete Jitter          (DJ):    0.000ns
    Phase Error              (PE):    0.000ns
    User Uncertainty         (UU):    0.150ns
  Timing Exception:       False Path

    Location             Delay type                Incr(ns)  Path(ns)    Netlist Resource(s)
  -------------------------------------------------------------------    -------------------
                                                      0.000     0.000 r  rst (IN)
                         net (fo=9228, unset)         0.046     0.046    u_mc2/HAS_H_GEN.u_hrf/rst
    URAM288_X0Y32        URAM288                                      r  u_mc2/HAS_H_GEN.u_hrf/mem_reg_uram_1/RST_A
  -------------------------------------------------------------------    -------------------

                         (clock clk rise edge)        0.000     0.000 r  
                                                      0.000     0.000 r  clk (IN)
                         net (fo=10952, unset)        0.085     0.085    u_mc2/HAS_H_GEN.u_hrf/clk
    URAM288_X0Y32        URAM288                                      r  u_mc2/HAS_H_GEN.u_hrf/mem_reg_uram_1/CLK

Slack:                    inf
  Source:                 rst
                            (input port)
  Destination:            u_mc2/HAS_H_GEN.u_hrf/mem_reg_uram_2/RST_A
                            (rising edge-triggered cell URAM288 clocked by clk  {rise@0.000ns fall@5.000ns period=10.000ns})
  Path Group:             (none)
  Path Type:              Setup (Max at Slow Process Corner)
  Data Path Delay:        0.046ns  (logic 0.000ns (0.000%)  route 0.046ns (100.000%))
  Logic Levels:           0  
  Clock Path Skew:        0.085ns (DCD - SCD + CPR)
    Destination Clock Delay (DCD):    0.085ns
    Source Clock Delay      (SCD):    0.000ns
    Clock Pessimism Removal (CPR):    0.000ns
  Clock Uncertainty:      0.175ns  ((TSJ^2 + TIJ^2)^1/2 + DJ) / 2 + PE + UU
    Total System Jitter     (TSJ):    0.050ns
    Total Input Jitter      (TIJ):    0.000ns
    Discrete Jitter          (DJ):    0.000ns
    Phase Error              (PE):    0.000ns
    User Uncertainty         (UU):    0.150ns
  Timing Exception:       False Path

    Location             Delay type                Incr(ns)  Path(ns)    Netlist Resource(s)
  -------------------------------------------------------------------    -------------------
                                                      0.000     0.000 r  rst (IN)
                         net (fo=9228, unset)         0.046     0.046    u_mc2/HAS_H_GEN.u_hrf/rst
    URAM288_X0Y40        URAM288                                      r  u_mc2/HAS_H_GEN.u_hrf/mem_reg_uram_2/RST_A
  -------------------------------------------------------------------    -------------------

                         (clock clk rise edge)        0.000     0.000 r  
                                                      0.000     0.000 r  clk (IN)
                         net (fo=10952, unset)        0.085     0.085    u_mc2/HAS_H_GEN.u_hrf/clk
    URAM288_X0Y40        URAM288                                      r  u_mc2/HAS_H_GEN.u_hrf/mem_reg_uram_2/CLK

Slack:                    inf
  Source:                 rst
                            (input port)
  Destination:            u_mc2/HAS_H_GEN.u_hrf/mem_reg_uram_3/RST_A
                            (rising edge-triggered cell URAM288 clocked by clk  {rise@0.000ns fall@5.000ns period=10.000ns})
  Path Group:             (none)
  Path Type:              Setup (Max at Slow Process Corner)
  Data Path Delay:        0.046ns  (logic 0.000ns (0.000%)  route 0.046ns (100.000%))
  Logic Levels:           0  
  Clock Path Skew:        0.085ns (DCD - SCD + CPR)
    Destination Clock Delay (DCD):    0.085ns
    Source Clock Delay      (SCD):    0.000ns
    Clock Pessimism Removal (CPR):    0.000ns
  Clock Uncertainty:      0.175ns  ((TSJ^2 + TIJ^2)^1/2 + DJ) / 2 + PE + UU
    Total System Jitter     (TSJ):    0.050ns
    Total Input Jitter      (TIJ):    0.000ns
    Discrete Jitter          (DJ):    0.000ns
    Phase Error              (PE):    0.000ns
    User Uncertainty         (UU):    0.150ns
  Timing Exception:       False Path

    Location             Delay type                Incr(ns)  Path(ns)    Netlist Resource(s)
  -------------------------------------------------------------------    -------------------
                                                      0.000     0.000 r  rst (IN)
                         net (fo=9228, unset)         0.046     0.046    u_mc2/HAS_H_GEN.u_hrf/rst
    URAM288_X0Y33        URAM288                                      r  u_mc2/HAS_H_GEN.u_hrf/mem_reg_uram_3/RST_A
  -------------------------------------------------------------------    -------------------

                         (clock clk rise edge)        0.000     0.000 r  
                                                      0.000     0.000 r  clk (IN)
                         net (fo=10952, unset)        0.085     0.085    u_mc2/HAS_H_GEN.u_hrf/clk
    URAM288_X0Y33        URAM288                                      r  u_mc2/HAS_H_GEN.u_hrf/mem_reg_uram_3/CLK

Slack:                    inf
  Source:                 rst
                            (input port)
  Destination:            c2_m6_D_word_reg[109]/CLR
                            (recovery check against rising-edge clock clk  {rise@0.000ns fall@5.000ns period=10.000ns})
  Path Group:             (none)
  Path Type:              Recovery (Max at Slow Process Corner)
  Data Path Delay:        0.038ns  (logic 0.000ns (0.000%)  route 0.038ns (100.000%))
  Logic Levels:           0  
  Clock Path Skew:        0.030ns (DCD - SCD + CPR)
    Destination Clock Delay (DCD):    0.030ns
    Source Clock Delay      (SCD):    0.000ns
    Clock Pessimism Removal (CPR):    0.000ns
  Clock Uncertainty:      0.175ns  ((TSJ^2 + TIJ^2)^1/2 + DJ) / 2 + PE + UU
    Total System Jitter     (TSJ):    0.050ns
    Total Input Jitter      (TIJ):    0.000ns
    Discrete Jitter          (DJ):    0.000ns
    Phase Error              (PE):    0.000ns
    User Uncertainty         (UU):    0.150ns
  Timing Exception:       False Path

    Location             Delay type                Incr(ns)  Path(ns)    Netlist Resource(s)
  -------------------------------------------------------------------    -------------------
                                                      0.000     0.000 f  rst (IN)
                         net (fo=9228, unset)         0.038     0.038    rst
    SLICE_X25Y203        FDCE                                         f  c2_m6_D_word_reg[109]/CLR
  -------------------------------------------------------------------    -------------------

                         (clock clk rise edge)        0.000     0.000 r  
                                                      0.000     0.000 r  clk (IN)
                         net (fo=10952, unset)        0.030     0.030    clk
    SLICE_X25Y203        FDCE                                         r  c2_m6_D_word_reg[109]/C

Slack:                    inf
  Source:                 rst
                            (input port)
  Destination:            c2_m6_D_word_reg[111]/CLR
                            (recovery check against rising-edge clock clk  {rise@0.000ns fall@5.000ns period=10.000ns})
  Path Group:             (none)
  Path Type:              Recovery (Max at Slow Process Corner)
  Data Path Delay:        0.038ns  (logic 0.000ns (0.000%)  route 0.038ns (100.000%))
  Logic Levels:           0  
  Clock Path Skew:        0.030ns (DCD - SCD + CPR)
    Destination Clock Delay (DCD):    0.030ns
    Source Clock Delay      (SCD):    0.000ns
    Clock Pessimism Removal (CPR):    0.000ns
  Clock Uncertainty:      0.175ns  ((TSJ^2 + TIJ^2)^1/2 + DJ) / 2 + PE + UU
    Total System Jitter     (TSJ):    0.050ns
    Total Input Jitter      (TIJ):    0.000ns
    Discrete Jitter          (DJ):    0.000ns
    Phase Error              (PE):    0.000ns
    User Uncertainty         (UU):    0.150ns
  Timing Exception:       False Path

    Location             Delay type                Incr(ns)  Path(ns)    Netlist Resource(s)
  -------------------------------------------------------------------    -------------------
                                                      0.000     0.000 f  rst (IN)
                         net (fo=9228, unset)         0.038     0.038    rst
    SLICE_X24Y164        FDCE                                         f  c2_m6_D_word_reg[111]/CLR
  -------------------------------------------------------------------    -------------------

                         (clock clk rise edge)        0.000     0.000 r  
                                                      0.000     0.000 r  clk (IN)
                         net (fo=10952, unset)        0.030     0.030    clk
    SLICE_X24Y164        FDCE                                         r  c2_m6_D_word_reg[111]/C





Min Delay Paths
--------------------------------------------------------------------------------------
Slack:                    inf
  Source:                 rst
                            (input port)
  Destination:            c2_m6_D_word_reg[0]/CLR
                            (removal check against rising-edge clock clk  {rise@0.000ns fall@5.000ns period=10.000ns})
  Path Group:             (none)
  Path Type:              Removal (Min at Fast Process Corner)
  Data Path Delay:        0.010ns  (logic 0.000ns (0.000%)  route 0.010ns (100.000%))
  Logic Levels:           0  
  Clock Path Skew:        0.020ns (DCD - SCD - CPR)
    Destination Clock Delay (DCD):    0.020ns
    Source Clock Delay      (SCD):    0.000ns
    Clock Pessimism Removal (CPR):    -0.000ns
  Timing Exception:       False Path

    Location             Delay type                Incr(ns)  Path(ns)    Netlist Resource(s)
  -------------------------------------------------------------------    -------------------
                                                      0.000     0.000 f  rst (IN)
                         net (fo=9228, unset)         0.010     0.010    rst
    SLICE_X23Y165        FDCE                                         f  c2_m6_D_word_reg[0]/CLR
  -------------------------------------------------------------------    -------------------

                         (clock clk rise edge)        0.000     0.000 r  
                                                      0.000     0.000 r  clk (IN)
                         net (fo=10952, unset)        0.020     0.020    clk
    SLICE_X23Y165        FDCE                                         r  c2_m6_D_word_reg[0]/C

Slack:                    inf
  Source:                 rst
                            (input port)
  Destination:            c2_m6_D_word_reg[100]/CLR
                            (removal check against rising-edge clock clk  {rise@0.000ns fall@5.000ns period=10.000ns})
  Path Group:             (none)
  Path Type:              Removal (Min at Fast Process Corner)
  Data Path Delay:        0.010ns  (logic 0.000ns (0.000%)  route 0.010ns (100.000%))
  Logic Levels:           0  
  Clock Path Skew:        0.020ns (DCD - SCD - CPR)
    Destination Clock Delay (DCD):    0.020ns
    Source Clock Delay      (SCD):    0.000ns
    Clock Pessimism Removal (CPR):    -0.000ns
  Timing Exception:       False Path

    Location             Delay type                Incr(ns)  Path(ns)    Netlist Resource(s)
  -------------------------------------------------------------------    -------------------
                                                      0.000     0.000 f  rst (IN)
                         net (fo=9228, unset)         0.010     0.010    rst
    SLICE_X19Y119        FDCE                                         f  c2_m6_D_word_reg[100]/CLR
  -------------------------------------------------------------------    -------------------

                         (clock clk rise edge)        0.000     0.000 r  
                                                      0.000     0.000 r  clk (IN)
                         net (fo=10952, unset)        0.020     0.020    clk
    SLICE_X19Y119        FDCE                                         r  c2_m6_D_word_reg[100]/C

Slack:                    inf
  Source:                 rst
                            (input port)
  Destination:            c2_m6_D_word_reg[104]/CLR
                            (removal check against rising-edge clock clk  {rise@0.000ns fall@5.000ns period=10.000ns})
  Path Group:             (none)
  Path Type:              Removal (Min at Fast Process Corner)
  Data Path Delay:        0.010ns  (logic 0.000ns (0.000%)  route 0.010ns (100.000%))
  Logic Levels:           0  
  Clock Path Skew:        0.020ns (DCD - SCD - CPR)
    Destination Clock Delay (DCD):    0.020ns
    Source Clock Delay      (SCD):    0.000ns
    Clock Pessimism Removal (CPR):    -0.000ns
  Timing Exception:       False Path

    Location             Delay type                Incr(ns)  Path(ns)    Netlist Resource(s)
  -------------------------------------------------------------------    -------------------
                                                      0.000     0.000 f  rst (IN)
                         net (fo=9228, unset)         0.010     0.010    rst
    SLICE_X22Y171        FDCE                                         f  c2_m6_D_word_reg[104]/CLR
  -------------------------------------------------------------------    -------------------

                         (clock clk rise edge)        0.000     0.000 r  
                                                      0.000     0.000 r  clk (IN)
                         net (fo=10952, unset)        0.020     0.020    clk
    SLICE_X22Y171        FDCE                                         r  c2_m6_D_word_reg[104]/C

Slack:                    inf
  Source:                 rst
                            (input port)
  Destination:            c2_m6_D_word_reg[107]/CLR
                            (removal check against rising-edge clock clk  {rise@0.000ns fall@5.000ns period=10.000ns})
  Path Group:             (none)
  Path Type:              Removal (Min at Fast Process Corner)
  Data Path Delay:        0.010ns  (logic 0.000ns (0.000%)  route 0.010ns (100.000%))
  Logic Levels:           0  
  Clock Path Skew:        0.020ns (DCD - SCD - CPR)
    Destination Clock Delay (DCD):    0.020ns
    Source Clock Delay      (SCD):    0.000ns
    Clock Pessimism Removal (CPR):    -0.000ns
  Timing Exception:       False Path

    Location             Delay type                Incr(ns)  Path(ns)    Netlist Resource(s)
  -------------------------------------------------------------------    -------------------
                                                      0.000     0.000 f  rst (IN)
                         net (fo=9228, unset)         0.010     0.010    rst
    SLICE_X26Y210        FDCE                                         f  c2_m6_D_word_reg[107]/CLR
  -------------------------------------------------------------------    -------------------

                         (clock clk rise edge)        0.000     0.000 r  
                                                      0.000     0.000 r  clk (IN)
                         net (fo=10952, unset)        0.020     0.020    clk
    SLICE_X26Y210        FDCE                                         r  c2_m6_D_word_reg[107]/C

Slack:                    inf
  Source:                 rst
                            (input port)
  Destination:            c2_m6_D_word_reg[108]/CLR
                            (removal check against rising-edge clock clk  {rise@0.000ns fall@5.000ns period=10.000ns})
  Path Group:             (none)
  Path Type:              Removal (Min at Fast Process Corner)
  Data Path Delay:        0.010ns  (logic 0.000ns (0.000%)  route 0.010ns (100.000%))
  Logic Levels:           0  
  Clock Path Skew:        0.020ns (DCD - SCD - CPR)
    Destination Clock Delay (DCD):    0.020ns
    Source Clock Delay      (SCD):    0.000ns
    Clock Pessimism Removal (CPR):    -0.000ns
  Timing Exception:       False Path

    Location             Delay type                Incr(ns)  Path(ns)    Netlist Resource(s)
  -------------------------------------------------------------------    -------------------
                                                      0.000     0.000 f  rst (IN)
                         net (fo=9228, unset)         0.010     0.010    rst
    SLICE_X26Y207        FDCE                                         f  c2_m6_D_word_reg[108]/CLR
  -------------------------------------------------------------------    -------------------

                         (clock clk rise edge)        0.000     0.000 r  
                                                      0.000     0.000 r  clk (IN)
                         net (fo=10952, unset)        0.020     0.020    clk
    SLICE_X26Y207        FDCE                                         r  c2_m6_D_word_reg[108]/C

Slack:                    inf
  Source:                 rst
                            (input port)
  Destination:            c2_m6_D_word_reg[112]/CLR
                            (removal check against rising-edge clock clk  {rise@0.000ns fall@5.000ns period=10.000ns})
  Path Group:             (none)
  Path Type:              Removal (Min at Fast Process Corner)
  Data Path Delay:        0.010ns  (logic 0.000ns (0.000%)  route 0.010ns (100.000%))
  Logic Levels:           0  
  Clock Path Skew:        0.020ns (DCD - SCD - CPR)
    Destination Clock Delay (DCD):    0.020ns
    Source Clock Delay      (SCD):    0.000ns
    Clock Pessimism Removal (CPR):    -0.000ns
  Timing Exception:       False Path

    Location             Delay type                Incr(ns)  Path(ns)    Netlist Resource(s)
  -------------------------------------------------------------------    -------------------
                                                      0.000     0.000 f  rst (IN)
                         net (fo=9228, unset)         0.010     0.010    rst
    SLICE_X23Y165        FDCE                                         f  c2_m6_D_word_reg[112]/CLR
  -------------------------------------------------------------------    -------------------

                         (clock clk rise edge)        0.000     0.000 r  
                                                      0.000     0.000 r  clk (IN)
                         net (fo=10952, unset)        0.020     0.020    clk
    SLICE_X23Y165        FDCE                                         r  c2_m6_D_word_reg[112]/C

Slack:                    inf
  Source:                 rst
                            (input port)
  Destination:            c2_m6_D_word_reg[114]/CLR
                            (removal check against rising-edge clock clk  {rise@0.000ns fall@5.000ns period=10.000ns})
  Path Group:             (none)
  Path Type:              Removal (Min at Fast Process Corner)
  Data Path Delay:        0.010ns  (logic 0.000ns (0.000%)  route 0.010ns (100.000%))
  Logic Levels:           0  
  Clock Path Skew:        0.020ns (DCD - SCD - CPR)
    Destination Clock Delay (DCD):    0.020ns
    Source Clock Delay      (SCD):    0.000ns
    Clock Pessimism Removal (CPR):    -0.000ns
  Timing Exception:       False Path

    Location             Delay type                Incr(ns)  Path(ns)    Netlist Resource(s)
  -------------------------------------------------------------------    -------------------
                                                      0.000     0.000 f  rst (IN)
                         net (fo=9228, unset)         0.010     0.010    rst
    SLICE_X19Y124        FDCE                                         f  c2_m6_D_word_reg[114]/CLR
  -------------------------------------------------------------------    -------------------

                         (clock clk rise edge)        0.000     0.000 r  
                                                      0.000     0.000 r  clk (IN)
                         net (fo=10952, unset)        0.020     0.020    clk
    SLICE_X19Y124        FDCE                                         r  c2_m6_D_word_reg[114]/C

Slack:                    inf
  Source:                 rst
                            (input port)
  Destination:            c2_m6_D_word_reg[115]/CLR
                            (removal check against rising-edge clock clk  {rise@0.000ns fall@5.000ns period=10.000ns})
  Path Group:             (none)
  Path Type:              Removal (Min at Fast Process Corner)
  Data Path Delay:        0.010ns  (logic 0.000ns (0.000%)  route 0.010ns (100.000%))
  Logic Levels:           0  
  Clock Path Skew:        0.019ns (DCD - SCD - CPR)
    Destination Clock Delay (DCD):    0.019ns
    Source Clock Delay      (SCD):    0.000ns
    Clock Pessimism Removal (CPR):    -0.000ns
  Timing Exception:       False Path

    Location             Delay type                Incr(ns)  Path(ns)    Netlist Resource(s)
  -------------------------------------------------------------------    -------------------
                                                      0.000     0.000 f  rst (IN)
                         net (fo=9228, unset)         0.010     0.010    rst
    SLICE_X19Y121        FDCE                                         f  c2_m6_D_word_reg[115]/CLR
  -------------------------------------------------------------------    -------------------

                         (clock clk rise edge)        0.000     0.000 r  
                                                      0.000     0.000 r  clk (IN)
                         net (fo=10952, unset)        0.019     0.019    clk
    SLICE_X19Y121        FDCE                                         r  c2_m6_D_word_reg[115]/C

Slack:                    inf
  Source:                 rst
                            (input port)
  Destination:            c2_m6_D_word_reg[116]/CLR
                            (removal check against rising-edge clock clk  {rise@0.000ns fall@5.000ns period=10.000ns})
  Path Group:             (none)
  Path Type:              Removal (Min at Fast Process Corner)
  Data Path Delay:        0.010ns  (logic 0.000ns (0.000%)  route 0.010ns (100.000%))
  Logic Levels:           0  
  Clock Path Skew:        0.020ns (DCD - SCD - CPR)
    Destination Clock Delay (DCD):    0.020ns
    Source Clock Delay      (SCD):    0.000ns
    Clock Pessimism Removal (CPR):    -0.000ns
  Timing Exception:       False Path

    Location             Delay type                Incr(ns)  Path(ns)    Netlist Resource(s)
  -------------------------------------------------------------------    -------------------
                                                      0.000     0.000 f  rst (IN)
                         net (fo=9228, unset)         0.010     0.010    rst
    SLICE_X19Y119        FDCE                                         f  c2_m6_D_word_reg[116]/CLR
  -------------------------------------------------------------------    -------------------

                         (clock clk rise edge)        0.000     0.000 r  
                                                      0.000     0.000 r  clk (IN)
                         net (fo=10952, unset)        0.020     0.020    clk
    SLICE_X19Y119        FDCE                                         r  c2_m6_D_word_reg[116]/C

Slack:                    inf
  Source:                 rst
                            (input port)
  Destination:            c2_m6_D_word_reg[11]/CLR
                            (removal check against rising-edge clock clk  {rise@0.000ns fall@5.000ns period=10.000ns})
  Path Group:             (none)
  Path Type:              Removal (Min at Fast Process Corner)
  Data Path Delay:        0.010ns  (logic 0.000ns (0.000%)  route 0.010ns (100.000%))
  Logic Levels:           0  
  Clock Path Skew:        0.020ns (DCD - SCD - CPR)
    Destination Clock Delay (DCD):    0.020ns
    Source Clock Delay      (SCD):    0.000ns
    Clock Pessimism Removal (CPR):    -0.000ns
  Timing Exception:       False Path

    Location             Delay type                Incr(ns)  Path(ns)    Netlist Resource(s)
  -------------------------------------------------------------------    -------------------
                                                      0.000     0.000 f  rst (IN)
                         net (fo=9228, unset)         0.010     0.010    rst
    SLICE_X23Y208        FDCE                                         f  c2_m6_D_word_reg[11]/CLR
  -------------------------------------------------------------------    -------------------

                         (clock clk rise edge)        0.000     0.000 r  
                                                      0.000     0.000 r  clk (IN)
                         net (fo=10952, unset)        0.020     0.020    clk
    SLICE_X23Y208        FDCE                                         r  c2_m6_D_word_reg[11]/C





--------------------------------------------------------------------------------------
Path Group:  (none)
From Clock:  
  To Clock:  

Max Delay           256 Endpoints
Min Delay           256 Endpoints
--------------------------------------------------------------------------------------


Max Delay Paths
--------------------------------------------------------------------------------------
Slack:                    inf
  Source:                 dma_rtarget[0]
                            (input port)
  Destination:            dma_rdata[219]
                            (output port)
  Path Group:             (none)
  Path Type:              Max at Slow Process Corner
  Data Path Delay:        0.992ns  (logic 0.290ns (29.234%)  route 0.702ns (70.766%))
  Logic Levels:           2  (LUT5=1 LUT6=1)

    Location             Delay type                Incr(ns)  Path(ns)    Netlist Resource(s)
  -------------------------------------------------------------------    -------------------
                                                      0.000     0.000 r  dma_rtarget[0] (IN)
                         net (fo=613, unset)          0.000     0.000    u_mem/ram_const/dma_rtarget[0]
    SLICE_X46Y203        LUT5 (Prop_H6LUT_SLICEL_I1_O)
                                                      0.153     0.153 r  u_mem/ram_const/dma_rdata[219]_INST_0_i_1/O
                         net (fo=1, routed)           0.702     0.855    u_mem/ram_main_c1/dma_rdata_219_sn_1
    SLICE_X49Y203        LUT6 (Prop_H6LUT_SLICEL_I5_O)
                                                      0.137     0.992 r  u_mem/ram_main_c1/dma_rdata[219]_INST_0/O
                         net (fo=0)                   0.000     0.992    dma_rdata[219]
                                                                      r  dma_rdata[219] (OUT)
  -------------------------------------------------------------------    -------------------

Slack:                    inf
  Source:                 dma_rtarget[0]
                            (input port)
  Destination:            dma_rdata[115]
                            (output port)
  Path Group:             (none)
  Path Type:              Max at Slow Process Corner
  Data Path Delay:        0.763ns  (logic 0.339ns (44.430%)  route 0.424ns (55.570%))
  Logic Levels:           2  (LUT5=1 LUT6=1)

    Location             Delay type                Incr(ns)  Path(ns)    Netlist Resource(s)
  -------------------------------------------------------------------    -------------------
                                                      0.000     0.000 r  dma_rtarget[0] (IN)
                         net (fo=613, unset)          0.000     0.000    u_mem/ram_const/dma_rtarget[0]
    SLICE_X30Y159        LUT5 (Prop_H6LUT_SLICEL_I1_O)
                                                      0.153     0.153 r  u_mem/ram_const/dma_rdata[115]_INST_0_i_1/O
                         net (fo=1, routed)           0.424     0.577    u_mem/ram_main_c1/dma_rdata_115_sn_1
    SLICE_X33Y155        LUT6 (Prop_G6LUT_SLICEL_I5_O)
                                                      0.186     0.763 r  u_mem/ram_main_c1/dma_rdata[115]_INST_0/O
                         net (fo=0)                   0.000     0.763    dma_rdata[115]
                                                                      r  dma_rdata[115] (OUT)
  -------------------------------------------------------------------    -------------------

Slack:                    inf
  Source:                 dma_rtarget[0]
                            (input port)
  Destination:            dma_rdata[215]
                            (output port)
  Path Group:             (none)
  Path Type:              Max at Slow Process Corner
  Data Path Delay:        0.753ns  (logic 0.289ns (38.380%)  route 0.464ns (61.620%))
  Logic Levels:           2  (LUT5=1 LUT6=1)

    Location             Delay type                Incr(ns)  Path(ns)    Netlist Resource(s)
  -------------------------------------------------------------------    -------------------
                                                      0.000     0.000 r  dma_rtarget[0] (IN)
                         net (fo=613, unset)          0.000     0.000    u_mem/ram_const/dma_rtarget[0]
    SLICE_X44Y192        LUT5 (Prop_E6LUT_SLICEL_I1_O)
                                                      0.152     0.152 r  u_mem/ram_const/dma_rdata[215]_INST_0_i_1/O
                         net (fo=1, routed)           0.464     0.616    u_mem/ram_main_c1/dma_rdata_215_sn_1
    SLICE_X44Y192        LUT6 (Prop_G6LUT_SLICEL_I5_O)
                                                      0.137     0.753 r  u_mem/ram_main_c1/dma_rdata[215]_INST_0/O
                         net (fo=0)                   0.000     0.753    dma_rdata[215]
                                                                      r  dma_rdata[215] (OUT)
  -------------------------------------------------------------------    -------------------

Slack:                    inf
  Source:                 dma_rtarget[0]
                            (input port)
  Destination:            dma_rdata[185]
                            (output port)
  Path Group:             (none)
  Path Type:              Max at Slow Process Corner
  Data Path Delay:        0.739ns  (logic 0.341ns (46.143%)  route 0.398ns (53.857%))
  Logic Levels:           2  (LUT5=1 LUT6=1)

    Location             Delay type                Incr(ns)  Path(ns)    Netlist Resource(s)
  -------------------------------------------------------------------    -------------------
                                                      0.000     0.000 r  dma_rtarget[0] (IN)
                         net (fo=613, unset)          0.000     0.000    u_mem/ram_const/dma_rtarget[0]
    SLICE_X34Y192        LUT5 (Prop_B6LUT_SLICEM_I1_O)
                                                      0.152     0.152 r  u_mem/ram_const/dma_rdata[185]_INST_0_i_1/O
                         net (fo=1, routed)           0.398     0.550    u_mem/ram_main_c1/dma_rdata_185_sn_1
    SLICE_X35Y181        LUT6 (Prop_A6LUT_SLICEM_I5_O)
                                                      0.189     0.739 r  u_mem/ram_main_c1/dma_rdata[185]_INST_0/O
                         net (fo=0)                   0.000     0.739    dma_rdata[185]
                                                                      r  dma_rdata[185] (OUT)
  -------------------------------------------------------------------    -------------------

Slack:                    inf
  Source:                 dma_rtarget[0]
                            (input port)
  Destination:            dma_rdata[111]
                            (output port)
  Path Group:             (none)
  Path Type:              Max at Slow Process Corner
  Data Path Delay:        0.739ns  (logic 0.338ns (45.737%)  route 0.401ns (54.263%))
  Logic Levels:           2  (LUT5=1 LUT6=1)

    Location             Delay type                Incr(ns)  Path(ns)    Netlist Resource(s)
  -------------------------------------------------------------------    -------------------
                                                      0.000     0.000 r  dma_rtarget[0] (IN)
                         net (fo=613, unset)          0.000     0.000    u_mem/ram_const/dma_rtarget[0]
    SLICE_X34Y168        LUT5 (Prop_E6LUT_SLICEM_I1_O)
                                                      0.152     0.152 r  u_mem/ram_const/dma_rdata[111]_INST_0_i_1/O
                         net (fo=1, routed)           0.401     0.553    u_mem/ram_main_c1/dma_rdata_111_sn_1
    SLICE_X34Y168        LUT6 (Prop_G6LUT_SLICEM_I5_O)
                                                      0.186     0.739 r  u_mem/ram_main_c1/dma_rdata[111]_INST_0/O
                         net (fo=0)                   0.000     0.739    dma_rdata[111]
                                                                      r  dma_rdata[111] (OUT)
  -------------------------------------------------------------------    -------------------

Slack:                    inf
  Source:                 dma_rtarget[0]
                            (input port)
  Destination:            dma_rdata[165]
                            (output port)
  Path Group:             (none)
  Path Type:              Max at Slow Process Corner
  Data Path Delay:        0.705ns  (logic 0.338ns (47.943%)  route 0.367ns (52.057%))
  Logic Levels:           2  (LUT5=1 LUT6=1)

    Location             Delay type                Incr(ns)  Path(ns)    Netlist Resource(s)
  -------------------------------------------------------------------    -------------------
                                                      0.000     0.000 r  dma_rtarget[0] (IN)
                         net (fo=613, unset)          0.000     0.000    u_mem/ram_const/dma_rtarget[0]
    SLICE_X31Y191        LUT5 (Prop_E6LUT_SLICEM_I1_O)
                                                      0.152     0.152 r  u_mem/ram_const/dma_rdata[165]_INST_0_i_1/O
                         net (fo=1, routed)           0.367     0.519    u_mem/ram_main_c1/dma_rdata_165_sn_1
    SLICE_X31Y191        LUT6 (Prop_G6LUT_SLICEM_I5_O)
                                                      0.186     0.705 r  u_mem/ram_main_c1/dma_rdata[165]_INST_0/O
                         net (fo=0)                   0.000     0.705    dma_rdata[165]
                                                                      r  dma_rdata[165] (OUT)
  -------------------------------------------------------------------    -------------------

Slack:                    inf
  Source:                 dma_rtarget[0]
                            (input port)
  Destination:            dma_rdata[208]
                            (output port)
  Path Group:             (none)
  Path Type:              Max at Slow Process Corner
  Data Path Delay:        0.700ns  (logic 0.338ns (48.286%)  route 0.362ns (51.714%))
  Logic Levels:           2  (LUT5=1 LUT6=1)

    Location             Delay type                Incr(ns)  Path(ns)    Netlist Resource(s)
  -------------------------------------------------------------------    -------------------
                                                      0.000     0.000 r  dma_rtarget[0] (IN)
                         net (fo=613, unset)          0.000     0.000    u_mem/ram_const/dma_rtarget[0]
    SLICE_X39Y192        LUT5 (Prop_E6LUT_SLICEL_I1_O)
                                                      0.152     0.152 r  u_mem/ram_const/dma_rdata[208]_INST_0_i_1/O
                         net (fo=1, routed)           0.362     0.514    u_mem/ram_main_c1/dma_rdata_208_sn_1
    SLICE_X39Y192        LUT6 (Prop_G6LUT_SLICEL_I5_O)
                                                      0.186     0.700 r  u_mem/ram_main_c1/dma_rdata[208]_INST_0/O
                         net (fo=0)                   0.000     0.700    dma_rdata[208]
                                                                      r  dma_rdata[208] (OUT)
  -------------------------------------------------------------------    -------------------

Slack:                    inf
  Source:                 dma_rtarget[0]
                            (input port)
  Destination:            dma_rdata[24]
                            (output port)
  Path Group:             (none)
  Path Type:              Max at Slow Process Corner
  Data Path Delay:        0.691ns  (logic 0.341ns (49.349%)  route 0.350ns (50.651%))
  Logic Levels:           2  (LUT5=1 LUT6=1)

    Location             Delay type                Incr(ns)  Path(ns)    Netlist Resource(s)
  -------------------------------------------------------------------    -------------------
                                                      0.000     0.000 r  dma_rtarget[0] (IN)
                         net (fo=613, unset)          0.000     0.000    u_mem/ram_const/dma_rtarget[0]
    SLICE_X28Y112        LUT5 (Prop_G6LUT_SLICEM_I1_O)
                                                      0.152     0.152 r  u_mem/ram_const/dma_rdata[24]_INST_0_i_1/O
                         net (fo=1, routed)           0.350     0.502    u_mem/ram_main_c1/dma_rdata_24_sn_1
    SLICE_X31Y113        LUT6 (Prop_H6LUT_SLICEM_I5_O)
                                                      0.189     0.691 r  u_mem/ram_main_c1/dma_rdata[24]_INST_0/O
                         net (fo=0)                   0.000     0.691    dma_rdata[24]
                                                                      r  dma_rdata[24] (OUT)
  -------------------------------------------------------------------    -------------------

Slack:                    inf
  Source:                 dma_rtarget[0]
                            (input port)
  Destination:            dma_rdata[221]
                            (output port)
  Path Group:             (none)
  Path Type:              Max at Slow Process Corner
  Data Path Delay:        0.684ns  (logic 0.338ns (49.415%)  route 0.346ns (50.585%))
  Logic Levels:           2  (LUT5=1 LUT6=1)

    Location             Delay type                Incr(ns)  Path(ns)    Netlist Resource(s)
  -------------------------------------------------------------------    -------------------
                                                      0.000     0.000 r  dma_rtarget[0] (IN)
                         net (fo=613, unset)          0.000     0.000    u_mem/ram_const/dma_rtarget[0]
    SLICE_X45Y203        LUT5 (Prop_E6LUT_SLICEM_I1_O)
                                                      0.152     0.152 r  u_mem/ram_const/dma_rdata[221]_INST_0_i_1/O
                         net (fo=1, routed)           0.346     0.498    u_mem/ram_main_c1/dma_rdata_221_sn_1
    SLICE_X45Y203        LUT6 (Prop_G6LUT_SLICEM_I5_O)
                                                      0.186     0.684 r  u_mem/ram_main_c1/dma_rdata[221]_INST_0/O
                         net (fo=0)                   0.000     0.684    dma_rdata[221]
                                                                      r  dma_rdata[221] (OUT)
  -------------------------------------------------------------------    -------------------

Slack:                    inf
  Source:                 dma_rtarget[0]
                            (input port)
  Destination:            dma_rdata[39]
                            (output port)
  Path Group:             (none)
  Path Type:              Max at Slow Process Corner
  Data Path Delay:        0.678ns  (logic 0.339ns (50.000%)  route 0.339ns (50.000%))
  Logic Levels:           2  (LUT5=1 LUT6=1)

    Location             Delay type                Incr(ns)  Path(ns)    Netlist Resource(s)
  -------------------------------------------------------------------    -------------------
                                                      0.000     0.000 r  dma_rtarget[0] (IN)
                         net (fo=613, unset)          0.000     0.000    u_mem/ram_const/dma_rtarget[0]
    SLICE_X38Y112        LUT5 (Prop_B6LUT_SLICEM_I1_O)
                                                      0.152     0.152 r  u_mem/ram_const/dma_rdata[39]_INST_0_i_1/O
                         net (fo=1, routed)           0.339     0.491    u_mem/ram_main_c1/dma_rdata_39_sn_1
    SLICE_X43Y112        LUT6 (Prop_E6LUT_SLICEM_I5_O)
                                                      0.187     0.678 r  u_mem/ram_main_c1/dma_rdata[39]_INST_0/O
                         net (fo=0)                   0.000     0.678    dma_rdata[39]
                                                                      r  dma_rdata[39] (OUT)
  -------------------------------------------------------------------    -------------------





Min Delay Paths
--------------------------------------------------------------------------------------
Slack:                    inf
  Source:                 dma_rtarget[2]
                            (input port)
  Destination:            dma_rdata[0]
                            (output port)
  Path Group:             (none)
  Path Type:              Min at Fast Process Corner
  Data Path Delay:        0.037ns  (logic 0.037ns (100.000%)  route 0.000ns (0.000%))
  Logic Levels:           1  (LUT6=1)

    Location             Delay type                Incr(ns)  Path(ns)    Netlist Resource(s)
  -------------------------------------------------------------------    -------------------
                                                      0.000     0.000 r  dma_rtarget[2] (IN)
                         net (fo=357, unset)          0.000     0.000    u_mem/ram_main_c1/dma_rtarget[2]
    SLICE_X25Y110        LUT6 (Prop_G6LUT_SLICEM_I4_O)
                                                      0.037     0.037 r  u_mem/ram_main_c1/dma_rdata[0]_INST_0/O
                         net (fo=0)                   0.000     0.037    dma_rdata[0]
                                                                      r  dma_rdata[0] (OUT)
  -------------------------------------------------------------------    -------------------

Slack:                    inf
  Source:                 dma_rtarget[2]
                            (input port)
  Destination:            dma_rdata[100]
                            (output port)
  Path Group:             (none)
  Path Type:              Min at Fast Process Corner
  Data Path Delay:        0.037ns  (logic 0.037ns (100.000%)  route 0.000ns (0.000%))
  Logic Levels:           1  (LUT6=1)

    Location             Delay type                Incr(ns)  Path(ns)    Netlist Resource(s)
  -------------------------------------------------------------------    -------------------
                                                      0.000     0.000 r  dma_rtarget[2] (IN)
                         net (fo=357, unset)          0.000     0.000    u_mem/ram_main_c1/dma_rtarget[2]
    SLICE_X29Y152        LUT6 (Prop_G6LUT_SLICEM_I4_O)
                                                      0.037     0.037 r  u_mem/ram_main_c1/dma_rdata[100]_INST_0/O
                         net (fo=0)                   0.000     0.037    dma_rdata[100]
                                                                      r  dma_rdata[100] (OUT)
  -------------------------------------------------------------------    -------------------

Slack:                    inf
  Source:                 dma_rtarget[2]
                            (input port)
  Destination:            dma_rdata[101]
                            (output port)
  Path Group:             (none)
  Path Type:              Min at Fast Process Corner
  Data Path Delay:        0.037ns  (logic 0.037ns (100.000%)  route 0.000ns (0.000%))
  Logic Levels:           1  (LUT6=1)

    Location             Delay type                Incr(ns)  Path(ns)    Netlist Resource(s)
  -------------------------------------------------------------------    -------------------
                                                      0.000     0.000 r  dma_rtarget[2] (IN)
                         net (fo=357, unset)          0.000     0.000    u_mem/ram_main_c1/dma_rtarget[2]
    SLICE_X28Y153        LUT6 (Prop_G6LUT_SLICEM_I4_O)
                                                      0.037     0.037 r  u_mem/ram_main_c1/dma_rdata[101]_INST_0/O
                         net (fo=0)                   0.000     0.037    dma_rdata[101]
                                                                      r  dma_rdata[101] (OUT)
  -------------------------------------------------------------------    -------------------

Slack:                    inf
  Source:                 dma_rtarget[2]
                            (input port)
  Destination:            dma_rdata[102]
                            (output port)
  Path Group:             (none)
  Path Type:              Min at Fast Process Corner
  Data Path Delay:        0.037ns  (logic 0.037ns (100.000%)  route 0.000ns (0.000%))
  Logic Levels:           1  (LUT6=1)

    Location             Delay type                Incr(ns)  Path(ns)    Netlist Resource(s)
  -------------------------------------------------------------------    -------------------
                                                      0.000     0.000 r  dma_rtarget[2] (IN)
                         net (fo=357, unset)          0.000     0.000    u_mem/ram_main_c1/dma_rtarget[2]
    SLICE_X28Y159        LUT6 (Prop_G6LUT_SLICEM_I4_O)
                                                      0.037     0.037 r  u_mem/ram_main_c1/dma_rdata[102]_INST_0/O
                         net (fo=0)                   0.000     0.037    dma_rdata[102]
                                                                      r  dma_rdata[102] (OUT)
  -------------------------------------------------------------------    -------------------

Slack:                    inf
  Source:                 dma_rtarget[2]
                            (input port)
  Destination:            dma_rdata[104]
                            (output port)
  Path Group:             (none)
  Path Type:              Min at Fast Process Corner
  Data Path Delay:        0.037ns  (logic 0.037ns (100.000%)  route 0.000ns (0.000%))
  Logic Levels:           1  (LUT6=1)

    Location             Delay type                Incr(ns)  Path(ns)    Netlist Resource(s)
  -------------------------------------------------------------------    -------------------
                                                      0.000     0.000 r  dma_rtarget[2] (IN)
                         net (fo=357, unset)          0.000     0.000    u_mem/ram_main_c1/dma_rtarget[2]
    SLICE_X28Y170        LUT6 (Prop_C6LUT_SLICEM_I4_O)
                                                      0.037     0.037 r  u_mem/ram_main_c1/dma_rdata[104]_INST_0/O
                         net (fo=0)                   0.000     0.037    dma_rdata[104]
                                                                      r  dma_rdata[104] (OUT)
  -------------------------------------------------------------------    -------------------

Slack:                    inf
  Source:                 dma_rtarget[2]
                            (input port)
  Destination:            dma_rdata[106]
                            (output port)
  Path Group:             (none)
  Path Type:              Min at Fast Process Corner
  Data Path Delay:        0.037ns  (logic 0.037ns (100.000%)  route 0.000ns (0.000%))
  Logic Levels:           1  (LUT6=1)

    Location             Delay type                Incr(ns)  Path(ns)    Netlist Resource(s)
  -------------------------------------------------------------------    -------------------
                                                      0.000     0.000 r  dma_rtarget[2] (IN)
                         net (fo=357, unset)          0.000     0.000    u_mem/ram_main_c1/dma_rtarget[2]
    SLICE_X25Y170        LUT6 (Prop_D6LUT_SLICEM_I4_O)
                                                      0.037     0.037 r  u_mem/ram_main_c1/dma_rdata[106]_INST_0/O
                         net (fo=0)                   0.000     0.037    dma_rdata[106]
                                                                      r  dma_rdata[106] (OUT)
  -------------------------------------------------------------------    -------------------

Slack:                    inf
  Source:                 dma_rtarget[2]
                            (input port)
  Destination:            dma_rdata[107]
                            (output port)
  Path Group:             (none)
  Path Type:              Min at Fast Process Corner
  Data Path Delay:        0.037ns  (logic 0.037ns (100.000%)  route 0.000ns (0.000%))
  Logic Levels:           1  (LUT6=1)

    Location             Delay type                Incr(ns)  Path(ns)    Netlist Resource(s)
  -------------------------------------------------------------------    -------------------
                                                      0.000     0.000 r  dma_rtarget[2] (IN)
                         net (fo=357, unset)          0.000     0.000    u_mem/ram_main_c1/dma_rtarget[2]
    SLICE_X29Y171        LUT6 (Prop_G6LUT_SLICEM_I4_O)
                                                      0.037     0.037 r  u_mem/ram_main_c1/dma_rdata[107]_INST_0/O
                         net (fo=0)                   0.000     0.037    dma_rdata[107]
                                                                      r  dma_rdata[107] (OUT)
  -------------------------------------------------------------------    -------------------

Slack:                    inf
  Source:                 dma_rtarget[2]
                            (input port)
  Destination:            dma_rdata[108]
                            (output port)
  Path Group:             (none)
  Path Type:              Min at Fast Process Corner
  Data Path Delay:        0.037ns  (logic 0.037ns (100.000%)  route 0.000ns (0.000%))
  Logic Levels:           1  (LUT6=1)

    Location             Delay type                Incr(ns)  Path(ns)    Netlist Resource(s)
  -------------------------------------------------------------------    -------------------
                                                      0.000     0.000 r  dma_rtarget[2] (IN)
                         net (fo=357, unset)          0.000     0.000    u_mem/ram_main_c1/dma_rtarget[2]
    SLICE_X29Y172        LUT6 (Prop_G6LUT_SLICEM_I4_O)
                                                      0.037     0.037 r  u_mem/ram_main_c1/dma_rdata[108]_INST_0/O
                         net (fo=0)                   0.000     0.037    dma_rdata[108]
                                                                      r  dma_rdata[108] (OUT)
  -------------------------------------------------------------------    -------------------

Slack:                    inf
  Source:                 dma_rtarget[2]
                            (input port)
  Destination:            dma_rdata[109]
                            (output port)
  Path Group:             (none)
  Path Type:              Min at Fast Process Corner
  Data Path Delay:        0.037ns  (logic 0.037ns (100.000%)  route 0.000ns (0.000%))
  Logic Levels:           1  (LUT6=1)

    Location             Delay type                Incr(ns)  Path(ns)    Netlist Resource(s)
  -------------------------------------------------------------------    -------------------
                                                      0.000     0.000 r  dma_rtarget[2] (IN)
                         net (fo=357, unset)          0.000     0.000    u_mem/ram_main_c1/dma_rtarget[2]
    SLICE_X31Y168        LUT6 (Prop_G6LUT_SLICEM_I4_O)
                                                      0.037     0.037 r  u_mem/ram_main_c1/dma_rdata[109]_INST_0/O
                         net (fo=0)                   0.000     0.037    dma_rdata[109]
                                                                      r  dma_rdata[109] (OUT)
  -------------------------------------------------------------------    -------------------

Slack:                    inf
  Source:                 dma_rtarget[2]
                            (input port)
  Destination:            dma_rdata[10]
                            (output port)
  Path Group:             (none)
  Path Type:              Min at Fast Process Corner
  Data Path Delay:        0.037ns  (logic 0.037ns (100.000%)  route 0.000ns (0.000%))
  Logic Levels:           1  (LUT6=1)

    Location             Delay type                Incr(ns)  Path(ns)    Netlist Resource(s)
  -------------------------------------------------------------------    -------------------
                                                      0.000     0.000 r  dma_rtarget[2] (IN)
                         net (fo=357, unset)          0.000     0.000    u_mem/ram_main_c1/dma_rtarget[2]
    SLICE_X34Y114        LUT6 (Prop_G6LUT_SLICEM_I4_O)
                                                      0.037     0.037 r  u_mem/ram_main_c1/dma_rdata[10]_INST_0/O
                         net (fo=0)                   0.000     0.037    dma_rdata[10]
                                                                      r  dma_rdata[10] (OUT)
  -------------------------------------------------------------------    -------------------





--------------------------------------------------------------------------------------
Path Group:  (none)
From Clock:  clk
  To Clock:  

Max Delay           258 Endpoints
Min Delay           258 Endpoints
--------------------------------------------------------------------------------------


Max Delay Paths
--------------------------------------------------------------------------------------
Slack:                    inf
  Source:                 u_mem/ram_weight_A/ram_reg_bram_16/CLKBWRCLK
                            (rising edge-triggered cell RAMB36E2 clocked by clk  {rise@0.000ns fall@5.000ns period=10.000ns})
  Destination:            dma_rdata[94]
                            (output port)
  Path Group:             (none)
  Path Type:              Max at Slow Process Corner
  Data Path Delay:        5.767ns  (logic 3.415ns (59.221%)  route 2.352ns (40.779%))
  Logic Levels:           9  (LUT5=1 LUT6=1 RAMB36E2=7)
  Clock Uncertainty:      0.175ns  ((TSJ^2 + TIJ^2)^1/2 + DJ) / 2 + PE + UU
    Total System Jitter     (TSJ):    0.050ns
    Total Input Jitter      (TIJ):    0.000ns
    Discrete Jitter          (DJ):    0.000ns
    Phase Error              (PE):    0.000ns
    User Uncertainty         (UU):    0.150ns

    Location             Delay type                Incr(ns)  Path(ns)    Netlist Resource(s)
  -------------------------------------------------------------------    -------------------
                         (clock clk rise edge)        0.000     0.000 r  
                                                      0.000     0.000 r  clk (IN)
                         net (fo=10952, unset)        0.106     0.106    u_mem/ram_weight_A/clk
    RAMB36_X0Y16         RAMB36E2                                     r  u_mem/ram_weight_A/ram_reg_bram_16/CLKBWRCLK
  -------------------------------------------------------------------    -------------------
    RAMB36_X0Y16         RAMB36E2 (Prop_RAMB36E2_RAMB36_CLKBWRCLK_CASDOUTB[22])
                                                      1.523     1.629 r  u_mem/ram_weight_A/ram_reg_bram_16/CASDOUTB[22]
                         net (fo=1, routed)           0.023     1.652    u_mem/ram_weight_A/ram_reg_bram_16_n_45
    RAMB36_X0Y17         RAMB36E2 (Prop_RAMB36E2_RAMB36_CASDINB[22]_CASDOUTB[22])
                                                      0.247     1.899 r  u_mem/ram_weight_A/ram_reg_bram_17/CASDOUTB[22]
                         net (fo=1, routed)           0.023     1.922    u_mem/ram_weight_A/ram_reg_bram_17_n_45
    RAMB36_X0Y18         RAMB36E2 (Prop_RAMB36E2_RAMB36_CASDINB[22]_CASDOUTB[22])
                                                      0.247     2.169 r  u_mem/ram_weight_A/ram_reg_bram_18/CASDOUTB[22]
                         net (fo=1, routed)           0.023     2.192    u_mem/ram_weight_A/ram_reg_bram_18_n_45
    RAMB36_X0Y19         RAMB36E2 (Prop_RAMB36E2_RAMB36_CASDINB[22]_CASDOUTB[22])
                                                      0.247     2.439 r  u_mem/ram_weight_A/ram_reg_bram_19/CASDOUTB[22]
                         net (fo=1, routed)           0.023     2.462    u_mem/ram_weight_A/ram_reg_bram_19_n_45
    RAMB36_X0Y20         RAMB36E2 (Prop_RAMB36E2_RAMB36_CASDINB[22]_CASDOUTB[22])
                                                      0.247     2.709 r  u_mem/ram_weight_A/ram_reg_bram_20/CASDOUTB[22]
                         net (fo=1, routed)           0.023     2.732    u_mem/ram_weight_A/ram_reg_bram_20_n_45
    RAMB36_X0Y21         RAMB36E2 (Prop_RAMB36E2_RAMB36_CASDINB[22]_CASDOUTB[22])
                                                      0.247     2.979 r  u_mem/ram_weight_A/ram_reg_bram_21/CASDOUTB[22]
                         net (fo=1, routed)           0.023     3.002    u_mem/ram_weight_A/ram_reg_bram_21_n_45
    RAMB36_X0Y22         RAMB36E2 (Prop_RAMB36E2_RAMB36_CASDINB[22]_CASDOUTB[22])
                                                      0.247     3.249 r  u_mem/ram_weight_A/ram_reg_bram_22/CASDOUTB[22]
                         net (fo=1, routed)           0.023     3.272    u_mem/ram_weight_A/ram_reg_bram_22_n_45
    RAMB36_X0Y23         RAMB36E2 (Prop_RAMB36E2_RAMB36_CASDINB[22]_DOUTBDOUT[22])
                                                      0.136     3.408 r  u_mem/ram_weight_A/ram_reg_bram_23/DOUTBDOUT[22]
                         net (fo=3, routed)           1.973     5.381    u_mem/ram_const/weight_read_data[94]
    SLICE_X26Y160        LUT5 (Prop_E6LUT_SLICEL_I2_O)
                                                      0.138     5.519 r  u_mem/ram_const/dma_rdata[94]_INST_0_i_1/O
                         net (fo=1, routed)           0.218     5.737    u_mem/ram_main_c1/dma_rdata_94_sn_1
    SLICE_X27Y160        LUT6 (Prop_F6LUT_SLICEL_I5_O)
                                                      0.136     5.873 r  u_mem/ram_main_c1/dma_rdata[94]_INST_0/O
                         net (fo=0)                   0.000     5.873    dma_rdata[94]
                                                                      r  dma_rdata[94] (OUT)
  -------------------------------------------------------------------    -------------------

Slack:                    inf
  Source:                 u_mem/ram_weight_A/ram_reg_bram_16/CLKBWRCLK
                            (rising edge-triggered cell RAMB36E2 clocked by clk  {rise@0.000ns fall@5.000ns period=10.000ns})
  Destination:            dma_rdata[89]
                            (output port)
  Path Group:             (none)
  Path Type:              Max at Slow Process Corner
  Data Path Delay:        5.487ns  (logic 3.361ns (61.258%)  route 2.126ns (38.742%))
  Logic Levels:           9  (LUT5=1 LUT6=1 RAMB36E2=7)
  Clock Uncertainty:      0.175ns  ((TSJ^2 + TIJ^2)^1/2 + DJ) / 2 + PE + UU
    Total System Jitter     (TSJ):    0.050ns
    Total Input Jitter      (TIJ):    0.000ns
    Discrete Jitter          (DJ):    0.000ns
    Phase Error              (PE):    0.000ns
    User Uncertainty         (UU):    0.150ns

    Location             Delay type                Incr(ns)  Path(ns)    Netlist Resource(s)
  -------------------------------------------------------------------    -------------------
                         (clock clk rise edge)        0.000     0.000 r  
                                                      0.000     0.000 r  clk (IN)
                         net (fo=10952, unset)        0.106     0.106    u_mem/ram_weight_A/clk
    RAMB36_X0Y16         RAMB36E2                                     r  u_mem/ram_weight_A/ram_reg_bram_16/CLKBWRCLK
  -------------------------------------------------------------------    -------------------
    RAMB36_X0Y16         RAMB36E2 (Prop_RAMB36E2_RAMB36_CLKBWRCLK_CASDOUTB[17])
                                                      1.498     1.604 r  u_mem/ram_weight_A/ram_reg_bram_16/CASDOUTB[17]
                         net (fo=1, routed)           0.025     1.629    u_mem/ram_weight_A/ram_reg_bram_16_n_50
    RAMB36_X0Y17         RAMB36E2 (Prop_RAMB36E2_RAMB36_CASDINB[17]_CASDOUTB[17])
                                                      0.247     1.876 r  u_mem/ram_weight_A/ram_reg_bram_17/CASDOUTB[17]
                         net (fo=1, routed)           0.025     1.901    u_mem/ram_weight_A/ram_reg_bram_17_n_50
    RAMB36_X0Y18         RAMB36E2 (Prop_RAMB36E2_RAMB36_CASDINB[17]_CASDOUTB[17])
                                                      0.247     2.148 r  u_mem/ram_weight_A/ram_reg_bram_18/CASDOUTB[17]
                         net (fo=1, routed)           0.025     2.173    u_mem/ram_weight_A/ram_reg_bram_18_n_50
    RAMB36_X0Y19         RAMB36E2 (Prop_RAMB36E2_RAMB36_CASDINB[17]_CASDOUTB[17])
                                                      0.247     2.420 r  u_mem/ram_weight_A/ram_reg_bram_19/CASDOUTB[17]
                         net (fo=1, routed)           0.025     2.445    u_mem/ram_weight_A/ram_reg_bram_19_n_50
    RAMB36_X0Y20         RAMB36E2 (Prop_RAMB36E2_RAMB36_CASDINB[17]_CASDOUTB[17])
                                                      0.247     2.692 r  u_mem/ram_weight_A/ram_reg_bram_20/CASDOUTB[17]
                         net (fo=1, routed)           0.025     2.717    u_mem/ram_weight_A/ram_reg_bram_20_n_50
    RAMB36_X0Y21         RAMB36E2 (Prop_RAMB36E2_RAMB36_CASDINB[17]_CASDOUTB[17])
                                                      0.247     2.964 r  u_mem/ram_weight_A/ram_reg_bram_21/CASDOUTB[17]
                         net (fo=1, routed)           0.025     2.989    u_mem/ram_weight_A/ram_reg_bram_21_n_50
    RAMB36_X0Y22         RAMB36E2 (Prop_RAMB36E2_RAMB36_CASDINB[17]_CASDOUTB[17])
                                                      0.247     3.236 r  u_mem/ram_weight_A/ram_reg_bram_22/CASDOUTB[17]
                         net (fo=1, routed)           0.025     3.261    u_mem/ram_weight_A/ram_reg_bram_22_n_50
    RAMB36_X0Y23         RAMB36E2 (Prop_RAMB36E2_RAMB36_CASDINB[17]_DOUTBDOUT[17])
                                                      0.136     3.397 r  u_mem/ram_weight_A/ram_reg_bram_23/DOUTBDOUT[17]
                         net (fo=3, routed)           1.904     5.301    u_mem/ram_const/weight_read_data[89]
    SLICE_X23Y161        LUT5 (Prop_F6LUT_SLICEL_I2_O)
                                                      0.187     5.488 r  u_mem/ram_const/dma_rdata[89]_INST_0_i_1/O
                         net (fo=1, routed)           0.047     5.535    u_mem/ram_main_c1/dma_rdata_89_sn_1
    SLICE_X23Y161        LUT6 (Prop_H6LUT_SLICEL_I5_O)
                                                      0.058     5.593 r  u_mem/ram_main_c1/dma_rdata[89]_INST_0/O
                         net (fo=0)                   0.000     5.593    dma_rdata[89]
                                                                      r  dma_rdata[89] (OUT)
  -------------------------------------------------------------------    -------------------

Slack:                    inf
  Source:                 u_mem/ram_weight_A/ram_reg_bram_48/CLKBWRCLK
                            (rising edge-triggered cell RAMB36E2 clocked by clk  {rise@0.000ns fall@5.000ns period=10.000ns})
  Destination:            dma_rdata[230]
                            (output port)
  Path Group:             (none)
  Path Type:              Max at Slow Process Corner
  Data Path Delay:        5.440ns  (logic 3.512ns (64.557%)  route 1.928ns (35.443%))
  Logic Levels:           9  (LUT5=1 LUT6=1 RAMB36E2=7)
  Clock Uncertainty:      0.175ns  ((TSJ^2 + TIJ^2)^1/2 + DJ) / 2 + PE + UU
    Total System Jitter     (TSJ):    0.050ns
    Total Input Jitter      (TIJ):    0.000ns
    Discrete Jitter          (DJ):    0.000ns
    Phase Error              (PE):    0.000ns
    User Uncertainty         (UU):    0.150ns

    Location             Delay type                Incr(ns)  Path(ns)    Netlist Resource(s)
  -------------------------------------------------------------------    -------------------
                         (clock clk rise edge)        0.000     0.000 r  
                                                      0.000     0.000 r  clk (IN)
                         net (fo=10952, unset)        0.106     0.106    u_mem/ram_weight_A/clk
    RAMB36_X1Y33         RAMB36E2                                     r  u_mem/ram_weight_A/ram_reg_bram_48/CLKBWRCLK
  -------------------------------------------------------------------    -------------------
    RAMB36_X1Y33         RAMB36E2 (Prop_RAMB36E2_RAMB36_CLKBWRCLK_CASDOUTB[14])
                                                      1.518     1.624 r  u_mem/ram_weight_A/ram_reg_bram_48/CASDOUTB[14]
                         net (fo=1, routed)           0.029     1.653    u_mem/ram_weight_A/ram_reg_bram_48_n_53
    RAMB36_X1Y34         RAMB36E2 (Prop_RAMB36E2_RAMB36_CASDINB[14]_CASDOUTB[14])
                                                      0.247     1.900 r  u_mem/ram_weight_A/ram_reg_bram_49/CASDOUTB[14]
                         net (fo=1, routed)           0.029     1.929    u_mem/ram_weight_A/ram_reg_bram_49_n_53
    RAMB36_X1Y35         RAMB36E2 (Prop_RAMB36E2_RAMB36_CASDINB[14]_CASDOUTB[14])
                                                      0.247     2.176 r  u_mem/ram_weight_A/ram_reg_bram_50/CASDOUTB[14]
                         net (fo=1, routed)           0.029     2.205    u_mem/ram_weight_A/ram_reg_bram_50_n_53
    RAMB36_X1Y36         RAMB36E2 (Prop_RAMB36E2_RAMB36_CASDINB[14]_CASDOUTB[14])
                                                      0.247     2.452 r  u_mem/ram_weight_A/ram_reg_bram_51/CASDOUTB[14]
                         net (fo=1, routed)           0.029     2.481    u_mem/ram_weight_A/ram_reg_bram_51_n_53
    RAMB36_X1Y37         RAMB36E2 (Prop_RAMB36E2_RAMB36_CASDINB[14]_CASDOUTB[14])
                                                      0.247     2.728 r  u_mem/ram_weight_A/ram_reg_bram_52/CASDOUTB[14]
                         net (fo=1, routed)           0.029     2.757    u_mem/ram_weight_A/ram_reg_bram_52_n_53
    RAMB36_X1Y38         RAMB36E2 (Prop_RAMB36E2_RAMB36_CASDINB[14]_CASDOUTB[14])
                                                      0.247     3.004 r  u_mem/ram_weight_A/ram_reg_bram_53/CASDOUTB[14]
                         net (fo=1, routed)           0.029     3.033    u_mem/ram_weight_A/ram_reg_bram_53_n_53
    RAMB36_X1Y39         RAMB36E2 (Prop_RAMB36E2_RAMB36_CASDINB[14]_CASDOUTB[14])
                                                      0.247     3.280 r  u_mem/ram_weight_A/ram_reg_bram_54/CASDOUTB[14]
                         net (fo=1, routed)           0.029     3.309    u_mem/ram_weight_A/ram_reg_bram_54_n_53
    RAMB36_X1Y40         RAMB36E2 (Prop_RAMB36E2_RAMB36_CASDINB[14]_DOUTBDOUT[14])
                                                      0.136     3.445 r  u_mem/ram_weight_A/ram_reg_bram_55/DOUTBDOUT[14]
                         net (fo=3, routed)           1.524     4.969    u_mem/ram_const/weight_read_data[230]
    SLICE_X41Y179        LUT5 (Prop_E6LUT_SLICEM_I2_O)
                                                      0.187     5.156 r  u_mem/ram_const/dma_rdata[230]_INST_0_i_1/O
                         net (fo=1, routed)           0.201     5.357    u_mem/ram_main_c1/dma_rdata_230_sn_1
    SLICE_X41Y177        LUT6 (Prop_H6LUT_SLICEM_I5_O)
                                                      0.189     5.546 r  u_mem/ram_main_c1/dma_rdata[230]_INST_0/O
                         net (fo=0)                   0.000     5.546    dma_rdata[230]
                                                                      r  dma_rdata[230] (OUT)
  -------------------------------------------------------------------    -------------------

Slack:                    inf
  Source:                 u_mem/ram_weight_A/ram_reg_bram_24/CLKBWRCLK
                            (rising edge-triggered cell RAMB36E2 clocked by clk  {rise@0.000ns fall@5.000ns period=10.000ns})
  Destination:            dma_rdata[115]
                            (output port)
  Path Group:             (none)
  Path Type:              Max at Slow Process Corner
  Data Path Delay:        5.379ns  (logic 3.417ns (63.529%)  route 1.962ns (36.471%))
  Logic Levels:           9  (LUT5=1 LUT6=1 RAMB36E2=7)
  Clock Uncertainty:      0.175ns  ((TSJ^2 + TIJ^2)^1/2 + DJ) / 2 + PE + UU
    Total System Jitter     (TSJ):    0.050ns
    Total Input Jitter      (TIJ):    0.000ns
    Discrete Jitter          (DJ):    0.000ns
    Phase Error              (PE):    0.000ns
    User Uncertainty         (UU):    0.150ns

    Location             Delay type                Incr(ns)  Path(ns)    Netlist Resource(s)
  -------------------------------------------------------------------    -------------------
                         (clock clk rise edge)        0.000     0.000 r  
                                                      0.000     0.000 r  clk (IN)
                         net (fo=10952, unset)        0.106     0.106    u_mem/ram_weight_A/clk
    RAMB36_X2Y28         RAMB36E2                                     r  u_mem/ram_weight_A/ram_reg_bram_24/CLKBWRCLK
  -------------------------------------------------------------------    -------------------
    RAMB36_X2Y28         RAMB36E2 (Prop_RAMB36E2_RAMB36_CLKBWRCLK_CASDOUTB[7])
                                                      1.555     1.661 r  u_mem/ram_weight_A/ram_reg_bram_24/CASDOUTB[7]
                         net (fo=1, routed)           0.028     1.689    u_mem/ram_weight_A/ram_reg_bram_24_n_60
    RAMB36_X2Y29         RAMB36E2 (Prop_RAMB36E2_RAMB36_CASDINB[7]_CASDOUTB[7])
                                                      0.247     1.936 r  u_mem/ram_weight_A/ram_reg_bram_25/CASDOUTB[7]
                         net (fo=1, routed)           0.028     1.964    u_mem/ram_weight_A/ram_reg_bram_25_n_60
    RAMB36_X2Y30         RAMB36E2 (Prop_RAMB36E2_RAMB36_CASDINB[7]_CASDOUTB[7])
                                                      0.247     2.211 r  u_mem/ram_weight_A/ram_reg_bram_26/CASDOUTB[7]
                         net (fo=1, routed)           0.028     2.239    u_mem/ram_weight_A/ram_reg_bram_26_n_60
    RAMB36_X2Y31         RAMB36E2 (Prop_RAMB36E2_RAMB36_CASDINB[7]_CASDOUTB[7])
                                                      0.247     2.486 r  u_mem/ram_weight_A/ram_reg_bram_27/CASDOUTB[7]
                         net (fo=1, routed)           0.028     2.514    u_mem/ram_weight_A/ram_reg_bram_27_n_60
    RAMB36_X2Y32         RAMB36E2 (Prop_RAMB36E2_RAMB36_CASDINB[7]_CASDOUTB[7])
                                                      0.247     2.761 r  u_mem/ram_weight_A/ram_reg_bram_28/CASDOUTB[7]
                         net (fo=1, routed)           0.028     2.789    u_mem/ram_weight_A/ram_reg_bram_28_n_60
    RAMB36_X2Y33         RAMB36E2 (Prop_RAMB36E2_RAMB36_CASDINB[7]_CASDOUTB[7])
                                                      0.247     3.036 r  u_mem/ram_weight_A/ram_reg_bram_29/CASDOUTB[7]
                         net (fo=1, routed)           0.028     3.064    u_mem/ram_weight_A/ram_reg_bram_29_n_60
    RAMB36_X2Y34         RAMB36E2 (Prop_RAMB36E2_RAMB36_CASDINB[7]_CASDOUTB[7])
                                                      0.247     3.311 r  u_mem/ram_weight_A/ram_reg_bram_30/CASDOUTB[7]
                         net (fo=1, routed)           0.028     3.339    u_mem/ram_weight_A/ram_reg_bram_30_n_60
    RAMB36_X2Y35         RAMB36E2 (Prop_RAMB36E2_RAMB36_CASDINB[7]_DOUTBDOUT[7])
                                                      0.136     3.475 r  u_mem/ram_weight_A/ram_reg_bram_31/DOUTBDOUT[7]
                         net (fo=3, routed)           1.342     4.817    u_mem/ram_const/weight_read_data[115]
    SLICE_X30Y159        LUT5 (Prop_H6LUT_SLICEL_I2_O)
                                                      0.058     4.875 r  u_mem/ram_const/dma_rdata[115]_INST_0_i_1/O
                         net (fo=1, routed)           0.424     5.299    u_mem/ram_main_c1/dma_rdata_115_sn_1
    SLICE_X33Y155        LUT6 (Prop_G6LUT_SLICEL_I5_O)
                                                      0.186     5.485 r  u_mem/ram_main_c1/dma_rdata[115]_INST_0/O
                         net (fo=0)                   0.000     5.485    dma_rdata[115]
                                                                      r  dma_rdata[115] (OUT)
  -------------------------------------------------------------------    -------------------

Slack:                    inf
  Source:                 u_mem/ram_weight_A/ram_reg_bram_24/CLKBWRCLK
                            (rising edge-triggered cell RAMB36E2 clocked by clk  {rise@0.000ns fall@5.000ns period=10.000ns})
  Destination:            dma_rdata[109]
                            (output port)
  Path Group:             (none)
  Path Type:              Max at Slow Process Corner
  Data Path Delay:        5.368ns  (logic 3.449ns (64.252%)  route 1.919ns (35.748%))
  Logic Levels:           9  (LUT5=1 LUT6=1 RAMB36E2=7)
  Clock Uncertainty:      0.175ns  ((TSJ^2 + TIJ^2)^1/2 + DJ) / 2 + PE + UU
    Total System Jitter     (TSJ):    0.050ns
    Total Input Jitter      (TIJ):    0.000ns
    Discrete Jitter          (DJ):    0.000ns
    Phase Error              (PE):    0.000ns
    User Uncertainty         (UU):    0.150ns

    Location             Delay type                Incr(ns)  Path(ns)    Netlist Resource(s)
  -------------------------------------------------------------------    -------------------
                         (clock clk rise edge)        0.000     0.000 r  
                                                      0.000     0.000 r  clk (IN)
                         net (fo=10952, unset)        0.106     0.106    u_mem/ram_weight_A/clk
    RAMB36_X2Y28         RAMB36E2                                     r  u_mem/ram_weight_A/ram_reg_bram_24/CLKBWRCLK
  -------------------------------------------------------------------    -------------------
    RAMB36_X2Y28         RAMB36E2 (Prop_RAMB36E2_RAMB36_CLKBWRCLK_CASDOUTB[1])
                                                      1.588     1.694 r  u_mem/ram_weight_A/ram_reg_bram_24/CASDOUTB[1]
                         net (fo=1, routed)           0.026     1.720    u_mem/ram_weight_A/ram_reg_bram_24_n_66
    RAMB36_X2Y29         RAMB36E2 (Prop_RAMB36E2_RAMB36_CASDINB[1]_CASDOUTB[1])
                                                      0.247     1.967 r  u_mem/ram_weight_A/ram_reg_bram_25/CASDOUTB[1]
                         net (fo=1, routed)           0.026     1.993    u_mem/ram_weight_A/ram_reg_bram_25_n_66
    RAMB36_X2Y30         RAMB36E2 (Prop_RAMB36E2_RAMB36_CASDINB[1]_CASDOUTB[1])
                                                      0.247     2.240 r  u_mem/ram_weight_A/ram_reg_bram_26/CASDOUTB[1]
                         net (fo=1, routed)           0.026     2.266    u_mem/ram_weight_A/ram_reg_bram_26_n_66
    RAMB36_X2Y31         RAMB36E2 (Prop_RAMB36E2_RAMB36_CASDINB[1]_CASDOUTB[1])
                                                      0.247     2.513 r  u_mem/ram_weight_A/ram_reg_bram_27/CASDOUTB[1]
                         net (fo=1, routed)           0.026     2.539    u_mem/ram_weight_A/ram_reg_bram_27_n_66
    RAMB36_X2Y32         RAMB36E2 (Prop_RAMB36E2_RAMB36_CASDINB[1]_CASDOUTB[1])
                                                      0.247     2.786 r  u_mem/ram_weight_A/ram_reg_bram_28/CASDOUTB[1]
                         net (fo=1, routed)           0.026     2.812    u_mem/ram_weight_A/ram_reg_bram_28_n_66
    RAMB36_X2Y33         RAMB36E2 (Prop_RAMB36E2_RAMB36_CASDINB[1]_CASDOUTB[1])
                                                      0.247     3.059 r  u_mem/ram_weight_A/ram_reg_bram_29/CASDOUTB[1]
                         net (fo=1, routed)           0.026     3.085    u_mem/ram_weight_A/ram_reg_bram_29_n_66
    RAMB36_X2Y34         RAMB36E2 (Prop_RAMB36E2_RAMB36_CASDINB[1]_CASDOUTB[1])
                                                      0.247     3.332 r  u_mem/ram_weight_A/ram_reg_bram_30/CASDOUTB[1]
                         net (fo=1, routed)           0.026     3.358    u_mem/ram_weight_A/ram_reg_bram_30_n_66
    RAMB36_X2Y35         RAMB36E2 (Prop_RAMB36E2_RAMB36_CASDINB[1]_DOUTBDOUT[1])
                                                      0.136     3.494 r  u_mem/ram_weight_A/ram_reg_bram_31/DOUTBDOUT[1]
                         net (fo=3, routed)           1.504     4.998    u_mem/ram_const/weight_read_data[109]
    SLICE_X31Y168        LUT5 (Prop_E6LUT_SLICEM_I2_O)
                                                      0.057     5.055 r  u_mem/ram_const/dma_rdata[109]_INST_0_i_1/O
                         net (fo=1, routed)           0.233     5.288    u_mem/ram_main_c1/dma_rdata_109_sn_1
    SLICE_X31Y168        LUT6 (Prop_G6LUT_SLICEM_I5_O)
                                                      0.186     5.474 r  u_mem/ram_main_c1/dma_rdata[109]_INST_0/O
                         net (fo=0)                   0.000     5.474    dma_rdata[109]
                                                                      r  dma_rdata[109] (OUT)
  -------------------------------------------------------------------    -------------------

Slack:                    inf
  Source:                 u_mem/ram_weight_A/ram_reg_bram_8/CLKBWRCLK
                            (rising edge-triggered cell RAMB36E2 clocked by clk  {rise@0.000ns fall@5.000ns period=10.000ns})
  Destination:            dma_rdata[39]
                            (output port)
  Path Group:             (none)
  Path Type:              Max at Slow Process Corner
  Data Path Delay:        5.334ns  (logic 3.514ns (65.880%)  route 1.820ns (34.120%))
  Logic Levels:           9  (LUT5=1 LUT6=1 RAMB36E2=7)
  Clock Uncertainty:      0.175ns  ((TSJ^2 + TIJ^2)^1/2 + DJ) / 2 + PE + UU
    Total System Jitter     (TSJ):    0.050ns
    Total Input Jitter      (TIJ):    0.000ns
    Discrete Jitter          (DJ):    0.000ns
    Phase Error              (PE):    0.000ns
    User Uncertainty         (UU):    0.150ns

    Location             Delay type                Incr(ns)  Path(ns)    Netlist Resource(s)
  -------------------------------------------------------------------    -------------------
                         (clock clk rise edge)        0.000     0.000 r  
                                                      0.000     0.000 r  clk (IN)
                         net (fo=10952, unset)        0.106     0.106    u_mem/ram_weight_A/clk
    RAMB36_X1Y12         RAMB36E2                                     r  u_mem/ram_weight_A/ram_reg_bram_8/CLKBWRCLK
  -------------------------------------------------------------------    -------------------
    RAMB36_X1Y12         RAMB36E2 (Prop_RAMB36E2_RAMB36_CLKBWRCLK_CASDOUTB[3])
                                                      1.572     1.678 r  u_mem/ram_weight_A/ram_reg_bram_8/CASDOUTB[3]
                         net (fo=1, routed)           0.025     1.703    u_mem/ram_weight_A/ram_reg_bram_8_n_64
    RAMB36_X1Y13         RAMB36E2 (Prop_RAMB36E2_RAMB36_CASDINB[3]_CASDOUTB[3])
                                                      0.247     1.950 r  u_mem/ram_weight_A/ram_reg_bram_9/CASDOUTB[3]
                         net (fo=1, routed)           0.025     1.975    u_mem/ram_weight_A/ram_reg_bram_9_n_64
    RAMB36_X1Y14         RAMB36E2 (Prop_RAMB36E2_RAMB36_CASDINB[3]_CASDOUTB[3])
                                                      0.247     2.222 r  u_mem/ram_weight_A/ram_reg_bram_10/CASDOUTB[3]
                         net (fo=1, routed)           0.025     2.247    u_mem/ram_weight_A/ram_reg_bram_10_n_64
    RAMB36_X1Y15         RAMB36E2 (Prop_RAMB36E2_RAMB36_CASDINB[3]_CASDOUTB[3])
                                                      0.247     2.494 r  u_mem/ram_weight_A/ram_reg_bram_11/CASDOUTB[3]
                         net (fo=1, routed)           0.025     2.519    u_mem/ram_weight_A/ram_reg_bram_11_n_64
    RAMB36_X1Y16         RAMB36E2 (Prop_RAMB36E2_RAMB36_CASDINB[3]_CASDOUTB[3])
                                                      0.247     2.766 r  u_mem/ram_weight_A/ram_reg_bram_12/CASDOUTB[3]
                         net (fo=1, routed)           0.025     2.791    u_mem/ram_weight_A/ram_reg_bram_12_n_64
    RAMB36_X1Y17         RAMB36E2 (Prop_RAMB36E2_RAMB36_CASDINB[3]_CASDOUTB[3])
                                                      0.247     3.038 r  u_mem/ram_weight_A/ram_reg_bram_13/CASDOUTB[3]
                         net (fo=1, routed)           0.025     3.063    u_mem/ram_weight_A/ram_reg_bram_13_n_64
    RAMB36_X1Y18         RAMB36E2 (Prop_RAMB36E2_RAMB36_CASDINB[3]_CASDOUTB[3])
                                                      0.247     3.310 r  u_mem/ram_weight_A/ram_reg_bram_14/CASDOUTB[3]
                         net (fo=1, routed)           0.025     3.335    u_mem/ram_weight_A/ram_reg_bram_14_n_64
    RAMB36_X1Y19         RAMB36E2 (Prop_RAMB36E2_RAMB36_CASDINB[3]_DOUTBDOUT[3])
                                                      0.136     3.471 r  u_mem/ram_weight_A/ram_reg_bram_15/DOUTBDOUT[3]
                         net (fo=3, routed)           1.306     4.777    u_mem/ram_const/weight_read_data[39]
    SLICE_X38Y112        LUT5 (Prop_B6LUT_SLICEM_I2_O)
                                                      0.137     4.914 r  u_mem/ram_const/dma_rdata[39]_INST_0_i_1/O
                         net (fo=1, routed)           0.339     5.253    u_mem/ram_main_c1/dma_rdata_39_sn_1
    SLICE_X43Y112        LUT6 (Prop_E6LUT_SLICEM_I5_O)
                                                      0.187     5.440 r  u_mem/ram_main_c1/dma_rdata[39]_INST_0/O
                         net (fo=0)                   0.000     5.440    dma_rdata[39]
                                                                      r  dma_rdata[39] (OUT)
  -------------------------------------------------------------------    -------------------

Slack:                    inf
  Source:                 u_mem/ram_weight_A/ram_reg_bram_8/CLKBWRCLK
                            (rising edge-triggered cell RAMB36E2 clocked by clk  {rise@0.000ns fall@5.000ns period=10.000ns})
  Destination:            dma_rdata[42]
                            (output port)
  Path Group:             (none)
  Path Type:              Max at Slow Process Corner
  Data Path Delay:        5.309ns  (logic 3.297ns (62.098%)  route 2.012ns (37.902%))
  Logic Levels:           9  (LUT5=1 LUT6=1 RAMB36E2=7)
  Clock Uncertainty:      0.175ns  ((TSJ^2 + TIJ^2)^1/2 + DJ) / 2 + PE + UU
    Total System Jitter     (TSJ):    0.050ns
    Total Input Jitter      (TIJ):    0.000ns
    Discrete Jitter          (DJ):    0.000ns
    Phase Error              (PE):    0.000ns
    User Uncertainty         (UU):    0.150ns

    Location             Delay type                Incr(ns)  Path(ns)    Netlist Resource(s)
  -------------------------------------------------------------------    -------------------
                         (clock clk rise edge)        0.000     0.000 r  
                                                      0.000     0.000 r  clk (IN)
                         net (fo=10952, unset)        0.106     0.106    u_mem/ram_weight_A/clk
    RAMB36_X1Y12         RAMB36E2                                     r  u_mem/ram_weight_A/ram_reg_bram_8/CLKBWRCLK
  -------------------------------------------------------------------    -------------------
    RAMB36_X1Y12         RAMB36E2 (Prop_RAMB36E2_RAMB36_CLKBWRCLK_CASDOUTB[6])
                                                      1.565     1.671 r  u_mem/ram_weight_A/ram_reg_bram_8/CASDOUTB[6]
                         net (fo=1, routed)           0.027     1.698    u_mem/ram_weight_A/ram_reg_bram_8_n_61
    RAMB36_X1Y13         RAMB36E2 (Prop_RAMB36E2_RAMB36_CASDINB[6]_CASDOUTB[6])
                                                      0.247     1.945 r  u_mem/ram_weight_A/ram_reg_bram_9/CASDOUTB[6]
                         net (fo=1, routed)           0.027     1.972    u_mem/ram_weight_A/ram_reg_bram_9_n_61
    RAMB36_X1Y14         RAMB36E2 (Prop_RAMB36E2_RAMB36_CASDINB[6]_CASDOUTB[6])
                                                      0.247     2.219 r  u_mem/ram_weight_A/ram_reg_bram_10/CASDOUTB[6]
                         net (fo=1, routed)           0.027     2.246    u_mem/ram_weight_A/ram_reg_bram_10_n_61
    RAMB36_X1Y15         RAMB36E2 (Prop_RAMB36E2_RAMB36_CASDINB[6]_CASDOUTB[6])
                                                      0.247     2.493 r  u_mem/ram_weight_A/ram_reg_bram_11/CASDOUTB[6]
                         net (fo=1, routed)           0.027     2.520    u_mem/ram_weight_A/ram_reg_bram_11_n_61
    RAMB36_X1Y16         RAMB36E2 (Prop_RAMB36E2_RAMB36_CASDINB[6]_CASDOUTB[6])
                                                      0.247     2.767 r  u_mem/ram_weight_A/ram_reg_bram_12/CASDOUTB[6]
                         net (fo=1, routed)           0.027     2.794    u_mem/ram_weight_A/ram_reg_bram_12_n_61
    RAMB36_X1Y17         RAMB36E2 (Prop_RAMB36E2_RAMB36_CASDINB[6]_CASDOUTB[6])
                                                      0.247     3.041 r  u_mem/ram_weight_A/ram_reg_bram_13/CASDOUTB[6]
                         net (fo=1, routed)           0.027     3.068    u_mem/ram_weight_A/ram_reg_bram_13_n_61
    RAMB36_X1Y18         RAMB36E2 (Prop_RAMB36E2_RAMB36_CASDINB[6]_CASDOUTB[6])
                                                      0.247     3.315 r  u_mem/ram_weight_A/ram_reg_bram_14/CASDOUTB[6]
                         net (fo=1, routed)           0.027     3.342    u_mem/ram_weight_A/ram_reg_bram_14_n_61
    RAMB36_X1Y19         RAMB36E2 (Prop_RAMB36E2_RAMB36_CASDINB[6]_DOUTBDOUT[6])
                                                      0.136     3.478 r  u_mem/ram_weight_A/ram_reg_bram_15/DOUTBDOUT[6]
                         net (fo=3, routed)           1.776     5.254    u_mem/ram_const/weight_read_data[42]
    SLICE_X46Y116        LUT5 (Prop_F6LUT_SLICEL_I2_O)
                                                      0.056     5.310 r  u_mem/ram_const/dma_rdata[42]_INST_0_i_1/O
                         net (fo=1, routed)           0.047     5.357    u_mem/ram_main_c1/dma_rdata_42_sn_1
    SLICE_X46Y116        LUT6 (Prop_H6LUT_SLICEL_I5_O)
                                                      0.058     5.415 r  u_mem/ram_main_c1/dma_rdata[42]_INST_0/O
                         net (fo=0)                   0.000     5.415    dma_rdata[42]
                                                                      r  dma_rdata[42] (OUT)
  -------------------------------------------------------------------    -------------------

Slack:                    inf
  Source:                 u_mem/ram_weight_A/ram_reg_bram_40/CLKBWRCLK
                            (rising edge-triggered cell RAMB36E2 clocked by clk  {rise@0.000ns fall@5.000ns period=10.000ns})
  Destination:            dma_rdata[215]
                            (output port)
  Path Group:             (none)
  Path Type:              Max at Slow Process Corner
  Data Path Delay:        5.303ns  (logic 3.482ns (65.657%)  route 1.821ns (34.343%))
  Logic Levels:           9  (LUT5=1 LUT6=1 RAMB36E2=7)
  Clock Uncertainty:      0.175ns  ((TSJ^2 + TIJ^2)^1/2 + DJ) / 2 + PE + UU
    Total System Jitter     (TSJ):    0.050ns
    Total Input Jitter      (TIJ):    0.000ns
    Discrete Jitter          (DJ):    0.000ns
    Phase Error              (PE):    0.000ns
    User Uncertainty         (UU):    0.150ns

    Location             Delay type                Incr(ns)  Path(ns)    Netlist Resource(s)
  -------------------------------------------------------------------    -------------------
                         (clock clk rise edge)        0.000     0.000 r  
                                                      0.000     0.000 r  clk (IN)
                         net (fo=10952, unset)        0.106     0.106    u_mem/ram_weight_A/clk
    RAMB36_X2Y36         RAMB36E2                                     r  u_mem/ram_weight_A/ram_reg_bram_40/CLKBWRCLK
  -------------------------------------------------------------------    -------------------
    RAMB36_X2Y36         RAMB36E2 (Prop_RAMB36E2_RAMB36_CLKBWRCLK_CASDOUTPB[3])
                                                      1.504     1.610 r  u_mem/ram_weight_A/ram_reg_bram_40/CASDOUTPB[3]
                         net (fo=1, routed)           0.025     1.635    u_mem/ram_weight_A/ram_reg_bram_40_n_136
    RAMB36_X2Y37         RAMB36E2 (Prop_RAMB36E2_RAMB36_CASDINPB[3]_CASDOUTPB[3])
                                                      0.247     1.882 r  u_mem/ram_weight_A/ram_reg_bram_41/CASDOUTPB[3]
                         net (fo=1, routed)           0.025     1.907    u_mem/ram_weight_A/ram_reg_bram_41_n_136
    RAMB36_X2Y38         RAMB36E2 (Prop_RAMB36E2_RAMB36_CASDINPB[3]_CASDOUTPB[3])
                                                      0.247     2.154 r  u_mem/ram_weight_A/ram_reg_bram_42/CASDOUTPB[3]
                         net (fo=1, routed)           0.025     2.179    u_mem/ram_weight_A/ram_reg_bram_42_n_136
    RAMB36_X2Y39         RAMB36E2 (Prop_RAMB36E2_RAMB36_CASDINPB[3]_CASDOUTPB[3])
                                                      0.247     2.426 r  u_mem/ram_weight_A/ram_reg_bram_43/CASDOUTPB[3]
                         net (fo=1, routed)           0.025     2.451    u_mem/ram_weight_A/ram_reg_bram_43_n_136
    RAMB36_X2Y40         RAMB36E2 (Prop_RAMB36E2_RAMB36_CASDINPB[3]_CASDOUTPB[3])
                                                      0.247     2.698 r  u_mem/ram_weight_A/ram_reg_bram_44/CASDOUTPB[3]
                         net (fo=1, routed)           0.025     2.723    u_mem/ram_weight_A/ram_reg_bram_44_n_136
    RAMB36_X2Y41         RAMB36E2 (Prop_RAMB36E2_RAMB36_CASDINPB[3]_CASDOUTPB[3])
                                                      0.247     2.970 r  u_mem/ram_weight_A/ram_reg_bram_45/CASDOUTPB[3]
                         net (fo=1, routed)           0.025     2.995    u_mem/ram_weight_A/ram_reg_bram_45_n_136
    RAMB36_X2Y42         RAMB36E2 (Prop_RAMB36E2_RAMB36_CASDINPB[3]_CASDOUTPB[3])
                                                      0.247     3.242 r  u_mem/ram_weight_A/ram_reg_bram_46/CASDOUTPB[3]
                         net (fo=1, routed)           0.025     3.267    u_mem/ram_weight_A/ram_reg_bram_46_n_136
    RAMB36_X2Y43         RAMB36E2 (Prop_RAMB36E2_RAMB36_CASDINPB[3]_DOUTPBDOUTP[3])
                                                      0.136     3.403 r  u_mem/ram_weight_A/ram_reg_bram_47/DOUTPBDOUTP[3]
                         net (fo=3, routed)           1.182     4.585    u_mem/ram_const/weight_read_data[215]
    SLICE_X44Y192        LUT5 (Prop_E6LUT_SLICEL_I2_O)
                                                      0.223     4.808 r  u_mem/ram_const/dma_rdata[215]_INST_0_i_1/O
                         net (fo=1, routed)           0.464     5.272    u_mem/ram_main_c1/dma_rdata_215_sn_1
    SLICE_X44Y192        LUT6 (Prop_G6LUT_SLICEL_I5_O)
                                                      0.137     5.409 r  u_mem/ram_main_c1/dma_rdata[215]_INST_0/O
                         net (fo=0)                   0.000     5.409    dma_rdata[215]
                                                                      r  dma_rdata[215] (OUT)
  -------------------------------------------------------------------    -------------------

Slack:                    inf
  Source:                 u_mem/ram_weight_A/ram_reg_bram_0/CLKBWRCLK
                            (rising edge-triggered cell RAMB36E2 clocked by clk  {rise@0.000ns fall@5.000ns period=10.000ns})
  Destination:            dma_rdata[9]
                            (output port)
  Path Group:             (none)
  Path Type:              Max at Slow Process Corner
  Data Path Delay:        5.278ns  (logic 3.473ns (65.799%)  route 1.805ns (34.201%))
  Logic Levels:           9  (LUT5=1 LUT6=1 RAMB36E2=7)
  Clock Uncertainty:      0.175ns  ((TSJ^2 + TIJ^2)^1/2 + DJ) / 2 + PE + UU
    Total System Jitter     (TSJ):    0.050ns
    Total Input Jitter      (TIJ):    0.000ns
    Discrete Jitter          (DJ):    0.000ns
    Phase Error              (PE):    0.000ns
    User Uncertainty         (UU):    0.150ns

    Location             Delay type                Incr(ns)  Path(ns)    Netlist Resource(s)
  -------------------------------------------------------------------    -------------------
                         (clock clk rise edge)        0.000     0.000 r  
                                                      0.000     0.000 r  clk (IN)
                         net (fo=10952, unset)        0.106     0.106    u_mem/ram_weight_A/clk
    RAMB36_X2Y12         RAMB36E2                                     r  u_mem/ram_weight_A/ram_reg_bram_0/CLKBWRCLK
  -------------------------------------------------------------------    -------------------
    RAMB36_X2Y12         RAMB36E2 (Prop_RAMB36E2_RAMB36_CLKBWRCLK_CASDOUTB[9])
                                                      1.530     1.636 r  u_mem/ram_weight_A/ram_reg_bram_0/CASDOUTB[9]
                         net (fo=1, routed)           0.022     1.658    u_mem/ram_weight_A/ram_reg_bram_0_n_58
    RAMB36_X2Y13         RAMB36E2 (Prop_RAMB36E2_RAMB36_CASDINB[9]_CASDOUTB[9])
                                                      0.247     1.905 r  u_mem/ram_weight_A/ram_reg_bram_1/CASDOUTB[9]
                         net (fo=1, routed)           0.022     1.927    u_mem/ram_weight_A/ram_reg_bram_1_n_58
    RAMB36_X2Y14         RAMB36E2 (Prop_RAMB36E2_RAMB36_CASDINB[9]_CASDOUTB[9])
                                                      0.247     2.174 r  u_mem/ram_weight_A/ram_reg_bram_2/CASDOUTB[9]
                         net (fo=1, routed)           0.022     2.196    u_mem/ram_weight_A/ram_reg_bram_2_n_58
    RAMB36_X2Y15         RAMB36E2 (Prop_RAMB36E2_RAMB36_CASDINB[9]_CASDOUTB[9])
                                                      0.247     2.443 r  u_mem/ram_weight_A/ram_reg_bram_3/CASDOUTB[9]
                         net (fo=1, routed)           0.022     2.465    u_mem/ram_weight_A/ram_reg_bram_3_n_58
    RAMB36_X2Y16         RAMB36E2 (Prop_RAMB36E2_RAMB36_CASDINB[9]_CASDOUTB[9])
                                                      0.247     2.712 r  u_mem/ram_weight_A/ram_reg_bram_4/CASDOUTB[9]
                         net (fo=1, routed)           0.022     2.734    u_mem/ram_weight_A/ram_reg_bram_4_n_58
    RAMB36_X2Y17         RAMB36E2 (Prop_RAMB36E2_RAMB36_CASDINB[9]_CASDOUTB[9])
                                                      0.247     2.981 r  u_mem/ram_weight_A/ram_reg_bram_5/CASDOUTB[9]
                         net (fo=1, routed)           0.022     3.003    u_mem/ram_weight_A/ram_reg_bram_5_n_58
    RAMB36_X2Y18         RAMB36E2 (Prop_RAMB36E2_RAMB36_CASDINB[9]_CASDOUTB[9])
                                                      0.247     3.250 r  u_mem/ram_weight_A/ram_reg_bram_6/CASDOUTB[9]
                         net (fo=1, routed)           0.022     3.272    u_mem/ram_weight_A/ram_reg_bram_6_n_58
    RAMB36_X2Y19         RAMB36E2 (Prop_RAMB36E2_RAMB36_CASDINB[9]_DOUTBDOUT[9])
                                                      0.136     3.408 r  u_mem/ram_weight_A/ram_reg_bram_7/DOUTBDOUT[9]
                         net (fo=3, routed)           1.392     4.800    u_mem/ram_const/weight_read_data[9]
    SLICE_X30Y114        LUT5 (Prop_A6LUT_SLICEL_I2_O)
                                                      0.137     4.937 r  u_mem/ram_const/dma_rdata[9]_INST_0_i_1/O
                         net (fo=1, routed)           0.259     5.196    u_mem/ram_main_c1/dma_rdata_9_sn_1
    SLICE_X32Y114        LUT6 (Prop_B6LUT_SLICEM_I5_O)
                                                      0.188     5.384 r  u_mem/ram_main_c1/dma_rdata[9]_INST_0/O
                         net (fo=0)                   0.000     5.384    dma_rdata[9]
                                                                      r  dma_rdata[9] (OUT)
  -------------------------------------------------------------------    -------------------

Slack:                    inf
  Source:                 u_mem/ram_weight_A/ram_reg_bram_0/CLKBWRCLK
                            (rising edge-triggered cell RAMB36E2 clocked by clk  {rise@0.000ns fall@5.000ns period=10.000ns})
  Destination:            dma_rdata[33]
                            (output port)
  Path Group:             (none)
  Path Type:              Max at Slow Process Corner
  Data Path Delay:        5.263ns  (logic 3.538ns (67.222%)  route 1.725ns (32.778%))
  Logic Levels:           9  (LUT5=1 LUT6=1 RAMB36E2=7)
  Clock Uncertainty:      0.175ns  ((TSJ^2 + TIJ^2)^1/2 + DJ) / 2 + PE + UU
    Total System Jitter     (TSJ):    0.050ns
    Total Input Jitter      (TIJ):    0.000ns
    Discrete Jitter          (DJ):    0.000ns
    Phase Error              (PE):    0.000ns
    User Uncertainty         (UU):    0.150ns

    Location             Delay type                Incr(ns)  Path(ns)    Netlist Resource(s)
  -------------------------------------------------------------------    -------------------
                         (clock clk rise edge)        0.000     0.000 r  
                                                      0.000     0.000 r  clk (IN)
                         net (fo=10952, unset)        0.106     0.106    u_mem/ram_weight_A/clk
    RAMB36_X2Y12         RAMB36E2                                     r  u_mem/ram_weight_A/ram_reg_bram_0/CLKBWRCLK
  -------------------------------------------------------------------    -------------------
    RAMB36_X2Y12         RAMB36E2 (Prop_RAMB36E2_RAMB36_CLKBWRCLK_CASDOUTPB[1])
                                                      1.546     1.652 r  u_mem/ram_weight_A/ram_reg_bram_0/CASDOUTPB[1]
                         net (fo=1, routed)           0.031     1.683    u_mem/ram_weight_A/ram_reg_bram_0_n_138
    RAMB36_X2Y13         RAMB36E2 (Prop_RAMB36E2_RAMB36_CASDINPB[1]_CASDOUTPB[1])
                                                      0.247     1.930 r  u_mem/ram_weight_A/ram_reg_bram_1/CASDOUTPB[1]
                         net (fo=1, routed)           0.031     1.961    u_mem/ram_weight_A/ram_reg_bram_1_n_138
    RAMB36_X2Y14         RAMB36E2 (Prop_RAMB36E2_RAMB36_CASDINPB[1]_CASDOUTPB[1])
                                                      0.247     2.208 r  u_mem/ram_weight_A/ram_reg_bram_2/CASDOUTPB[1]
                         net (fo=1, routed)           0.031     2.239    u_mem/ram_weight_A/ram_reg_bram_2_n_138
    RAMB36_X2Y15         RAMB36E2 (Prop_RAMB36E2_RAMB36_CASDINPB[1]_CASDOUTPB[1])
                                                      0.247     2.486 r  u_mem/ram_weight_A/ram_reg_bram_3/CASDOUTPB[1]
                         net (fo=1, routed)           0.031     2.517    u_mem/ram_weight_A/ram_reg_bram_3_n_138
    RAMB36_X2Y16         RAMB36E2 (Prop_RAMB36E2_RAMB36_CASDINPB[1]_CASDOUTPB[1])
                                                      0.247     2.764 r  u_mem/ram_weight_A/ram_reg_bram_4/CASDOUTPB[1]
                         net (fo=1, routed)           0.031     2.795    u_mem/ram_weight_A/ram_reg_bram_4_n_138
    RAMB36_X2Y17         RAMB36E2 (Prop_RAMB36E2_RAMB36_CASDINPB[1]_CASDOUTPB[1])
                                                      0.247     3.042 r  u_mem/ram_weight_A/ram_reg_bram_5/CASDOUTPB[1]
                         net (fo=1, routed)           0.031     3.073    u_mem/ram_weight_A/ram_reg_bram_5_n_138
    RAMB36_X2Y18         RAMB36E2 (Prop_RAMB36E2_RAMB36_CASDINPB[1]_CASDOUTPB[1])
                                                      0.247     3.320 r  u_mem/ram_weight_A/ram_reg_bram_6/CASDOUTPB[1]
                         net (fo=1, routed)           0.031     3.351    u_mem/ram_weight_A/ram_reg_bram_6_n_138
    RAMB36_X2Y19         RAMB36E2 (Prop_RAMB36E2_RAMB36_CASDINPB[1]_DOUTPBDOUTP[1])
                                                      0.136     3.487 r  u_mem/ram_weight_A/ram_reg_bram_7/DOUTPBDOUTP[1]
                         net (fo=3, routed)           1.398     4.885    u_mem/ram_const/weight_read_data[33]
    SLICE_X44Y112        LUT5 (Prop_E6LUT_SLICEL_I2_O)
                                                      0.187     5.072 r  u_mem/ram_const/dma_rdata[33]_INST_0_i_1/O
                         net (fo=1, routed)           0.110     5.182    u_mem/ram_main_c1/dma_rdata_33_sn_1
    SLICE_X44Y112        LUT6 (Prop_F6LUT_SLICEL_I5_O)
                                                      0.187     5.369 r  u_mem/ram_main_c1/dma_rdata[33]_INST_0/O
                         net (fo=0)                   0.000     5.369    dma_rdata[33]
                                                                      r  dma_rdata[33] (OUT)
  -------------------------------------------------------------------    -------------------





Min Delay Paths
--------------------------------------------------------------------------------------
Slack:                    inf
  Source:                 done_stage_reg/C
                            (rising edge-triggered cell FDCE clocked by clk  {rise@0.000ns fall@5.000ns period=10.000ns})
  Destination:            done_all
                            (output port)
  Path Group:             (none)
  Path Type:              Min at Fast Process Corner
  Data Path Delay:        0.084ns  (logic 0.084ns (100.000%)  route 0.000ns (0.000%))
  Logic Levels:           0  
  Clock Uncertainty:      0.075ns  ((TSJ^2 + TIJ^2)^1/2 + DJ) / 2 + PE + UU
    Total System Jitter     (TSJ):    0.050ns
    Total Input Jitter      (TIJ):    0.000ns
    Discrete Jitter          (DJ):    0.000ns
    Phase Error              (PE):    0.000ns
    User Uncertainty         (UU):    0.050ns

    Location             Delay type                Incr(ns)  Path(ns)    Netlist Resource(s)
  -------------------------------------------------------------------    -------------------
                         (clock clk rise edge)        0.000     0.000 r  
                                                      0.000     0.000 r  clk (IN)
                         net (fo=10952, unset)        0.014     0.014    clk
    SLICE_X44Y103        FDCE                                         r  done_stage_reg/C
  -------------------------------------------------------------------    -------------------
    SLICE_X44Y103        FDCE (Prop_HFF_SLICEL_C_Q)
                                                      0.084     0.098 r  done_stage_reg/Q
                         net (fo=1, unset)            0.000     0.098    done_stage
                                                                      r  done_all (OUT)
  -------------------------------------------------------------------    -------------------

Slack:                    inf
  Source:                 done_stage_reg/C
                            (rising edge-triggered cell FDCE clocked by clk  {rise@0.000ns fall@5.000ns period=10.000ns})
  Destination:            done_stage
                            (output port)
  Path Group:             (none)
  Path Type:              Min at Fast Process Corner
  Data Path Delay:        0.084ns  (logic 0.084ns (100.000%)  route 0.000ns (0.000%))
  Logic Levels:           0  
  Clock Uncertainty:      0.075ns  ((TSJ^2 + TIJ^2)^1/2 + DJ) / 2 + PE + UU
    Total System Jitter     (TSJ):    0.050ns
    Total Input Jitter      (TIJ):    0.000ns
    Discrete Jitter          (DJ):    0.000ns
    Phase Error              (PE):    0.000ns
    User Uncertainty         (UU):    0.050ns

    Location             Delay type                Incr(ns)  Path(ns)    Netlist Resource(s)
  -------------------------------------------------------------------    -------------------
                         (clock clk rise edge)        0.000     0.000 r  
                                                      0.000     0.000 r  clk (IN)
                         net (fo=10952, unset)        0.014     0.014    clk
    SLICE_X44Y103        FDCE                                         r  done_stage_reg/C
  -------------------------------------------------------------------    -------------------
    SLICE_X44Y103        FDCE (Prop_HFF_SLICEL_C_Q)
                                                      0.084     0.098 r  done_stage_reg/Q
                         net (fo=1, unset)            0.000     0.098    done_stage
                                                                      r  done_stage (OUT)
  -------------------------------------------------------------------    -------------------

Slack:                    inf
  Source:                 u_mem/ram_const/dout_b_reg[80]/C
                            (rising edge-triggered cell FDRE clocked by clk  {rise@0.000ns fall@5.000ns period=10.000ns})
  Destination:            dma_rdata[80]
                            (output port)
  Path Group:             (none)
  Path Type:              Min at Fast Process Corner
  Data Path Delay:        0.264ns  (logic 0.172ns (65.068%)  route 0.092ns (34.932%))
  Logic Levels:           2  (LUT5=1 LUT6=1)
  Clock Uncertainty:      0.075ns  ((TSJ^2 + TIJ^2)^1/2 + DJ) / 2 + PE + UU
    Total System Jitter     (TSJ):    0.050ns
    Total Input Jitter      (TIJ):    0.000ns
    Discrete Jitter          (DJ):    0.000ns
    Phase Error              (PE):    0.000ns
    User Uncertainty         (UU):    0.050ns

    Location             Delay type                Incr(ns)  Path(ns)    Netlist Resource(s)
  -------------------------------------------------------------------    -------------------
                         (clock clk rise edge)        0.000     0.000 r  
                                                      0.000     0.000 r  clk (IN)
                         net (fo=10952, unset)        0.014     0.014    u_mem/ram_const/clk
    SLICE_X26Y163        FDRE                                         r  u_mem/ram_const/dout_b_reg[80]/C
  -------------------------------------------------------------------    -------------------
    SLICE_X26Y163        FDRE (Prop_AFF_SLICEL_C_Q)
                                                      0.084     0.098 r  u_mem/ram_const/dout_b_reg[80]/Q
                         net (fo=4, routed)           0.070     0.168    u_mem/ram_const/Q[80]
    SLICE_X26Y159        LUT5 (Prop_C6LUT_SLICEL_I0_O)
                                                      0.067     0.235 r  u_mem/ram_const/dma_rdata[80]_INST_0_i_1/O
                         net (fo=1, routed)           0.022     0.257    u_mem/ram_main_c1/dma_rdata_80_sn_1
    SLICE_X26Y159        LUT6 (Prop_D6LUT_SLICEL_I5_O)
                                                      0.021     0.278 r  u_mem/ram_main_c1/dma_rdata[80]_INST_0/O
                         net (fo=0)                   0.000     0.278    dma_rdata[80]
                                                                      r  dma_rdata[80] (OUT)
  -------------------------------------------------------------------    -------------------

Slack:                    inf
  Source:                 u_mem/ram_weight_B/ram_reg_bram_11/CLKBWRCLK
                            (rising edge-triggered cell RAMB36E2 clocked by clk  {rise@0.000ns fall@5.000ns period=10.000ns})
  Destination:            dma_rdata[83]
                            (output port)
  Path Group:             (none)
  Path Type:              Min at Fast Process Corner
  Data Path Delay:        0.289ns  (logic 0.176ns (60.846%)  route 0.113ns (39.154%))
  Logic Levels:           1  (LUT6=1)
  Clock Uncertainty:      0.075ns  ((TSJ^2 + TIJ^2)^1/2 + DJ) / 2 + PE + UU
    Total System Jitter     (TSJ):    0.050ns
    Total Input Jitter      (TIJ):    0.000ns
    Discrete Jitter          (DJ):    0.000ns
    Phase Error              (PE):    0.000ns
    User Uncertainty         (UU):    0.050ns

    Location             Delay type                Incr(ns)  Path(ns)    Netlist Resource(s)
  -------------------------------------------------------------------    -------------------
                         (clock clk rise edge)        0.000     0.000 r  
                                                      0.000     0.000 r  clk (IN)
                         net (fo=10952, unset)        0.034     0.034    u_mem/ram_weight_B/clk
    RAMB36_X0Y28         RAMB36E2                                     r  u_mem/ram_weight_B/ram_reg_bram_11/CLKBWRCLK
  -------------------------------------------------------------------    -------------------
    RAMB36_X0Y28         RAMB36E2 (Prop_RAMB36E2_RAMB36_CLKBWRCLK_DOUTBDOUT[11])
                                                      0.155     0.189 r  u_mem/ram_weight_B/ram_reg_bram_11/DOUTBDOUT[11]
                         net (fo=3, routed)           0.113     0.302    u_mem/ram_main_c1/dma_rdata[255][83]
    SLICE_X26Y146        LUT6 (Prop_A6LUT_SLICEL_I3_O)
                                                      0.021     0.323 r  u_mem/ram_main_c1/dma_rdata[83]_INST_0/O
                         net (fo=0)                   0.000     0.323    dma_rdata[83]
                                                                      r  dma_rdata[83] (OUT)
  -------------------------------------------------------------------    -------------------

Slack:                    inf
  Source:                 u_mem/ram_main_c1/ram_reg_uram_3/CLK
                            (rising edge-triggered cell URAM288 clocked by clk  {rise@0.000ns fall@5.000ns period=10.000ns})
  Destination:            dma_rdata[125]
                            (output port)
  Path Group:             (none)
  Path Type:              Min at Fast Process Corner
  Data Path Delay:        0.283ns  (logic 0.204ns (72.144%)  route 0.079ns (27.856%))
  Logic Levels:           1  (LUT6=1)
  Clock Uncertainty:      0.075ns  ((TSJ^2 + TIJ^2)^1/2 + DJ) / 2 + PE + UU
    Total System Jitter     (TSJ):    0.050ns
    Total Input Jitter      (TIJ):    0.000ns
    Discrete Jitter          (DJ):    0.000ns
    Phase Error              (PE):    0.000ns
    User Uncertainty         (UU):    0.050ns

    Location             Delay type                Incr(ns)  Path(ns)    Netlist Resource(s)
  -------------------------------------------------------------------    -------------------
                         (clock clk rise edge)        0.000     0.000 r  
                                                      0.000     0.000 r  clk (IN)
                         net (fo=10952, unset)        0.051     0.051    u_mem/ram_main_c1/clk
    URAM288_X0Y46        URAM288                                      r  u_mem/ram_main_c1/ram_reg_uram_3/CLK
  -------------------------------------------------------------------    -------------------
    URAM288_X0Y46        URAM288 (Prop_URAM_288K_INST_URAM288_CLK_DOUT_A[53])
                                                      0.183     0.234 r  u_mem/ram_main_c1/ram_reg_uram_3/DOUT_A[53]
                         net (fo=14, routed)          0.079     0.313    u_mem/ram_main_c1/dout_b[125]
    SLICE_X43Y175        LUT6 (Prop_H6LUT_SLICEM_I1_O)
                                                      0.021     0.334 r  u_mem/ram_main_c1/dma_rdata[125]_INST_0/O
                         net (fo=0)                   0.000     0.334    dma_rdata[125]
                                                                      r  dma_rdata[125] (OUT)
  -------------------------------------------------------------------    -------------------

Slack:                    inf
  Source:                 u_mem/ram_weight_B/ram_reg_bram_11/CLKBWRCLK
                            (rising edge-triggered cell RAMB36E2 clocked by clk  {rise@0.000ns fall@5.000ns period=10.000ns})
  Destination:            dma_rdata[73]
                            (output port)
  Path Group:             (none)
  Path Type:              Min at Fast Process Corner
  Data Path Delay:        0.310ns  (logic 0.207ns (66.725%)  route 0.103ns (33.275%))
  Logic Levels:           1  (LUT6=1)
  Clock Uncertainty:      0.075ns  ((TSJ^2 + TIJ^2)^1/2 + DJ) / 2 + PE + UU
    Total System Jitter     (TSJ):    0.050ns
    Total Input Jitter      (TIJ):    0.000ns
    Discrete Jitter          (DJ):    0.000ns
    Phase Error              (PE):    0.000ns
    User Uncertainty         (UU):    0.050ns

    Location             Delay type                Incr(ns)  Path(ns)    Netlist Resource(s)
  -------------------------------------------------------------------    -------------------
                         (clock clk rise edge)        0.000     0.000 r  
                                                      0.000     0.000 r  clk (IN)
                         net (fo=10952, unset)        0.034     0.034    u_mem/ram_weight_B/clk
    RAMB36_X0Y28         RAMB36E2                                     r  u_mem/ram_weight_B/ram_reg_bram_11/CLKBWRCLK
  -------------------------------------------------------------------    -------------------
    RAMB36_X0Y28         RAMB36E2 (Prop_RAMB36E2_RAMB36_CLKBWRCLK_DOUTBDOUT[1])
                                                      0.140     0.174 r  u_mem/ram_weight_B/ram_reg_bram_11/DOUTBDOUT[1]
                         net (fo=3, routed)           0.103     0.277    u_mem/ram_main_c1/dma_rdata[255][73]
    SLICE_X28Y139        LUT6 (Prop_F6LUT_SLICEM_I3_O)
                                                      0.067     0.344 r  u_mem/ram_main_c1/dma_rdata[73]_INST_0/O
                         net (fo=0)                   0.000     0.344    dma_rdata[73]
                                                                      r  dma_rdata[73] (OUT)
  -------------------------------------------------------------------    -------------------

Slack:                    inf
  Source:                 u_mem/ram_const/dout_b_reg[113]/C
                            (rising edge-triggered cell FDRE clocked by clk  {rise@0.000ns fall@5.000ns period=10.000ns})
  Destination:            dma_rdata[113]
                            (output port)
  Path Group:             (none)
  Path Type:              Min at Fast Process Corner
  Data Path Delay:        0.330ns  (logic 0.195ns (59.046%)  route 0.135ns (40.954%))
  Logic Levels:           2  (LUT5=1 LUT6=1)
  Clock Uncertainty:      0.075ns  ((TSJ^2 + TIJ^2)^1/2 + DJ) / 2 + PE + UU
    Total System Jitter     (TSJ):    0.050ns
    Total Input Jitter      (TIJ):    0.000ns
    Discrete Jitter          (DJ):    0.000ns
    Phase Error              (PE):    0.000ns
    User Uncertainty         (UU):    0.050ns

    Location             Delay type                Incr(ns)  Path(ns)    Netlist Resource(s)
  -------------------------------------------------------------------    -------------------
                         (clock clk rise edge)        0.000     0.000 r  
                                                      0.000     0.000 r  clk (IN)
                         net (fo=10952, unset)        0.014     0.014    u_mem/ram_const/clk
    SLICE_X25Y169        FDRE                                         r  u_mem/ram_const/dout_b_reg[113]/C
  -------------------------------------------------------------------    -------------------
    SLICE_X25Y169        FDRE (Prop_AFF2_SLICEM_C_Q)
                                                      0.084     0.098 r  u_mem/ram_const/dout_b_reg[113]/Q
                         net (fo=4, routed)           0.052     0.150    u_mem/ram_const/Q[113]
    SLICE_X25Y170        LUT5 (Prop_E6LUT_SLICEM_I0_O)
                                                      0.021     0.171 r  u_mem/ram_const/dma_rdata[113]_INST_0_i_1/O
                         net (fo=1, routed)           0.083     0.254    u_mem/ram_main_c1/dma_rdata_113_sn_1
    SLICE_X25Y169        LUT6 (Prop_D6LUT_SLICEM_I5_O)
                                                      0.090     0.344 r  u_mem/ram_main_c1/dma_rdata[113]_INST_0/O
                         net (fo=0)                   0.000     0.344    dma_rdata[113]
                                                                      r  dma_rdata[113] (OUT)
  -------------------------------------------------------------------    -------------------

Slack:                    inf
  Source:                 u_mem/ram_const/dout_b_reg[145]/C
                            (rising edge-triggered cell FDRE clocked by clk  {rise@0.000ns fall@5.000ns period=10.000ns})
  Destination:            dma_rdata[145]
                            (output port)
  Path Group:             (none)
  Path Type:              Min at Fast Process Corner
  Data Path Delay:        0.331ns  (logic 0.125ns (37.767%)  route 0.206ns (62.233%))
  Logic Levels:           2  (LUT5=1 LUT6=1)
  Clock Uncertainty:      0.075ns  ((TSJ^2 + TIJ^2)^1/2 + DJ) / 2 + PE + UU
    Total System Jitter     (TSJ):    0.050ns
    Total Input Jitter      (TIJ):    0.000ns
    Discrete Jitter          (DJ):    0.000ns
    Phase Error              (PE):    0.000ns
    User Uncertainty         (UU):    0.050ns

    Location             Delay type                Incr(ns)  Path(ns)    Netlist Resource(s)
  -------------------------------------------------------------------    -------------------
                         (clock clk rise edge)        0.000     0.000 r  
                                                      0.000     0.000 r  clk (IN)
                         net (fo=10952, unset)        0.014     0.014    u_mem/ram_const/clk
    SLICE_X27Y176        FDRE                                         r  u_mem/ram_const/dout_b_reg[145]/C
  -------------------------------------------------------------------    -------------------
    SLICE_X27Y176        FDRE (Prop_EFF_SLICEL_C_Q)
                                                      0.084     0.098 r  u_mem/ram_const/dout_b_reg[145]/Q
                         net (fo=4, routed)           0.136     0.234    u_mem/ram_const/Q[145]
    SLICE_X27Y174        LUT5 (Prop_E6LUT_SLICEL_I0_O)
                                                      0.021     0.255 r  u_mem/ram_const/dma_rdata[145]_INST_0_i_1/O
                         net (fo=1, routed)           0.070     0.325    u_mem/ram_main_c1/dma_rdata_145_sn_1
    SLICE_X27Y174        LUT6 (Prop_G6LUT_SLICEL_I5_O)
                                                      0.020     0.345 r  u_mem/ram_main_c1/dma_rdata[145]_INST_0/O
                         net (fo=0)                   0.000     0.345    dma_rdata[145]
                                                                      r  dma_rdata[145] (OUT)
  -------------------------------------------------------------------    -------------------

Slack:                    inf
  Source:                 u_mem/ram_const/dout_b_reg[171]/C
                            (rising edge-triggered cell FDRE clocked by clk  {rise@0.000ns fall@5.000ns period=10.000ns})
  Destination:            dma_rdata[171]
                            (output port)
  Path Group:             (none)
  Path Type:              Min at Fast Process Corner
  Data Path Delay:        0.343ns  (logic 0.209ns (61.002%)  route 0.134ns (38.998%))
  Logic Levels:           2  (LUT5=1 LUT6=1)
  Clock Uncertainty:      0.075ns  ((TSJ^2 + TIJ^2)^1/2 + DJ) / 2 + PE + UU
    Total System Jitter     (TSJ):    0.050ns
    Total Input Jitter      (TIJ):    0.000ns
    Discrete Jitter          (DJ):    0.000ns
    Phase Error              (PE):    0.000ns
    User Uncertainty         (UU):    0.050ns

    Location             Delay type                Incr(ns)  Path(ns)    Netlist Resource(s)
  -------------------------------------------------------------------    -------------------
                         (clock clk rise edge)        0.000     0.000 r  
                                                      0.000     0.000 r  clk (IN)
                         net (fo=10952, unset)        0.014     0.014    u_mem/ram_const/clk
    SLICE_X23Y206        FDRE                                         r  u_mem/ram_const/dout_b_reg[171]/C
  -------------------------------------------------------------------    -------------------
    SLICE_X23Y206        FDRE (Prop_FFF2_SLICEL_C_Q)
                                                      0.085     0.099 r  u_mem/ram_const/dout_b_reg[171]/Q
                         net (fo=4, routed)           0.113     0.212    u_mem/ram_const/Q[171]
    SLICE_X26Y202        LUT5 (Prop_F6LUT_SLICEL_I0_O)
                                                      0.103     0.315 r  u_mem/ram_const/dma_rdata[171]_INST_0_i_1/O
                         net (fo=1, routed)           0.021     0.336    u_mem/ram_main_c1/dma_rdata_171_sn_1
    SLICE_X26Y202        LUT6 (Prop_H6LUT_SLICEL_I5_O)
                                                      0.021     0.357 r  u_mem/ram_main_c1/dma_rdata[171]_INST_0/O
                         net (fo=0)                   0.000     0.357    dma_rdata[171]
                                                                      r  dma_rdata[171] (OUT)
  -------------------------------------------------------------------    -------------------

Slack:                    inf
  Source:                 u_mem/ram_main_c1/ram_reg_uram_3/CLK
                            (rising edge-triggered cell URAM288 clocked by clk  {rise@0.000ns fall@5.000ns period=10.000ns})
  Destination:            dma_rdata[124]
                            (output port)
  Path Group:             (none)
  Path Type:              Min at Fast Process Corner
  Data Path Delay:        0.309ns  (logic 0.199ns (64.309%)  route 0.110ns (35.691%))
  Logic Levels:           1  (LUT6=1)
  Clock Uncertainty:      0.075ns  ((TSJ^2 + TIJ^2)^1/2 + DJ) / 2 + PE + UU
    Total System Jitter     (TSJ):    0.050ns
    Total Input Jitter      (TIJ):    0.000ns
    Discrete Jitter          (DJ):    0.000ns
    Phase Error              (PE):    0.000ns
    User Uncertainty         (UU):    0.050ns

    Location             Delay type                Incr(ns)  Path(ns)    Netlist Resource(s)
  -------------------------------------------------------------------    -------------------
                         (clock clk rise edge)        0.000     0.000 r  
                                                      0.000     0.000 r  clk (IN)
                         net (fo=10952, unset)        0.051     0.051    u_mem/ram_main_c1/clk
    URAM288_X0Y46        URAM288                                      r  u_mem/ram_main_c1/ram_reg_uram_3/CLK
  -------------------------------------------------------------------    -------------------
    URAM288_X0Y46        URAM288 (Prop_URAM_288K_INST_URAM288_CLK_DOUT_A[52])
                                                      0.178     0.229 r  u_mem/ram_main_c1/ram_reg_uram_3/DOUT_A[52]
                         net (fo=14, routed)          0.110     0.339    u_mem/ram_main_c1/dout_b[124]
    SLICE_X41Y171        LUT6 (Prop_B6LUT_SLICEM_I1_O)
                                                      0.021     0.360 r  u_mem/ram_main_c1/dma_rdata[124]_INST_0/O
                         net (fo=0)                   0.000     0.360    dma_rdata[124]
                                                                      r  dma_rdata[124] (OUT)
  -------------------------------------------------------------------    -------------------





--------------------------------------------------------------------------------------
Path Group:  (none)
From Clock:  
  To Clock:  clk

Max Delay         18976 Endpoints
Min Delay         18976 Endpoints
--------------------------------------------------------------------------------------


Max Delay Paths
--------------------------------------------------------------------------------------
Slack:                    inf
  Source:                 DT_RANK[2]
                            (input port)
  Destination:            cl_in_H_ext_reg[88]/D
                            (rising edge-triggered cell FDCE clocked by clk  {rise@0.000ns fall@5.000ns period=10.000ns})
  Path Group:             (none)
  Path Type:              Setup (Max at Slow Process Corner)
  Data Path Delay:        5.860ns  (logic 0.830ns (14.163%)  route 5.030ns (85.837%))
  Logic Levels:           5  (LUT4=1 LUT5=1 LUT6=3)
  Clock Path Skew:        0.029ns (DCD - SCD + CPR)
    Destination Clock Delay (DCD):    0.029ns
    Source Clock Delay      (SCD):    0.000ns
    Clock Pessimism Removal (CPR):    0.000ns
  Clock Uncertainty:      0.175ns  ((TSJ^2 + TIJ^2)^1/2 + DJ) / 2 + PE + UU
    Total System Jitter     (TSJ):    0.050ns
    Total Input Jitter      (TIJ):    0.000ns
    Discrete Jitter          (DJ):    0.000ns
    Phase Error              (PE):    0.000ns
    User Uncertainty         (UU):    0.150ns

    Location             Delay type                Incr(ns)  Path(ns)    Netlist Resource(s)
  -------------------------------------------------------------------    -------------------
                                                      0.000     0.000 r  DT_RANK[2] (IN)
                         net (fo=731, unset)          0.000     0.000    DT_RANK[2]
    SLICE_X49Y197        LUT4 (Prop_C5LUT_SLICEL_I0_O)
                                                      0.190     0.190 f  cl2_in_H_ext[175]_i_8/O
                         net (fo=352, routed)         3.302     3.492    cl2_in_H_ext[175]_i_8_n_0
    SLICE_X44Y172        LUT6 (Prop_C6LUT_SLICEL_I5_O)
                                                      0.150     3.642 r  cl2_in_H_ext[88]_i_5/O
                         net (fo=2, routed)           0.112     3.754    cl2_in_H_ext[88]_i_5_n_0
    SLICE_X44Y171        LUT6 (Prop_E6LUT_SLICEL_I1_O)
                                                      0.187     3.941 r  cl2_in_H_ext[88]_i_4/O
                         net (fo=2, routed)           0.902     4.843    u_mc/PE_LANE[0].u_pe/m6_C_word[88]
    SLICE_X28Y131        LUT6 (Prop_D6LUT_SLICEM_I3_O)
                                                      0.220     5.063 r  u_mc/PE_LANE[0].u_pe/cl_in_H_ext[88]_i_3/O
                         net (fo=1, routed)           0.644     5.707    u_mem/ram_main_c1/cl_in_H_ext_reg[88]
    SLICE_X27Y161        LUT5 (Prop_H6LUT_SLICEL_I2_O)
                                                      0.083     5.790 r  u_mem/ram_main_c1/cl_in_H_ext[88]_i_1/O
                         net (fo=1, routed)           0.070     5.860    cl_in_H_ext[88]
    SLICE_X27Y161        FDCE                                         r  cl_in_H_ext_reg[88]/D
  -------------------------------------------------------------------    -------------------

                         (clock clk rise edge)        0.000     0.000 r  
                                                      0.000     0.000 r  clk (IN)
                         net (fo=10952, unset)        0.029     0.029    clk
    SLICE_X27Y161        FDCE                                         r  cl_in_H_ext_reg[88]/C

Slack:                    inf
  Source:                 dma_target[0]
                            (input port)
  Destination:            u_mem/ram_weight_A/ram_reg_bram_14/WEA[2]
                            (rising edge-triggered cell RAMB36E2 clocked by clk  {rise@0.000ns fall@5.000ns period=10.000ns})
  Path Group:             (none)
  Path Type:              Setup (Max at Slow Process Corner)
  Data Path Delay:        5.663ns  (logic 0.399ns (7.046%)  route 5.264ns (92.954%))
  Logic Levels:           3  (LUT4=1 LUT5=1 LUT6=1)
  Clock Path Skew:        0.047ns (DCD - SCD + CPR)
    Destination Clock Delay (DCD):    0.047ns
    Source Clock Delay      (SCD):    0.000ns
    Clock Pessimism Removal (CPR):    0.000ns
  Clock Uncertainty:      0.175ns  ((TSJ^2 + TIJ^2)^1/2 + DJ) / 2 + PE + UU
    Total System Jitter     (TSJ):    0.050ns
    Total Input Jitter      (TIJ):    0.000ns
    Discrete Jitter          (DJ):    0.000ns
    Phase Error              (PE):    0.000ns
    User Uncertainty         (UU):    0.150ns

    Location             Delay type                Incr(ns)  Path(ns)    Netlist Resource(s)
  -------------------------------------------------------------------    -------------------
                                                      0.000     0.000 f  dma_target[0] (IN)
                         net (fo=372, unset)          0.000     0.000    u_mem/ram_weight_A/dma_target[0]
    SLICE_X26Y186        LUT4 (Prop_A5LUT_SLICEL_I3_O)
                                                      0.224     0.224 r  u_mem/ram_weight_A/ram_reg_bram_56_i_7/O
                         net (fo=12, routed)          0.427     0.651    u_mem/ram_weight_A/ram_reg_bram_56_i_7_n_0
    SLICE_X27Y179        LUT6 (Prop_E6LUT_SLICEL_I4_O)
                                                      0.083     0.734 r  u_mem/ram_weight_A/ram_reg_bram_6_i_3/O
                         net (fo=9, routed)           1.568     2.302    u_mem/ram_weight_A/ram_reg_bram_6_i_3_n_0
    SLICE_X46Y208        LUT5 (Prop_A5LUT_SLICEL_I4_O)
                                                      0.092     2.394 r  u_mem/ram_weight_A/ram_reg_bram_6_i_5/O
                         net (fo=28, routed)          3.269     5.663    u_mem/ram_weight_A/ram_reg_bram_6_i_5_n_0
    RAMB36_X1Y18         RAMB36E2                                     r  u_mem/ram_weight_A/ram_reg_bram_14/WEA[2]
  -------------------------------------------------------------------    -------------------

                         (clock clk rise edge)        0.000     0.000 r  
                                                      0.000     0.000 r  clk (IN)
                         net (fo=10952, unset)        0.047     0.047    u_mem/ram_weight_A/clk
    RAMB36_X1Y18         RAMB36E2                                     r  u_mem/ram_weight_A/ram_reg_bram_14/CLKARDCLK

Slack:                    inf
  Source:                 dma_target[0]
                            (input port)
  Destination:            u_mem/ram_weight_A/ram_reg_bram_14/WEA[3]
                            (rising edge-triggered cell RAMB36E2 clocked by clk  {rise@0.000ns fall@5.000ns period=10.000ns})
  Path Group:             (none)
  Path Type:              Setup (Max at Slow Process Corner)
  Data Path Delay:        5.649ns  (logic 0.399ns (7.064%)  route 5.250ns (92.936%))
  Logic Levels:           3  (LUT4=1 LUT5=1 LUT6=1)
  Clock Path Skew:        0.047ns (DCD - SCD + CPR)
    Destination Clock Delay (DCD):    0.047ns
    Source Clock Delay      (SCD):    0.000ns
    Clock Pessimism Removal (CPR):    0.000ns
  Clock Uncertainty:      0.175ns  ((TSJ^2 + TIJ^2)^1/2 + DJ) / 2 + PE + UU
    Total System Jitter     (TSJ):    0.050ns
    Total Input Jitter      (TIJ):    0.000ns
    Discrete Jitter          (DJ):    0.000ns
    Phase Error              (PE):    0.000ns
    User Uncertainty         (UU):    0.150ns

    Location             Delay type                Incr(ns)  Path(ns)    Netlist Resource(s)
  -------------------------------------------------------------------    -------------------
                                                      0.000     0.000 f  dma_target[0] (IN)
                         net (fo=372, unset)          0.000     0.000    u_mem/ram_weight_A/dma_target[0]
    SLICE_X26Y186        LUT4 (Prop_A5LUT_SLICEL_I3_O)
                                                      0.224     0.224 r  u_mem/ram_weight_A/ram_reg_bram_56_i_7/O
                         net (fo=12, routed)          0.427     0.651    u_mem/ram_weight_A/ram_reg_bram_56_i_7_n_0
    SLICE_X27Y179        LUT6 (Prop_E6LUT_SLICEL_I4_O)
                                                      0.083     0.734 r  u_mem/ram_weight_A/ram_reg_bram_6_i_3/O
                         net (fo=9, routed)           1.568     2.302    u_mem/ram_weight_A/ram_reg_bram_6_i_3_n_0
    SLICE_X46Y208        LUT5 (Prop_A5LUT_SLICEL_I4_O)
                                                      0.092     2.394 r  u_mem/ram_weight_A/ram_reg_bram_6_i_5/O
                         net (fo=28, routed)          3.255     5.649    u_mem/ram_weight_A/ram_reg_bram_6_i_5_n_0
    RAMB36_X1Y18         RAMB36E2                                     r  u_mem/ram_weight_A/ram_reg_bram_14/WEA[3]
  -------------------------------------------------------------------    -------------------

                         (clock clk rise edge)        0.000     0.000 r  
                                                      0.000     0.000 r  clk (IN)
                         net (fo=10952, unset)        0.047     0.047    u_mem/ram_weight_A/clk
    RAMB36_X1Y18         RAMB36E2                                     r  u_mem/ram_weight_A/ram_reg_bram_14/CLKARDCLK

Slack:                    inf
  Source:                 dma_target[0]
                            (input port)
  Destination:            u_mem/ram_weight_A/ram_reg_bram_6/WEA[1]
                            (rising edge-triggered cell RAMB36E2 clocked by clk  {rise@0.000ns fall@5.000ns period=10.000ns})
  Path Group:             (none)
  Path Type:              Setup (Max at Slow Process Corner)
  Data Path Delay:        5.636ns  (logic 0.399ns (7.079%)  route 5.237ns (92.921%))
  Logic Levels:           3  (LUT4=1 LUT5=1 LUT6=1)
  Clock Path Skew:        0.047ns (DCD - SCD + CPR)
    Destination Clock Delay (DCD):    0.047ns
    Source Clock Delay      (SCD):    0.000ns
    Clock Pessimism Removal (CPR):    0.000ns
  Clock Uncertainty:      0.175ns  ((TSJ^2 + TIJ^2)^1/2 + DJ) / 2 + PE + UU
    Total System Jitter     (TSJ):    0.050ns
    Total Input Jitter      (TIJ):    0.000ns
    Discrete Jitter          (DJ):    0.000ns
    Phase Error              (PE):    0.000ns
    User Uncertainty         (UU):    0.150ns

    Location             Delay type                Incr(ns)  Path(ns)    Netlist Resource(s)
  -------------------------------------------------------------------    -------------------
                                                      0.000     0.000 f  dma_target[0] (IN)
                         net (fo=372, unset)          0.000     0.000    u_mem/ram_weight_A/dma_target[0]
    SLICE_X26Y186        LUT4 (Prop_A5LUT_SLICEL_I3_O)
                                                      0.224     0.224 r  u_mem/ram_weight_A/ram_reg_bram_56_i_7/O
                         net (fo=12, routed)          0.427     0.651    u_mem/ram_weight_A/ram_reg_bram_56_i_7_n_0
    SLICE_X27Y179        LUT6 (Prop_E6LUT_SLICEL_I4_O)
                                                      0.083     0.734 r  u_mem/ram_weight_A/ram_reg_bram_6_i_3/O
                         net (fo=9, routed)           1.568     2.302    u_mem/ram_weight_A/ram_reg_bram_6_i_3_n_0
    SLICE_X46Y208        LUT5 (Prop_A5LUT_SLICEL_I4_O)
                                                      0.092     2.394 r  u_mem/ram_weight_A/ram_reg_bram_6_i_5/O
                         net (fo=28, routed)          3.242     5.636    u_mem/ram_weight_A/ram_reg_bram_6_i_5_n_0
    RAMB36_X2Y18         RAMB36E2                                     r  u_mem/ram_weight_A/ram_reg_bram_6/WEA[1]
  -------------------------------------------------------------------    -------------------

                         (clock clk rise edge)        0.000     0.000 r  
                                                      0.000     0.000 r  clk (IN)
                         net (fo=10952, unset)        0.047     0.047    u_mem/ram_weight_A/clk
    RAMB36_X2Y18         RAMB36E2                                     r  u_mem/ram_weight_A/ram_reg_bram_6/CLKARDCLK

Slack:                    inf
  Source:                 dma_target[0]
                            (input port)
  Destination:            u_mem/ram_weight_A/ram_reg_bram_6/WEA[0]
                            (rising edge-triggered cell RAMB36E2 clocked by clk  {rise@0.000ns fall@5.000ns period=10.000ns})
  Path Group:             (none)
  Path Type:              Setup (Max at Slow Process Corner)
  Data Path Delay:        5.624ns  (logic 0.399ns (7.094%)  route 5.225ns (92.906%))
  Logic Levels:           3  (LUT4=1 LUT5=1 LUT6=1)
  Clock Path Skew:        0.047ns (DCD - SCD + CPR)
    Destination Clock Delay (DCD):    0.047ns
    Source Clock Delay      (SCD):    0.000ns
    Clock Pessimism Removal (CPR):    0.000ns
  Clock Uncertainty:      0.175ns  ((TSJ^2 + TIJ^2)^1/2 + DJ) / 2 + PE + UU
    Total System Jitter     (TSJ):    0.050ns
    Total Input Jitter      (TIJ):    0.000ns
    Discrete Jitter          (DJ):    0.000ns
    Phase Error              (PE):    0.000ns
    User Uncertainty         (UU):    0.150ns

    Location             Delay type                Incr(ns)  Path(ns)    Netlist Resource(s)
  -------------------------------------------------------------------    -------------------
                                                      0.000     0.000 f  dma_target[0] (IN)
                         net (fo=372, unset)          0.000     0.000    u_mem/ram_weight_A/dma_target[0]
    SLICE_X26Y186        LUT4 (Prop_A5LUT_SLICEL_I3_O)
                                                      0.224     0.224 r  u_mem/ram_weight_A/ram_reg_bram_56_i_7/O
                         net (fo=12, routed)          0.427     0.651    u_mem/ram_weight_A/ram_reg_bram_56_i_7_n_0
    SLICE_X27Y179        LUT6 (Prop_E6LUT_SLICEL_I4_O)
                                                      0.083     0.734 r  u_mem/ram_weight_A/ram_reg_bram_6_i_3/O
                         net (fo=9, routed)           1.568     2.302    u_mem/ram_weight_A/ram_reg_bram_6_i_3_n_0
    SLICE_X46Y208        LUT5 (Prop_A5LUT_SLICEL_I4_O)
                                                      0.092     2.394 r  u_mem/ram_weight_A/ram_reg_bram_6_i_5/O
                         net (fo=28, routed)          3.230     5.624    u_mem/ram_weight_A/ram_reg_bram_6_i_5_n_0
    RAMB36_X2Y18         RAMB36E2                                     r  u_mem/ram_weight_A/ram_reg_bram_6/WEA[0]
  -------------------------------------------------------------------    -------------------

                         (clock clk rise edge)        0.000     0.000 r  
                                                      0.000     0.000 r  clk (IN)
                         net (fo=10952, unset)        0.047     0.047    u_mem/ram_weight_A/clk
    RAMB36_X2Y18         RAMB36E2                                     r  u_mem/ram_weight_A/ram_reg_bram_6/CLKARDCLK

Slack:                    inf
  Source:                 DT_RANK[2]
                            (input port)
  Destination:            cl_in_H_ext_reg[72]/D
                            (rising edge-triggered cell FDCE clocked by clk  {rise@0.000ns fall@5.000ns period=10.000ns})
  Path Group:             (none)
  Path Type:              Setup (Max at Slow Process Corner)
  Data Path Delay:        5.614ns  (logic 0.763ns (13.591%)  route 4.851ns (86.409%))
  Logic Levels:           5  (LUT4=1 LUT5=1 LUT6=3)
  Clock Path Skew:        0.029ns (DCD - SCD + CPR)
    Destination Clock Delay (DCD):    0.029ns
    Source Clock Delay      (SCD):    0.000ns
    Clock Pessimism Removal (CPR):    0.000ns
  Clock Uncertainty:      0.175ns  ((TSJ^2 + TIJ^2)^1/2 + DJ) / 2 + PE + UU
    Total System Jitter     (TSJ):    0.050ns
    Total Input Jitter      (TIJ):    0.000ns
    Discrete Jitter          (DJ):    0.000ns
    Phase Error              (PE):    0.000ns
    User Uncertainty         (UU):    0.150ns

    Location             Delay type                Incr(ns)  Path(ns)    Netlist Resource(s)
  -------------------------------------------------------------------    -------------------
                                                      0.000     0.000 r  DT_RANK[2] (IN)
                         net (fo=731, unset)          0.000     0.000    DT_RANK[2]
    SLICE_X49Y197        LUT4 (Prop_C5LUT_SLICEL_I0_O)
                                                      0.190     0.190 f  cl2_in_H_ext[175]_i_8/O
                         net (fo=352, routed)         3.302     3.492    cl2_in_H_ext[175]_i_8_n_0
    SLICE_X44Y172        LUT6 (Prop_C6LUT_SLICEL_I5_O)
                                                      0.150     3.642 r  cl2_in_H_ext[88]_i_5/O
                         net (fo=2, routed)           0.114     3.756    cl2_in_H_ext[88]_i_5_n_0
    SLICE_X44Y171        LUT6 (Prop_F6LUT_SLICEL_I2_O)
                                                      0.187     3.943 r  cl2_in_H_ext[72]_i_4/O
                         net (fo=2, routed)           1.077     5.020    u_mc/PE_LANE[0].u_pe/m6_C_word[72]
    SLICE_X33Y127        LUT6 (Prop_H6LUT_SLICEL_I3_O)
                                                      0.153     5.173 r  u_mc/PE_LANE[0].u_pe/cl_in_H_ext[72]_i_2/O
                         net (fo=1, routed)           0.288     5.461    u_mem/ram_main_c1/cl_in_H_ext_reg[72]
    SLICE_X33Y135        LUT5 (Prop_H6LUT_SLICEL_I2_O)
                                                      0.083     5.544 r  u_mem/ram_main_c1/cl_in_H_ext[72]_i_1/O
                         net (fo=1, routed)           0.070     5.614    cl_in_H_ext[72]
    SLICE_X33Y135        FDCE                                         r  cl_in_H_ext_reg[72]/D
  -------------------------------------------------------------------    -------------------

                         (clock clk rise edge)        0.000     0.000 r  
                                                      0.000     0.000 r  clk (IN)
                         net (fo=10952, unset)        0.029     0.029    clk
    SLICE_X33Y135        FDCE                                         r  cl_in_H_ext_reg[72]/C

Slack:                    inf
  Source:                 dma_target[0]
                            (input port)
  Destination:            u_mem/ram_weight_A/ram_reg_bram_7/CASDOMUXA
                            (rising edge-triggered cell RAMB36E2 clocked by clk  {rise@0.000ns fall@5.000ns period=10.000ns})
  Path Group:             (none)
  Path Type:              Setup (Max at Slow Process Corner)
  Data Path Delay:        5.561ns  (logic 0.532ns (9.567%)  route 5.029ns (90.433%))
  Logic Levels:           3  (LUT1=1 LUT4=1 LUT6=1)
  Clock Path Skew:        0.047ns (DCD - SCD + CPR)
    Destination Clock Delay (DCD):    0.047ns
    Source Clock Delay      (SCD):    0.000ns
    Clock Pessimism Removal (CPR):    0.000ns
  Clock Uncertainty:      0.175ns  ((TSJ^2 + TIJ^2)^1/2 + DJ) / 2 + PE + UU
    Total System Jitter     (TSJ):    0.050ns
    Total Input Jitter      (TIJ):    0.000ns
    Discrete Jitter          (DJ):    0.000ns
    Phase Error              (PE):    0.000ns
    User Uncertainty         (UU):    0.150ns

    Location             Delay type                Incr(ns)  Path(ns)    Netlist Resource(s)
  -------------------------------------------------------------------    -------------------
                                                      0.000     0.000 f  dma_target[0] (IN)
                         net (fo=372, unset)          0.000     0.000    u_mem/ram_weight_A/dma_target[0]
    SLICE_X26Y186        LUT4 (Prop_A5LUT_SLICEL_I3_O)
                                                      0.224     0.224 r  u_mem/ram_weight_A/ram_reg_bram_56_i_7/O
                         net (fo=12, routed)          0.427     0.651    u_mem/ram_weight_A/ram_reg_bram_56_i_7_n_0
    SLICE_X27Y179        LUT6 (Prop_A6LUT_SLICEL_I4_O)
                                                      0.225     0.876 f  u_mem/ram_weight_A/ram_reg_bram_7_i_3/O
                         net (fo=9, routed)           1.635     2.511    u_mem/ram_weight_A/ram_reg_bram_7_i_3_n_0
    SLICE_X51Y206        LUT1 (Prop_H6LUT_SLICEL_I0_O)
                                                      0.083     2.594 r  u_mem/ram_weight_A/ram_reg_bram_7_i_1/O
                         net (fo=7, routed)           2.967     5.561    u_mem/ram_weight_A/ram_reg_bram_7_i_1_n_0
    RAMB36_X2Y19         RAMB36E2                                     r  u_mem/ram_weight_A/ram_reg_bram_7/CASDOMUXA
  -------------------------------------------------------------------    -------------------

                         (clock clk rise edge)        0.000     0.000 r  
                                                      0.000     0.000 r  clk (IN)
                         net (fo=10952, unset)        0.047     0.047    u_mem/ram_weight_A/clk
    RAMB36_X2Y19         RAMB36E2                                     r  u_mem/ram_weight_A/ram_reg_bram_7/CLKARDCLK

Slack:                    inf
  Source:                 dma_target[0]
                            (input port)
  Destination:            u_mem/ram_weight_A/ram_reg_bram_14/WEA[1]
                            (rising edge-triggered cell RAMB36E2 clocked by clk  {rise@0.000ns fall@5.000ns period=10.000ns})
  Path Group:             (none)
  Path Type:              Setup (Max at Slow Process Corner)
  Data Path Delay:        5.525ns  (logic 0.399ns (7.222%)  route 5.126ns (92.778%))
  Logic Levels:           3  (LUT4=1 LUT5=1 LUT6=1)
  Clock Path Skew:        0.047ns (DCD - SCD + CPR)
    Destination Clock Delay (DCD):    0.047ns
    Source Clock Delay      (SCD):    0.000ns
    Clock Pessimism Removal (CPR):    0.000ns
  Clock Uncertainty:      0.175ns  ((TSJ^2 + TIJ^2)^1/2 + DJ) / 2 + PE + UU
    Total System Jitter     (TSJ):    0.050ns
    Total Input Jitter      (TIJ):    0.000ns
    Discrete Jitter          (DJ):    0.000ns
    Phase Error              (PE):    0.000ns
    User Uncertainty         (UU):    0.150ns

    Location             Delay type                Incr(ns)  Path(ns)    Netlist Resource(s)
  -------------------------------------------------------------------    -------------------
                                                      0.000     0.000 f  dma_target[0] (IN)
                         net (fo=372, unset)          0.000     0.000    u_mem/ram_weight_A/dma_target[0]
    SLICE_X26Y186        LUT4 (Prop_A5LUT_SLICEL_I3_O)
                                                      0.224     0.224 r  u_mem/ram_weight_A/ram_reg_bram_56_i_7/O
                         net (fo=12, routed)          0.427     0.651    u_mem/ram_weight_A/ram_reg_bram_56_i_7_n_0
    SLICE_X27Y179        LUT6 (Prop_E6LUT_SLICEL_I4_O)
                                                      0.083     0.734 r  u_mem/ram_weight_A/ram_reg_bram_6_i_3/O
                         net (fo=9, routed)           1.568     2.302    u_mem/ram_weight_A/ram_reg_bram_6_i_3_n_0
    SLICE_X46Y208        LUT5 (Prop_A5LUT_SLICEL_I4_O)
                                                      0.092     2.394 r  u_mem/ram_weight_A/ram_reg_bram_6_i_5/O
                         net (fo=28, routed)          3.131     5.525    u_mem/ram_weight_A/ram_reg_bram_6_i_5_n_0
    RAMB36_X1Y18         RAMB36E2                                     r  u_mem/ram_weight_A/ram_reg_bram_14/WEA[1]
  -------------------------------------------------------------------    -------------------

                         (clock clk rise edge)        0.000     0.000 r  
                                                      0.000     0.000 r  clk (IN)
                         net (fo=10952, unset)        0.047     0.047    u_mem/ram_weight_A/clk
    RAMB36_X1Y18         RAMB36E2                                     r  u_mem/ram_weight_A/ram_reg_bram_14/CLKARDCLK

Slack:                    inf
  Source:                 dma_target[0]
                            (input port)
  Destination:            u_mem/ram_weight_A/ram_reg_bram_14/WEA[0]
                            (rising edge-triggered cell RAMB36E2 clocked by clk  {rise@0.000ns fall@5.000ns period=10.000ns})
  Path Group:             (none)
  Path Type:              Setup (Max at Slow Process Corner)
  Data Path Delay:        5.513ns  (logic 0.399ns (7.238%)  route 5.114ns (92.762%))
  Logic Levels:           3  (LUT4=1 LUT5=1 LUT6=1)
  Clock Path Skew:        0.047ns (DCD - SCD + CPR)
    Destination Clock Delay (DCD):    0.047ns
    Source Clock Delay      (SCD):    0.000ns
    Clock Pessimism Removal (CPR):    0.000ns
  Clock Uncertainty:      0.175ns  ((TSJ^2 + TIJ^2)^1/2 + DJ) / 2 + PE + UU
    Total System Jitter     (TSJ):    0.050ns
    Total Input Jitter      (TIJ):    0.000ns
    Discrete Jitter          (DJ):    0.000ns
    Phase Error              (PE):    0.000ns
    User Uncertainty         (UU):    0.150ns

    Location             Delay type                Incr(ns)  Path(ns)    Netlist Resource(s)
  -------------------------------------------------------------------    -------------------
                                                      0.000     0.000 f  dma_target[0] (IN)
                         net (fo=372, unset)          0.000     0.000    u_mem/ram_weight_A/dma_target[0]
    SLICE_X26Y186        LUT4 (Prop_A5LUT_SLICEL_I3_O)
                                                      0.224     0.224 r  u_mem/ram_weight_A/ram_reg_bram_56_i_7/O
                         net (fo=12, routed)          0.427     0.651    u_mem/ram_weight_A/ram_reg_bram_56_i_7_n_0
    SLICE_X27Y179        LUT6 (Prop_E6LUT_SLICEL_I4_O)
                                                      0.083     0.734 r  u_mem/ram_weight_A/ram_reg_bram_6_i_3/O
                         net (fo=9, routed)           1.568     2.302    u_mem/ram_weight_A/ram_reg_bram_6_i_3_n_0
    SLICE_X46Y208        LUT5 (Prop_A5LUT_SLICEL_I4_O)
                                                      0.092     2.394 r  u_mem/ram_weight_A/ram_reg_bram_6_i_5/O
                         net (fo=28, routed)          3.119     5.513    u_mem/ram_weight_A/ram_reg_bram_6_i_5_n_0
    RAMB36_X1Y18         RAMB36E2                                     r  u_mem/ram_weight_A/ram_reg_bram_14/WEA[0]
  -------------------------------------------------------------------    -------------------

                         (clock clk rise edge)        0.000     0.000 r  
                                                      0.000     0.000 r  clk (IN)
                         net (fo=10952, unset)        0.047     0.047    u_mem/ram_weight_A/clk
    RAMB36_X1Y18         RAMB36E2                                     r  u_mem/ram_weight_A/ram_reg_bram_14/CLKARDCLK

Slack:                    inf
  Source:                 dma_target[0]
                            (input port)
  Destination:            u_mem/ram_weight_A/ram_reg_bram_6/WEA[2]
                            (rising edge-triggered cell RAMB36E2 clocked by clk  {rise@0.000ns fall@5.000ns period=10.000ns})
  Path Group:             (none)
  Path Type:              Setup (Max at Slow Process Corner)
  Data Path Delay:        5.450ns  (logic 0.399ns (7.321%)  route 5.051ns (92.679%))
  Logic Levels:           3  (LUT4=1 LUT5=1 LUT6=1)
  Clock Path Skew:        0.047ns (DCD - SCD + CPR)
    Destination Clock Delay (DCD):    0.047ns
    Source Clock Delay      (SCD):    0.000ns
    Clock Pessimism Removal (CPR):    0.000ns
  Clock Uncertainty:      0.175ns  ((TSJ^2 + TIJ^2)^1/2 + DJ) / 2 + PE + UU
    Total System Jitter     (TSJ):    0.050ns
    Total Input Jitter      (TIJ):    0.000ns
    Discrete Jitter          (DJ):    0.000ns
    Phase Error              (PE):    0.000ns
    User Uncertainty         (UU):    0.150ns

    Location             Delay type                Incr(ns)  Path(ns)    Netlist Resource(s)
  -------------------------------------------------------------------    -------------------
                                                      0.000     0.000 f  dma_target[0] (IN)
                         net (fo=372, unset)          0.000     0.000    u_mem/ram_weight_A/dma_target[0]
    SLICE_X26Y186        LUT4 (Prop_A5LUT_SLICEL_I3_O)
                                                      0.224     0.224 r  u_mem/ram_weight_A/ram_reg_bram_56_i_7/O
                         net (fo=12, routed)          0.427     0.651    u_mem/ram_weight_A/ram_reg_bram_56_i_7_n_0
    SLICE_X27Y179        LUT6 (Prop_E6LUT_SLICEL_I4_O)
                                                      0.083     0.734 r  u_mem/ram_weight_A/ram_reg_bram_6_i_3/O
                         net (fo=9, routed)           1.568     2.302    u_mem/ram_weight_A/ram_reg_bram_6_i_3_n_0
    SLICE_X46Y208        LUT5 (Prop_A5LUT_SLICEL_I4_O)
                                                      0.092     2.394 r  u_mem/ram_weight_A/ram_reg_bram_6_i_5/O
                         net (fo=28, routed)          3.056     5.450    u_mem/ram_weight_A/ram_reg_bram_6_i_5_n_0
    RAMB36_X2Y18         RAMB36E2                                     r  u_mem/ram_weight_A/ram_reg_bram_6/WEA[2]
  -------------------------------------------------------------------    -------------------

                         (clock clk rise edge)        0.000     0.000 r  
                                                      0.000     0.000 r  clk (IN)
                         net (fo=10952, unset)        0.047     0.047    u_mem/ram_weight_A/clk
    RAMB36_X2Y18         RAMB36E2                                     r  u_mem/ram_weight_A/ram_reg_bram_6/CLKARDCLK





Min Delay Paths
--------------------------------------------------------------------------------------
Slack:                    inf
  Source:                 dma_wdata[0]
                            (input port)
  Destination:            u_mem/ram_const/ram_reg_0_127_0_0/DP.HIGH/I
                            (rising edge-triggered cell RAMD64E clocked by clk  {rise@0.000ns fall@5.000ns period=10.000ns})
  Path Group:             (none)
  Path Type:              Hold (Min at Slow Process Corner)
  Data Path Delay:        0.000ns  (logic 0.000ns (0.000%)  route 0.000ns (0.000%))
  Logic Levels:           0  
  Clock Path Skew:        0.079ns (DCD - SCD - CPR)
    Destination Clock Delay (DCD):    0.079ns
    Source Clock Delay      (SCD):    0.000ns
    Clock Pessimism Removal (CPR):    -0.000ns

    Location             Delay type                Incr(ns)  Path(ns)    Netlist Resource(s)
  -------------------------------------------------------------------    -------------------
                                                      0.000     0.000 r  dma_wdata[0] (IN)
                         net (fo=16, unset)           0.000     0.000    u_mem/ram_const/ram_reg_0_127_0_0/D
    SLICE_X24Y165        RAMD64E                                      r  u_mem/ram_const/ram_reg_0_127_0_0/DP.HIGH/I
  -------------------------------------------------------------------    -------------------

                         (clock clk rise edge)        0.000     0.000 r  
                                                      0.000     0.000 r  clk (IN)
                         net (fo=10952, unset)        0.079     0.079    u_mem/ram_const/ram_reg_0_127_0_0/WCLK
    SLICE_X24Y165        RAMD64E                                      r  u_mem/ram_const/ram_reg_0_127_0_0/DP.HIGH/CLK

Slack:                    inf
  Source:                 dma_wdata[0]
                            (input port)
  Destination:            u_mem/ram_const/ram_reg_0_127_0_0/DP.LOW/I
                            (rising edge-triggered cell RAMD64E clocked by clk  {rise@0.000ns fall@5.000ns period=10.000ns})
  Path Group:             (none)
  Path Type:              Hold (Min at Slow Process Corner)
  Data Path Delay:        0.000ns  (logic 0.000ns (0.000%)  route 0.000ns (0.000%))
  Logic Levels:           0  
  Clock Path Skew:        0.079ns (DCD - SCD - CPR)
    Destination Clock Delay (DCD):    0.079ns
    Source Clock Delay      (SCD):    0.000ns
    Clock Pessimism Removal (CPR):    -0.000ns

    Location             Delay type                Incr(ns)  Path(ns)    Netlist Resource(s)
  -------------------------------------------------------------------    -------------------
                                                      0.000     0.000 r  dma_wdata[0] (IN)
                         net (fo=16, unset)           0.000     0.000    u_mem/ram_const/ram_reg_0_127_0_0/D
    SLICE_X24Y165        RAMD64E                                      r  u_mem/ram_const/ram_reg_0_127_0_0/DP.LOW/I
  -------------------------------------------------------------------    -------------------

                         (clock clk rise edge)        0.000     0.000 r  
                                                      0.000     0.000 r  clk (IN)
                         net (fo=10952, unset)        0.079     0.079    u_mem/ram_const/ram_reg_0_127_0_0/WCLK
    SLICE_X24Y165        RAMD64E                                      r  u_mem/ram_const/ram_reg_0_127_0_0/DP.LOW/CLK

Slack:                    inf
  Source:                 dma_wdata[0]
                            (input port)
  Destination:            u_mem/ram_const/ram_reg_0_127_0_0/SP.HIGH/I
                            (rising edge-triggered cell RAMD64E clocked by clk  {rise@0.000ns fall@5.000ns period=10.000ns})
  Path Group:             (none)
  Path Type:              Hold (Min at Slow Process Corner)
  Data Path Delay:        0.000ns  (logic 0.000ns (0.000%)  route 0.000ns (0.000%))
  Logic Levels:           0  
  Clock Path Skew:        0.079ns (DCD - SCD - CPR)
    Destination Clock Delay (DCD):    0.079ns
    Source Clock Delay      (SCD):    0.000ns
    Clock Pessimism Removal (CPR):    -0.000ns

    Location             Delay type                Incr(ns)  Path(ns)    Netlist Resource(s)
  -------------------------------------------------------------------    -------------------
                                                      0.000     0.000 r  dma_wdata[0] (IN)
                         net (fo=16, unset)           0.000     0.000    u_mem/ram_const/ram_reg_0_127_0_0/D
    SLICE_X24Y165        RAMD64E                                      r  u_mem/ram_const/ram_reg_0_127_0_0/SP.HIGH/I
  -------------------------------------------------------------------    -------------------

                         (clock clk rise edge)        0.000     0.000 r  
                                                      0.000     0.000 r  clk (IN)
                         net (fo=10952, unset)        0.079     0.079    u_mem/ram_const/ram_reg_0_127_0_0/WCLK
    SLICE_X24Y165        RAMD64E                                      r  u_mem/ram_const/ram_reg_0_127_0_0/SP.HIGH/CLK

Slack:                    inf
  Source:                 dma_wdata[0]
                            (input port)
  Destination:            u_mem/ram_const/ram_reg_0_127_0_0/SP.LOW/I
                            (rising edge-triggered cell RAMD64E clocked by clk  {rise@0.000ns fall@5.000ns period=10.000ns})
  Path Group:             (none)
  Path Type:              Hold (Min at Slow Process Corner)
  Data Path Delay:        0.000ns  (logic 0.000ns (0.000%)  route 0.000ns (0.000%))
  Logic Levels:           0  
  Clock Path Skew:        0.079ns (DCD - SCD - CPR)
    Destination Clock Delay (DCD):    0.079ns
    Source Clock Delay      (SCD):    0.000ns
    Clock Pessimism Removal (CPR):    -0.000ns

    Location             Delay type                Incr(ns)  Path(ns)    Netlist Resource(s)
  -------------------------------------------------------------------    -------------------
                                                      0.000     0.000 r  dma_wdata[0] (IN)
                         net (fo=16, unset)           0.000     0.000    u_mem/ram_const/ram_reg_0_127_0_0/D
    SLICE_X24Y165        RAMD64E                                      r  u_mem/ram_const/ram_reg_0_127_0_0/SP.LOW/I
  -------------------------------------------------------------------    -------------------

                         (clock clk rise edge)        0.000     0.000 r  
                                                      0.000     0.000 r  clk (IN)
                         net (fo=10952, unset)        0.079     0.079    u_mem/ram_const/ram_reg_0_127_0_0/WCLK
    SLICE_X24Y165        RAMD64E                                      r  u_mem/ram_const/ram_reg_0_127_0_0/SP.LOW/CLK

Slack:                    inf
  Source:                 dma_wdata[100]
                            (input port)
  Destination:            u_mem/ram_const/ram_reg_0_127_100_100/DP.HIGH/I
                            (rising edge-triggered cell RAMD64E clocked by clk  {rise@0.000ns fall@5.000ns period=10.000ns})
  Path Group:             (none)
  Path Type:              Hold (Min at Slow Process Corner)
  Data Path Delay:        0.000ns  (logic 0.000ns (0.000%)  route 0.000ns (0.000%))
  Logic Levels:           0  
  Clock Path Skew:        0.079ns (DCD - SCD - CPR)
    Destination Clock Delay (DCD):    0.079ns
    Source Clock Delay      (SCD):    0.000ns
    Clock Pessimism Removal (CPR):    -0.000ns

    Location             Delay type                Incr(ns)  Path(ns)    Netlist Resource(s)
  -------------------------------------------------------------------    -------------------
                                                      0.000     0.000 r  dma_wdata[100] (IN)
                         net (fo=16, unset)           0.000     0.000    u_mem/ram_const/ram_reg_0_127_100_100/D
    SLICE_X20Y125        RAMD64E                                      r  u_mem/ram_const/ram_reg_0_127_100_100/DP.HIGH/I
  -------------------------------------------------------------------    -------------------

                         (clock clk rise edge)        0.000     0.000 r  
                                                      0.000     0.000 r  clk (IN)
                         net (fo=10952, unset)        0.079     0.079    u_mem/ram_const/ram_reg_0_127_100_100/WCLK
    SLICE_X20Y125        RAMD64E                                      r  u_mem/ram_const/ram_reg_0_127_100_100/DP.HIGH/CLK

Slack:                    inf
  Source:                 dma_wdata[100]
                            (input port)
  Destination:            u_mem/ram_const/ram_reg_0_127_100_100/DP.LOW/I
                            (rising edge-triggered cell RAMD64E clocked by clk  {rise@0.000ns fall@5.000ns period=10.000ns})
  Path Group:             (none)
  Path Type:              Hold (Min at Slow Process Corner)
  Data Path Delay:        0.000ns  (logic 0.000ns (0.000%)  route 0.000ns (0.000%))
  Logic Levels:           0  
  Clock Path Skew:        0.079ns (DCD - SCD - CPR)
    Destination Clock Delay (DCD):    0.079ns
    Source Clock Delay      (SCD):    0.000ns
    Clock Pessimism Removal (CPR):    -0.000ns

    Location             Delay type                Incr(ns)  Path(ns)    Netlist Resource(s)
  -------------------------------------------------------------------    -------------------
                                                      0.000     0.000 r  dma_wdata[100] (IN)
                         net (fo=16, unset)           0.000     0.000    u_mem/ram_const/ram_reg_0_127_100_100/D
    SLICE_X20Y125        RAMD64E                                      r  u_mem/ram_const/ram_reg_0_127_100_100/DP.LOW/I
  -------------------------------------------------------------------    -------------------

                         (clock clk rise edge)        0.000     0.000 r  
                                                      0.000     0.000 r  clk (IN)
                         net (fo=10952, unset)        0.079     0.079    u_mem/ram_const/ram_reg_0_127_100_100/WCLK
    SLICE_X20Y125        RAMD64E                                      r  u_mem/ram_const/ram_reg_0_127_100_100/DP.LOW/CLK

Slack:                    inf
  Source:                 dma_wdata[100]
                            (input port)
  Destination:            u_mem/ram_const/ram_reg_0_127_100_100/SP.HIGH/I
                            (rising edge-triggered cell RAMD64E clocked by clk  {rise@0.000ns fall@5.000ns period=10.000ns})
  Path Group:             (none)
  Path Type:              Hold (Min at Slow Process Corner)
  Data Path Delay:        0.000ns  (logic 0.000ns (0.000%)  route 0.000ns (0.000%))
  Logic Levels:           0  
  Clock Path Skew:        0.079ns (DCD - SCD - CPR)
    Destination Clock Delay (DCD):    0.079ns
    Source Clock Delay      (SCD):    0.000ns
    Clock Pessimism Removal (CPR):    -0.000ns

    Location             Delay type                Incr(ns)  Path(ns)    Netlist Resource(s)
  -------------------------------------------------------------------    -------------------
                                                      0.000     0.000 r  dma_wdata[100] (IN)
                         net (fo=16, unset)           0.000     0.000    u_mem/ram_const/ram_reg_0_127_100_100/D
    SLICE_X20Y125        RAMD64E                                      r  u_mem/ram_const/ram_reg_0_127_100_100/SP.HIGH/I
  -------------------------------------------------------------------    -------------------

                         (clock clk rise edge)        0.000     0.000 r  
                                                      0.000     0.000 r  clk (IN)
                         net (fo=10952, unset)        0.079     0.079    u_mem/ram_const/ram_reg_0_127_100_100/WCLK
    SLICE_X20Y125        RAMD64E                                      r  u_mem/ram_const/ram_reg_0_127_100_100/SP.HIGH/CLK

Slack:                    inf
  Source:                 dma_wdata[100]
                            (input port)
  Destination:            u_mem/ram_const/ram_reg_0_127_100_100/SP.LOW/I
                            (rising edge-triggered cell RAMD64E clocked by clk  {rise@0.000ns fall@5.000ns period=10.000ns})
  Path Group:             (none)
  Path Type:              Hold (Min at Slow Process Corner)
  Data Path Delay:        0.000ns  (logic 0.000ns (0.000%)  route 0.000ns (0.000%))
  Logic Levels:           0  
  Clock Path Skew:        0.079ns (DCD - SCD - CPR)
    Destination Clock Delay (DCD):    0.079ns
    Source Clock Delay      (SCD):    0.000ns
    Clock Pessimism Removal (CPR):    -0.000ns

    Location             Delay type                Incr(ns)  Path(ns)    Netlist Resource(s)
  -------------------------------------------------------------------    -------------------
                                                      0.000     0.000 r  dma_wdata[100] (IN)
                         net (fo=16, unset)           0.000     0.000    u_mem/ram_const/ram_reg_0_127_100_100/D
    SLICE_X20Y125        RAMD64E                                      r  u_mem/ram_const/ram_reg_0_127_100_100/SP.LOW/I
  -------------------------------------------------------------------    -------------------

                         (clock clk rise edge)        0.000     0.000 r  
                                                      0.000     0.000 r  clk (IN)
                         net (fo=10952, unset)        0.079     0.079    u_mem/ram_const/ram_reg_0_127_100_100/WCLK
    SLICE_X20Y125        RAMD64E                                      r  u_mem/ram_const/ram_reg_0_127_100_100/SP.LOW/CLK

Slack:                    inf
  Source:                 dma_wdata[101]
                            (input port)
  Destination:            u_mem/ram_const/ram_reg_0_127_101_101/DP.HIGH/I
                            (rising edge-triggered cell RAMD64E clocked by clk  {rise@0.000ns fall@5.000ns period=10.000ns})
  Path Group:             (none)
  Path Type:              Hold (Min at Slow Process Corner)
  Data Path Delay:        0.000ns  (logic 0.000ns (0.000%)  route 0.000ns (0.000%))
  Logic Levels:           0  
  Clock Path Skew:        0.079ns (DCD - SCD - CPR)
    Destination Clock Delay (DCD):    0.079ns
    Source Clock Delay      (SCD):    0.000ns
    Clock Pessimism Removal (CPR):    -0.000ns

    Location             Delay type                Incr(ns)  Path(ns)    Netlist Resource(s)
  -------------------------------------------------------------------    -------------------
                                                      0.000     0.000 r  dma_wdata[101] (IN)
                         net (fo=16, unset)           0.000     0.000    u_mem/ram_const/ram_reg_0_127_101_101/D
    SLICE_X20Y147        RAMD64E                                      r  u_mem/ram_const/ram_reg_0_127_101_101/DP.HIGH/I
  -------------------------------------------------------------------    -------------------

                         (clock clk rise edge)        0.000     0.000 r  
                                                      0.000     0.000 r  clk (IN)
                         net (fo=10952, unset)        0.079     0.079    u_mem/ram_const/ram_reg_0_127_101_101/WCLK
    SLICE_X20Y147        RAMD64E                                      r  u_mem/ram_const/ram_reg_0_127_101_101/DP.HIGH/CLK

Slack:                    inf
  Source:                 dma_wdata[101]
                            (input port)
  Destination:            u_mem/ram_const/ram_reg_0_127_101_101/DP.LOW/I
                            (rising edge-triggered cell RAMD64E clocked by clk  {rise@0.000ns fall@5.000ns period=10.000ns})
  Path Group:             (none)
  Path Type:              Hold (Min at Slow Process Corner)
  Data Path Delay:        0.000ns  (logic 0.000ns (0.000%)  route 0.000ns (0.000%))
  Logic Levels:           0  
  Clock Path Skew:        0.079ns (DCD - SCD - CPR)
    Destination Clock Delay (DCD):    0.079ns
    Source Clock Delay      (SCD):    0.000ns
    Clock Pessimism Removal (CPR):    -0.000ns

    Location             Delay type                Incr(ns)  Path(ns)    Netlist Resource(s)
  -------------------------------------------------------------------    -------------------
                                                      0.000     0.000 r  dma_wdata[101] (IN)
                         net (fo=16, unset)           0.000     0.000    u_mem/ram_const/ram_reg_0_127_101_101/D
    SLICE_X20Y147        RAMD64E                                      r  u_mem/ram_const/ram_reg_0_127_101_101/DP.LOW/I
  -------------------------------------------------------------------    -------------------

                         (clock clk rise edge)        0.000     0.000 r  
                                                      0.000     0.000 r  clk (IN)
                         net (fo=10952, unset)        0.079     0.079    u_mem/ram_const/ram_reg_0_127_101_101/WCLK
    SLICE_X20Y147        RAMD64E                                      r  u_mem/ram_const/ram_reg_0_127_101_101/DP.LOW/CLK





