Copyright 1986-2022 Xilinx, Inc. All Rights Reserved.
-------------------------------------------------------------------------------------------------------------------------------------------------------------------------------------------
| Tool Version      : Vivado v.2022.1 (win64) Build 3526262 Mon Apr 18 15:48:16 MDT 2022
| Date              : Wed Jul 29 02:27:26 2026
| Host              : letun running 64-bit major release  (build 9200)
| Command           : report_timing -sort_by group -max_paths 10 -path_type full_clock -file C:/Users/ADMIN/Downloads/DoAn1/DoAn1/ITMN_FASTMAMBA/reports_mamba2/post_synth_top10_paths.rpt
| Design            : Mamba_Top
| Device            : xck26-sfvc784
| Speed File        : -2LV  PRODUCTION 1.29 08-03-2020
| Temperature Grade : C
-------------------------------------------------------------------------------------------------------------------------------------------------------------------------------------------

Timing Report

Slack (MET) :             2.209ns  (required time - arrival time)
  Source:                 state_reg[6]/C
                            (rising edge-triggered cell FDCE clocked by clk  {rise@0.000ns fall@5.000ns period=10.000ns})
  Destination:            u_mc/PE_LANE[0].u_pe/out_val_reg[0]/D
                            (rising edge-triggered cell FDCE clocked by clk  {rise@0.000ns fall@5.000ns period=10.000ns})
  Path Group:             clk
  Path Type:              Setup (Max at Slow Process Corner)
  Requirement:            10.000ns  (clk rise@10.000ns - clk rise@0.000ns)
  Data Path Delay:        7.638ns  (logic 4.763ns (62.359%)  route 2.875ns (37.641%))
  Logic Levels:           24  (CARRY8=6 DSP_A_B_DATA=1 DSP_ALU=2 DSP_C_DATA=1 DSP_M_DATA=1 DSP_MULTIPLIER=1 DSP_OUTPUT=2 DSP_PREADD_DATA=1 LUT2=1 LUT4=1 LUT5=2 LUT6=5)
  Clock Path Skew:        -0.012ns (DCD - SCD + CPR)
    Destination Clock Delay (DCD):    0.029ns = ( 10.029 - 10.000 ) 
    Source Clock Delay      (SCD):    0.041ns
    Clock Pessimism Removal (CPR):    0.000ns
  Clock Uncertainty:      0.185ns  ((TSJ^2 + TIJ^2)^1/2 + DJ) / 2 + PE + UU
    Total System Jitter     (TSJ):    0.071ns
    Total Input Jitter      (TIJ):    0.000ns
    Discrete Jitter          (DJ):    0.000ns
    Phase Error              (PE):    0.000ns
    User Uncertainty         (UU):    0.150ns

    Location             Delay type                Incr(ns)  Path(ns)    Netlist Resource(s)
  -------------------------------------------------------------------    -------------------
                         (clock clk rise edge)        0.000     0.000 r  
                                                      0.000     0.000 r  clk (IN)
                         net (fo=13470, unset)        0.041     0.041    clk
                         FDCE                                         r  state_reg[6]/C
  -------------------------------------------------------------------    -------------------
                         FDCE (Prop_FDCE_C_Q)         0.114     0.155 r  state_reg[6]/Q
                         net (fo=1476, unplaced)      0.300     0.455    u_mc/HAS_H_GEN.u_hrf/h_init_cnt[13]_i_3_0[1]
                         LUT2 (Prop_LUT2_I1_O)        0.058     0.513 f  u_mc/HAS_H_GEN.u_hrf/h_init_cnt[13]_i_6/O
                         net (fo=1, unplaced)         0.218     0.731    u_mc/HAS_H_GEN.u_hrf/h_init_cnt[13]_i_6_n_0
                         LUT6 (Prop_LUT6_I3_O)        0.058     0.789 f  u_mc/HAS_H_GEN.u_hrf/h_init_cnt[13]_i_3/O
                         net (fo=15, unplaced)        0.260     1.049    u_mc/PE_LANE[7].u_pe/m1_i_16__14_0
                         LUT5 (Prop_LUT5_I4_O)        0.058     1.107 r  u_mc/PE_LANE[7].u_pe/m1_i_17/O
                         net (fo=128, unplaced)       0.309     1.416    u_mc/PE_LANE[0].u_pe/DSP_A_B_DATA_INST_0
                         LUT4 (Prop_LUT4_I1_O)        0.058     1.474 f  u_mc/PE_LANE[0].u_pe/m1_i_16__14/O
                         net (fo=1, unplaced)         0.252     1.726    u_mc/PE_LANE[0].u_pe/m1/B[0]
                         DSP_A_B_DATA (Prop_DSP_A_B_DATA_B[0]_B2_DATA[0])
                                                      0.216     1.942 r  u_mc/PE_LANE[0].u_pe/m1/DSP_A_B_DATA_INST/B2_DATA[0]
                         net (fo=1, unplaced)         0.000     1.942    u_mc/PE_LANE[0].u_pe/m1/DSP_A_B_DATA.B2_DATA<0>
                         DSP_PREADD_DATA (Prop_DSP_PREADD_DATA_B2_DATA[0]_B2B1[0])
                                                      0.097     2.039 r  u_mc/PE_LANE[0].u_pe/m1/DSP_PREADD_DATA_INST/B2B1[0]
                         net (fo=1, unplaced)         0.000     2.039    u_mc/PE_LANE[0].u_pe/m1/DSP_PREADD_DATA.B2B1<0>
                         DSP_MULTIPLIER (Prop_DSP_MULTIPLIER_B2B1[0]_V[0])
                                                      0.778     2.817 f  u_mc/PE_LANE[0].u_pe/m1/DSP_MULTIPLIER_INST/V[0]
                         net (fo=1, unplaced)         0.000     2.817    u_mc/PE_LANE[0].u_pe/m1/DSP_MULTIPLIER.V<0>
                         DSP_M_DATA (Prop_DSP_M_DATA_V[0]_V_DATA[0])
                                                      0.065     2.882 r  u_mc/PE_LANE[0].u_pe/m1/DSP_M_DATA_INST/V_DATA[0]
                         net (fo=1, unplaced)         0.000     2.882    u_mc/PE_LANE[0].u_pe/m1/DSP_M_DATA.V_DATA<0>
                         DSP_ALU (Prop_DSP_ALU_V_DATA[0]_ALU_OUT[0])
                                                      0.722     3.604 f  u_mc/PE_LANE[0].u_pe/m1/DSP_ALU_INST/ALU_OUT[0]
                         net (fo=1, unplaced)         0.000     3.604    u_mc/PE_LANE[0].u_pe/m1/DSP_ALU.ALU_OUT<0>
                         DSP_OUTPUT (Prop_DSP_OUTPUT_ALU_OUT[0]_P[0])
                                                      0.146     3.750 r  u_mc/PE_LANE[0].u_pe/m1/DSP_OUTPUT_INST/P[0]
                         net (fo=3, unplaced)         0.145     3.895    u_mc/PE_LANE[0].u_pe/m12_sum/C[0]
                         DSP_C_DATA (Prop_DSP_C_DATA_C[0]_C_DATA[0])
                                                      0.135     4.030 r  u_mc/PE_LANE[0].u_pe/m12_sum/DSP_C_DATA_INST/C_DATA[0]
                         net (fo=2, unplaced)         0.000     4.030    u_mc/PE_LANE[0].u_pe/m12_sum/DSP_C_DATA.C_DATA<0>
                         DSP_ALU (Prop_DSP_ALU_C_DATA[0]_ALU_OUT[0])
                                                      0.786     4.816 f  u_mc/PE_LANE[0].u_pe/m12_sum/DSP_ALU_INST/ALU_OUT[0]
                         net (fo=1, unplaced)         0.000     4.816    u_mc/PE_LANE[0].u_pe/m12_sum/DSP_ALU.ALU_OUT<0>
                         DSP_OUTPUT (Prop_DSP_OUTPUT_ALU_OUT[0]_P[0])
                                                      0.146     4.962 r  u_mc/PE_LANE[0].u_pe/m12_sum/DSP_OUTPUT_INST/P[0]
                         net (fo=2, unplaced)         0.230     5.192    u_mc/PE_LANE[0].u_pe/m12_sum__0[0]
                         LUT6 (Prop_LUT6_I2_O)        0.152     5.344 r  u_mc/PE_LANE[0].u_pe/acc_raw[7]_i_28/O
                         net (fo=1, unplaced)         0.022     5.366    u_mc/PE_LANE[0].u_pe/acc_raw[7]_i_28_n_0
                         CARRY8 (Prop_CARRY8_S[0]_CO[7])
                                                      0.286     5.652 r  u_mc/PE_LANE[0].u_pe/acc_raw_reg[7]_i_4__14/CO[7]
                         net (fo=1, unplaced)         0.006     5.658    u_mc/PE_LANE[0].u_pe/acc_raw_reg[7]_i_4__14_n_0
                         CARRY8 (Prop_CARRY8_CI_CO[7])
                                                      0.073     5.731 r  u_mc/PE_LANE[0].u_pe/acc_raw_reg[15]_i_3__14/CO[7]
                         net (fo=1, unplaced)         0.006     5.737    u_mc/PE_LANE[0].u_pe/acc_raw_reg[15]_i_3__14_n_0
                         CARRY8 (Prop_CARRY8_CI_CO[7])
                                                      0.073     5.810 r  u_mc/PE_LANE[0].u_pe/acc_raw_reg[29]_i_4/CO[7]
                         net (fo=1, unplaced)         0.006     5.816    u_mc/PE_LANE[0].u_pe/acc_raw_reg[29]_i_4_n_0
                         CARRY8 (Prop_CARRY8_CI_O[4])
                                                      0.119     5.935 r  u_mc/PE_LANE[0].u_pe/acc_raw_reg[29]_i_3/O[4]
                         net (fo=3, unplaced)         0.204     6.139    u_mc/PE_LANE[0].u_pe/mac_acc[28]
                         LUT6 (Prop_LUT6_I1_O)        0.058     6.197 f  u_mc/PE_LANE[0].u_pe/out_val[15]_i_83__14/O
                         net (fo=2, unplaced)         0.148     6.345    u_mc/PE_LANE[0].u_pe/out_val[15]_i_83__14_n_0
                         LUT5 (Prop_LUT5_I4_O)        0.142     6.487 r  u_mc/PE_LANE[0].u_pe/out_val[15]_i_32__14/O
                         net (fo=1, unplaced)         0.238     6.725    u_mc/PE_LANE[0].u_pe/out_val[15]_i_32__14_n_0
                         CARRY8 (Prop_CARRY8_DI[1]_CO[7])
                                                      0.179     6.904 r  u_mc/PE_LANE[0].u_pe/out_val_reg[15]_i_8__14/CO[7]
                         net (fo=1, unplaced)         0.006     6.910    u_mc/PE_LANE[0].u_pe/out_val_reg[15]_i_8__14_n_0
                         CARRY8 (Prop_CARRY8_CI_CO[4])
                                                      0.128     7.038 r  u_mc/PE_LANE[0].u_pe/out_val_reg[15]_i_3/CO[4]
                         net (fo=2, unplaced)         0.198     7.236    u_mc/PE_LANE[0].u_pe/sat1615_in
                         LUT6 (Prop_LUT6_I5_O)        0.058     7.294 r  u_mc/PE_LANE[0].u_pe/out_val[14]_i_4__14/O
                         net (fo=15, unplaced)        0.260     7.554    u_mc/PE_LANE[0].u_pe/out_val[14]_i_4__14_n_0
                         LUT6 (Prop_LUT6_I3_O)        0.058     7.612 r  u_mc/PE_LANE[0].u_pe/out_val[0]_i_1__14/O
                         net (fo=1, unplaced)         0.067     7.679    u_mc/PE_LANE[0].u_pe/out_val[0]_i_1__14_n_0
                         FDCE                                         r  u_mc/PE_LANE[0].u_pe/out_val_reg[0]/D
  -------------------------------------------------------------------    -------------------

                         (clock clk rise edge)       10.000    10.000 r  
                                                      0.000    10.000 r  clk (IN)
                         net (fo=13470, unset)        0.029    10.029    u_mc/PE_LANE[0].u_pe/clk
                         FDCE                                         r  u_mc/PE_LANE[0].u_pe/out_val_reg[0]/C
                         clock pessimism              0.000    10.029    
                         clock uncertainty           -0.185     9.844    
                         FDCE (Setup_FDCE_C_D)        0.044     9.888    u_mc/PE_LANE[0].u_pe/out_val_reg[0]
  -------------------------------------------------------------------
                         required time                          9.888    
                         arrival time                          -7.679    
  -------------------------------------------------------------------
                         slack                                  2.209    

Slack (MET) :             2.209ns  (required time - arrival time)
  Source:                 state_reg[6]/C
                            (rising edge-triggered cell FDCE clocked by clk  {rise@0.000ns fall@5.000ns period=10.000ns})
  Destination:            u_mc/PE_LANE[0].u_pe/out_val_reg[10]/D
                            (rising edge-triggered cell FDCE clocked by clk  {rise@0.000ns fall@5.000ns period=10.000ns})
  Path Group:             clk
  Path Type:              Setup (Max at Slow Process Corner)
  Requirement:            10.000ns  (clk rise@10.000ns - clk rise@0.000ns)
  Data Path Delay:        7.638ns  (logic 4.763ns (62.359%)  route 2.875ns (37.641%))
  Logic Levels:           24  (CARRY8=6 DSP_A_B_DATA=1 DSP_ALU=2 DSP_C_DATA=1 DSP_M_DATA=1 DSP_MULTIPLIER=1 DSP_OUTPUT=2 DSP_PREADD_DATA=1 LUT2=1 LUT4=1 LUT5=2 LUT6=5)
  Clock Path Skew:        -0.012ns (DCD - SCD + CPR)
    Destination Clock Delay (DCD):    0.029ns = ( 10.029 - 10.000 ) 
    Source Clock Delay      (SCD):    0.041ns
    Clock Pessimism Removal (CPR):    0.000ns
  Clock Uncertainty:      0.185ns  ((TSJ^2 + TIJ^2)^1/2 + DJ) / 2 + PE + UU
    Total System Jitter     (TSJ):    0.071ns
    Total Input Jitter      (TIJ):    0.000ns
    Discrete Jitter          (DJ):    0.000ns
    Phase Error              (PE):    0.000ns
    User Uncertainty         (UU):    0.150ns

    Location             Delay type                Incr(ns)  Path(ns)    Netlist Resource(s)
  -------------------------------------------------------------------    -------------------
                         (clock clk rise edge)        0.000     0.000 r  
                                                      0.000     0.000 r  clk (IN)
                         net (fo=13470, unset)        0.041     0.041    clk
                         FDCE                                         r  state_reg[6]/C
  -------------------------------------------------------------------    -------------------
                         FDCE (Prop_FDCE_C_Q)         0.114     0.155 r  state_reg[6]/Q
                         net (fo=1476, unplaced)      0.300     0.455    u_mc/HAS_H_GEN.u_hrf/h_init_cnt[13]_i_3_0[1]
                         LUT2 (Prop_LUT2_I1_O)        0.058     0.513 f  u_mc/HAS_H_GEN.u_hrf/h_init_cnt[13]_i_6/O
                         net (fo=1, unplaced)         0.218     0.731    u_mc/HAS_H_GEN.u_hrf/h_init_cnt[13]_i_6_n_0
                         LUT6 (Prop_LUT6_I3_O)        0.058     0.789 f  u_mc/HAS_H_GEN.u_hrf/h_init_cnt[13]_i_3/O
                         net (fo=15, unplaced)        0.260     1.049    u_mc/PE_LANE[7].u_pe/m1_i_16__14_0
                         LUT5 (Prop_LUT5_I4_O)        0.058     1.107 r  u_mc/PE_LANE[7].u_pe/m1_i_17/O
                         net (fo=128, unplaced)       0.309     1.416    u_mc/PE_LANE[0].u_pe/DSP_A_B_DATA_INST_0
                         LUT4 (Prop_LUT4_I1_O)        0.058     1.474 f  u_mc/PE_LANE[0].u_pe/m1_i_16__14/O
                         net (fo=1, unplaced)         0.252     1.726    u_mc/PE_LANE[0].u_pe/m1/B[0]
                         DSP_A_B_DATA (Prop_DSP_A_B_DATA_B[0]_B2_DATA[0])
                                                      0.216     1.942 r  u_mc/PE_LANE[0].u_pe/m1/DSP_A_B_DATA_INST/B2_DATA[0]
                         net (fo=1, unplaced)         0.000     1.942    u_mc/PE_LANE[0].u_pe/m1/DSP_A_B_DATA.B2_DATA<0>
                         DSP_PREADD_DATA (Prop_DSP_PREADD_DATA_B2_DATA[0]_B2B1[0])
                                                      0.097     2.039 r  u_mc/PE_LANE[0].u_pe/m1/DSP_PREADD_DATA_INST/B2B1[0]
                         net (fo=1, unplaced)         0.000     2.039    u_mc/PE_LANE[0].u_pe/m1/DSP_PREADD_DATA.B2B1<0>
                         DSP_MULTIPLIER (Prop_DSP_MULTIPLIER_B2B1[0]_V[0])
                                                      0.778     2.817 f  u_mc/PE_LANE[0].u_pe/m1/DSP_MULTIPLIER_INST/V[0]
                         net (fo=1, unplaced)         0.000     2.817    u_mc/PE_LANE[0].u_pe/m1/DSP_MULTIPLIER.V<0>
                         DSP_M_DATA (Prop_DSP_M_DATA_V[0]_V_DATA[0])
                                                      0.065     2.882 r  u_mc/PE_LANE[0].u_pe/m1/DSP_M_DATA_INST/V_DATA[0]
                         net (fo=1, unplaced)         0.000     2.882    u_mc/PE_LANE[0].u_pe/m1/DSP_M_DATA.V_DATA<0>
                         DSP_ALU (Prop_DSP_ALU_V_DATA[0]_ALU_OUT[0])
                                                      0.722     3.604 f  u_mc/PE_LANE[0].u_pe/m1/DSP_ALU_INST/ALU_OUT[0]
                         net (fo=1, unplaced)         0.000     3.604    u_mc/PE_LANE[0].u_pe/m1/DSP_ALU.ALU_OUT<0>
                         DSP_OUTPUT (Prop_DSP_OUTPUT_ALU_OUT[0]_P[0])
                                                      0.146     3.750 r  u_mc/PE_LANE[0].u_pe/m1/DSP_OUTPUT_INST/P[0]
                         net (fo=3, unplaced)         0.145     3.895    u_mc/PE_LANE[0].u_pe/m12_sum/C[0]
                         DSP_C_DATA (Prop_DSP_C_DATA_C[0]_C_DATA[0])
                                                      0.135     4.030 r  u_mc/PE_LANE[0].u_pe/m12_sum/DSP_C_DATA_INST/C_DATA[0]
                         net (fo=2, unplaced)         0.000     4.030    u_mc/PE_LANE[0].u_pe/m12_sum/DSP_C_DATA.C_DATA<0>
                         DSP_ALU (Prop_DSP_ALU_C_DATA[0]_ALU_OUT[0])
                                                      0.786     4.816 f  u_mc/PE_LANE[0].u_pe/m12_sum/DSP_ALU_INST/ALU_OUT[0]
                         net (fo=1, unplaced)         0.000     4.816    u_mc/PE_LANE[0].u_pe/m12_sum/DSP_ALU.ALU_OUT<0>
                         DSP_OUTPUT (Prop_DSP_OUTPUT_ALU_OUT[0]_P[0])
                                                      0.146     4.962 r  u_mc/PE_LANE[0].u_pe/m12_sum/DSP_OUTPUT_INST/P[0]
                         net (fo=2, unplaced)         0.230     5.192    u_mc/PE_LANE[0].u_pe/m12_sum__0[0]
                         LUT6 (Prop_LUT6_I2_O)        0.152     5.344 r  u_mc/PE_LANE[0].u_pe/acc_raw[7]_i_28/O
                         net (fo=1, unplaced)         0.022     5.366    u_mc/PE_LANE[0].u_pe/acc_raw[7]_i_28_n_0
                         CARRY8 (Prop_CARRY8_S[0]_CO[7])
                                                      0.286     5.652 r  u_mc/PE_LANE[0].u_pe/acc_raw_reg[7]_i_4__14/CO[7]
                         net (fo=1, unplaced)         0.006     5.658    u_mc/PE_LANE[0].u_pe/acc_raw_reg[7]_i_4__14_n_0
                         CARRY8 (Prop_CARRY8_CI_CO[7])
                                                      0.073     5.731 r  u_mc/PE_LANE[0].u_pe/acc_raw_reg[15]_i_3__14/CO[7]
                         net (fo=1, unplaced)         0.006     5.737    u_mc/PE_LANE[0].u_pe/acc_raw_reg[15]_i_3__14_n_0
                         CARRY8 (Prop_CARRY8_CI_CO[7])
                                                      0.073     5.810 r  u_mc/PE_LANE[0].u_pe/acc_raw_reg[29]_i_4/CO[7]
                         net (fo=1, unplaced)         0.006     5.816    u_mc/PE_LANE[0].u_pe/acc_raw_reg[29]_i_4_n_0
                         CARRY8 (Prop_CARRY8_CI_O[4])
                                                      0.119     5.935 r  u_mc/PE_LANE[0].u_pe/acc_raw_reg[29]_i_3/O[4]
                         net (fo=3, unplaced)         0.204     6.139    u_mc/PE_LANE[0].u_pe/mac_acc[28]
                         LUT6 (Prop_LUT6_I1_O)        0.058     6.197 f  u_mc/PE_LANE[0].u_pe/out_val[15]_i_83__14/O
                         net (fo=2, unplaced)         0.148     6.345    u_mc/PE_LANE[0].u_pe/out_val[15]_i_83__14_n_0
                         LUT5 (Prop_LUT5_I4_O)        0.142     6.487 r  u_mc/PE_LANE[0].u_pe/out_val[15]_i_32__14/O
                         net (fo=1, unplaced)         0.238     6.725    u_mc/PE_LANE[0].u_pe/out_val[15]_i_32__14_n_0
                         CARRY8 (Prop_CARRY8_DI[1]_CO[7])
                                                      0.179     6.904 r  u_mc/PE_LANE[0].u_pe/out_val_reg[15]_i_8__14/CO[7]
                         net (fo=1, unplaced)         0.006     6.910    u_mc/PE_LANE[0].u_pe/out_val_reg[15]_i_8__14_n_0
                         CARRY8 (Prop_CARRY8_CI_CO[4])
                                                      0.128     7.038 r  u_mc/PE_LANE[0].u_pe/out_val_reg[15]_i_3/CO[4]
                         net (fo=2, unplaced)         0.198     7.236    u_mc/PE_LANE[0].u_pe/sat1615_in
                         LUT6 (Prop_LUT6_I5_O)        0.058     7.294 r  u_mc/PE_LANE[0].u_pe/out_val[14]_i_4__14/O
                         net (fo=15, unplaced)        0.260     7.554    u_mc/PE_LANE[0].u_pe/out_val[14]_i_4__14_n_0
                         LUT6 (Prop_LUT6_I3_O)        0.058     7.612 r  u_mc/PE_LANE[0].u_pe/out_val[10]_i_1__14/O
                         net (fo=1, unplaced)         0.067     7.679    u_mc/PE_LANE[0].u_pe/out_val[10]_i_1__14_n_0
                         FDCE                                         r  u_mc/PE_LANE[0].u_pe/out_val_reg[10]/D
  -------------------------------------------------------------------    -------------------

                         (clock clk rise edge)       10.000    10.000 r  
                                                      0.000    10.000 r  clk (IN)
                         net (fo=13470, unset)        0.029    10.029    u_mc/PE_LANE[0].u_pe/clk
                         FDCE                                         r  u_mc/PE_LANE[0].u_pe/out_val_reg[10]/C
                         clock pessimism              0.000    10.029    
                         clock uncertainty           -0.185     9.844    
                         FDCE (Setup_FDCE_C_D)        0.044     9.888    u_mc/PE_LANE[0].u_pe/out_val_reg[10]
  -------------------------------------------------------------------
                         required time                          9.888    
                         arrival time                          -7.679    
  -------------------------------------------------------------------
                         slack                                  2.209    

Slack (MET) :             2.209ns  (required time - arrival time)
  Source:                 state_reg[6]/C
                            (rising edge-triggered cell FDCE clocked by clk  {rise@0.000ns fall@5.000ns period=10.000ns})
  Destination:            u_mc/PE_LANE[0].u_pe/out_val_reg[11]/D
                            (rising edge-triggered cell FDCE clocked by clk  {rise@0.000ns fall@5.000ns period=10.000ns})
  Path Group:             clk
  Path Type:              Setup (Max at Slow Process Corner)
  Requirement:            10.000ns  (clk rise@10.000ns - clk rise@0.000ns)
  Data Path Delay:        7.638ns  (logic 4.763ns (62.359%)  route 2.875ns (37.641%))
  Logic Levels:           24  (CARRY8=6 DSP_A_B_DATA=1 DSP_ALU=2 DSP_C_DATA=1 DSP_M_DATA=1 DSP_MULTIPLIER=1 DSP_OUTPUT=2 DSP_PREADD_DATA=1 LUT2=1 LUT4=1 LUT5=2 LUT6=5)
  Clock Path Skew:        -0.012ns (DCD - SCD + CPR)
    Destination Clock Delay (DCD):    0.029ns = ( 10.029 - 10.000 ) 
    Source Clock Delay      (SCD):    0.041ns
    Clock Pessimism Removal (CPR):    0.000ns
  Clock Uncertainty:      0.185ns  ((TSJ^2 + TIJ^2)^1/2 + DJ) / 2 + PE + UU
    Total System Jitter     (TSJ):    0.071ns
    Total Input Jitter      (TIJ):    0.000ns
    Discrete Jitter          (DJ):    0.000ns
    Phase Error              (PE):    0.000ns
    User Uncertainty         (UU):    0.150ns

    Location             Delay type                Incr(ns)  Path(ns)    Netlist Resource(s)
  -------------------------------------------------------------------    -------------------
                         (clock clk rise edge)        0.000     0.000 r  
                                                      0.000     0.000 r  clk (IN)
                         net (fo=13470, unset)        0.041     0.041    clk
                         FDCE                                         r  state_reg[6]/C
  -------------------------------------------------------------------    -------------------
                         FDCE (Prop_FDCE_C_Q)         0.114     0.155 r  state_reg[6]/Q
                         net (fo=1476, unplaced)      0.300     0.455    u_mc/HAS_H_GEN.u_hrf/h_init_cnt[13]_i_3_0[1]
                         LUT2 (Prop_LUT2_I1_O)        0.058     0.513 f  u_mc/HAS_H_GEN.u_hrf/h_init_cnt[13]_i_6/O
                         net (fo=1, unplaced)         0.218     0.731    u_mc/HAS_H_GEN.u_hrf/h_init_cnt[13]_i_6_n_0
                         LUT6 (Prop_LUT6_I3_O)        0.058     0.789 f  u_mc/HAS_H_GEN.u_hrf/h_init_cnt[13]_i_3/O
                         net (fo=15, unplaced)        0.260     1.049    u_mc/PE_LANE[7].u_pe/m1_i_16__14_0
                         LUT5 (Prop_LUT5_I4_O)        0.058     1.107 r  u_mc/PE_LANE[7].u_pe/m1_i_17/O
                         net (fo=128, unplaced)       0.309     1.416    u_mc/PE_LANE[0].u_pe/DSP_A_B_DATA_INST_0
                         LUT4 (Prop_LUT4_I1_O)        0.058     1.474 f  u_mc/PE_LANE[0].u_pe/m1_i_16__14/O
                         net (fo=1, unplaced)         0.252     1.726    u_mc/PE_LANE[0].u_pe/m1/B[0]
                         DSP_A_B_DATA (Prop_DSP_A_B_DATA_B[0]_B2_DATA[0])
                                                      0.216     1.942 r  u_mc/PE_LANE[0].u_pe/m1/DSP_A_B_DATA_INST/B2_DATA[0]
                         net (fo=1, unplaced)         0.000     1.942    u_mc/PE_LANE[0].u_pe/m1/DSP_A_B_DATA.B2_DATA<0>
                         DSP_PREADD_DATA (Prop_DSP_PREADD_DATA_B2_DATA[0]_B2B1[0])
                                                      0.097     2.039 r  u_mc/PE_LANE[0].u_pe/m1/DSP_PREADD_DATA_INST/B2B1[0]
                         net (fo=1, unplaced)         0.000     2.039    u_mc/PE_LANE[0].u_pe/m1/DSP_PREADD_DATA.B2B1<0>
                         DSP_MULTIPLIER (Prop_DSP_MULTIPLIER_B2B1[0]_V[0])
                                                      0.778     2.817 f  u_mc/PE_LANE[0].u_pe/m1/DSP_MULTIPLIER_INST/V[0]
                         net (fo=1, unplaced)         0.000     2.817    u_mc/PE_LANE[0].u_pe/m1/DSP_MULTIPLIER.V<0>
                         DSP_M_DATA (Prop_DSP_M_DATA_V[0]_V_DATA[0])
                                                      0.065     2.882 r  u_mc/PE_LANE[0].u_pe/m1/DSP_M_DATA_INST/V_DATA[0]
                         net (fo=1, unplaced)         0.000     2.882    u_mc/PE_LANE[0].u_pe/m1/DSP_M_DATA.V_DATA<0>
                         DSP_ALU (Prop_DSP_ALU_V_DATA[0]_ALU_OUT[0])
                                                      0.722     3.604 f  u_mc/PE_LANE[0].u_pe/m1/DSP_ALU_INST/ALU_OUT[0]
                         net (fo=1, unplaced)         0.000     3.604    u_mc/PE_LANE[0].u_pe/m1/DSP_ALU.ALU_OUT<0>
                         DSP_OUTPUT (Prop_DSP_OUTPUT_ALU_OUT[0]_P[0])
                                                      0.146     3.750 r  u_mc/PE_LANE[0].u_pe/m1/DSP_OUTPUT_INST/P[0]
                         net (fo=3, unplaced)         0.145     3.895    u_mc/PE_LANE[0].u_pe/m12_sum/C[0]
                         DSP_C_DATA (Prop_DSP_C_DATA_C[0]_C_DATA[0])
                                                      0.135     4.030 r  u_mc/PE_LANE[0].u_pe/m12_sum/DSP_C_DATA_INST/C_DATA[0]
                         net (fo=2, unplaced)         0.000     4.030    u_mc/PE_LANE[0].u_pe/m12_sum/DSP_C_DATA.C_DATA<0>
                         DSP_ALU (Prop_DSP_ALU_C_DATA[0]_ALU_OUT[0])
                                                      0.786     4.816 f  u_mc/PE_LANE[0].u_pe/m12_sum/DSP_ALU_INST/ALU_OUT[0]
                         net (fo=1, unplaced)         0.000     4.816    u_mc/PE_LANE[0].u_pe/m12_sum/DSP_ALU.ALU_OUT<0>
                         DSP_OUTPUT (Prop_DSP_OUTPUT_ALU_OUT[0]_P[0])
                                                      0.146     4.962 r  u_mc/PE_LANE[0].u_pe/m12_sum/DSP_OUTPUT_INST/P[0]
                         net (fo=2, unplaced)         0.230     5.192    u_mc/PE_LANE[0].u_pe/m12_sum__0[0]
                         LUT6 (Prop_LUT6_I2_O)        0.152     5.344 r  u_mc/PE_LANE[0].u_pe/acc_raw[7]_i_28/O
                         net (fo=1, unplaced)         0.022     5.366    u_mc/PE_LANE[0].u_pe/acc_raw[7]_i_28_n_0
                         CARRY8 (Prop_CARRY8_S[0]_CO[7])
                                                      0.286     5.652 r  u_mc/PE_LANE[0].u_pe/acc_raw_reg[7]_i_4__14/CO[7]
                         net (fo=1, unplaced)         0.006     5.658    u_mc/PE_LANE[0].u_pe/acc_raw_reg[7]_i_4__14_n_0
                         CARRY8 (Prop_CARRY8_CI_CO[7])
                                                      0.073     5.731 r  u_mc/PE_LANE[0].u_pe/acc_raw_reg[15]_i_3__14/CO[7]
                         net (fo=1, unplaced)         0.006     5.737    u_mc/PE_LANE[0].u_pe/acc_raw_reg[15]_i_3__14_n_0
                         CARRY8 (Prop_CARRY8_CI_CO[7])
                                                      0.073     5.810 r  u_mc/PE_LANE[0].u_pe/acc_raw_reg[29]_i_4/CO[7]
                         net (fo=1, unplaced)         0.006     5.816    u_mc/PE_LANE[0].u_pe/acc_raw_reg[29]_i_4_n_0
                         CARRY8 (Prop_CARRY8_CI_O[4])
                                                      0.119     5.935 r  u_mc/PE_LANE[0].u_pe/acc_raw_reg[29]_i_3/O[4]
                         net (fo=3, unplaced)         0.204     6.139    u_mc/PE_LANE[0].u_pe/mac_acc[28]
                         LUT6 (Prop_LUT6_I1_O)        0.058     6.197 f  u_mc/PE_LANE[0].u_pe/out_val[15]_i_83__14/O
                         net (fo=2, unplaced)         0.148     6.345    u_mc/PE_LANE[0].u_pe/out_val[15]_i_83__14_n_0
                         LUT5 (Prop_LUT5_I4_O)        0.142     6.487 r  u_mc/PE_LANE[0].u_pe/out_val[15]_i_32__14/O
                         net (fo=1, unplaced)         0.238     6.725    u_mc/PE_LANE[0].u_pe/out_val[15]_i_32__14_n_0
                         CARRY8 (Prop_CARRY8_DI[1]_CO[7])
                                                      0.179     6.904 r  u_mc/PE_LANE[0].u_pe/out_val_reg[15]_i_8__14/CO[7]
                         net (fo=1, unplaced)         0.006     6.910    u_mc/PE_LANE[0].u_pe/out_val_reg[15]_i_8__14_n_0
                         CARRY8 (Prop_CARRY8_CI_CO[4])
                                                      0.128     7.038 r  u_mc/PE_LANE[0].u_pe/out_val_reg[15]_i_3/CO[4]
                         net (fo=2, unplaced)         0.198     7.236    u_mc/PE_LANE[0].u_pe/sat1615_in
                         LUT6 (Prop_LUT6_I5_O)        0.058     7.294 r  u_mc/PE_LANE[0].u_pe/out_val[14]_i_4__14/O
                         net (fo=15, unplaced)        0.260     7.554    u_mc/PE_LANE[0].u_pe/out_val[14]_i_4__14_n_0
                         LUT6 (Prop_LUT6_I3_O)        0.058     7.612 r  u_mc/PE_LANE[0].u_pe/out_val[11]_i_1__14/O
                         net (fo=1, unplaced)         0.067     7.679    u_mc/PE_LANE[0].u_pe/out_val[11]_i_1__14_n_0
                         FDCE                                         r  u_mc/PE_LANE[0].u_pe/out_val_reg[11]/D
  -------------------------------------------------------------------    -------------------

                         (clock clk rise edge)       10.000    10.000 r  
                                                      0.000    10.000 r  clk (IN)
                         net (fo=13470, unset)        0.029    10.029    u_mc/PE_LANE[0].u_pe/clk
                         FDCE                                         r  u_mc/PE_LANE[0].u_pe/out_val_reg[11]/C
                         clock pessimism              0.000    10.029    
                         clock uncertainty           -0.185     9.844    
                         FDCE (Setup_FDCE_C_D)        0.044     9.888    u_mc/PE_LANE[0].u_pe/out_val_reg[11]
  -------------------------------------------------------------------
                         required time                          9.888    
                         arrival time                          -7.679    
  -------------------------------------------------------------------
                         slack                                  2.209    

Slack (MET) :             2.209ns  (required time - arrival time)
  Source:                 state_reg[6]/C
                            (rising edge-triggered cell FDCE clocked by clk  {rise@0.000ns fall@5.000ns period=10.000ns})
  Destination:            u_mc/PE_LANE[0].u_pe/out_val_reg[12]/D
                            (rising edge-triggered cell FDCE clocked by clk  {rise@0.000ns fall@5.000ns period=10.000ns})
  Path Group:             clk
  Path Type:              Setup (Max at Slow Process Corner)
  Requirement:            10.000ns  (clk rise@10.000ns - clk rise@0.000ns)
  Data Path Delay:        7.638ns  (logic 4.763ns (62.359%)  route 2.875ns (37.641%))
  Logic Levels:           24  (CARRY8=6 DSP_A_B_DATA=1 DSP_ALU=2 DSP_C_DATA=1 DSP_M_DATA=1 DSP_MULTIPLIER=1 DSP_OUTPUT=2 DSP_PREADD_DATA=1 LUT2=1 LUT4=1 LUT5=2 LUT6=5)
  Clock Path Skew:        -0.012ns (DCD - SCD + CPR)
    Destination Clock Delay (DCD):    0.029ns = ( 10.029 - 10.000 ) 
    Source Clock Delay      (SCD):    0.041ns
    Clock Pessimism Removal (CPR):    0.000ns
  Clock Uncertainty:      0.185ns  ((TSJ^2 + TIJ^2)^1/2 + DJ) / 2 + PE + UU
    Total System Jitter     (TSJ):    0.071ns
    Total Input Jitter      (TIJ):    0.000ns
    Discrete Jitter          (DJ):    0.000ns
    Phase Error              (PE):    0.000ns
    User Uncertainty         (UU):    0.150ns

    Location             Delay type                Incr(ns)  Path(ns)    Netlist Resource(s)
  -------------------------------------------------------------------    -------------------
                         (clock clk rise edge)        0.000     0.000 r  
                                                      0.000     0.000 r  clk (IN)
                         net (fo=13470, unset)        0.041     0.041    clk
                         FDCE                                         r  state_reg[6]/C
  -------------------------------------------------------------------    -------------------
                         FDCE (Prop_FDCE_C_Q)         0.114     0.155 r  state_reg[6]/Q
                         net (fo=1476, unplaced)      0.300     0.455    u_mc/HAS_H_GEN.u_hrf/h_init_cnt[13]_i_3_0[1]
                         LUT2 (Prop_LUT2_I1_O)        0.058     0.513 f  u_mc/HAS_H_GEN.u_hrf/h_init_cnt[13]_i_6/O
                         net (fo=1, unplaced)         0.218     0.731    u_mc/HAS_H_GEN.u_hrf/h_init_cnt[13]_i_6_n_0
                         LUT6 (Prop_LUT6_I3_O)        0.058     0.789 f  u_mc/HAS_H_GEN.u_hrf/h_init_cnt[13]_i_3/O
                         net (fo=15, unplaced)        0.260     1.049    u_mc/PE_LANE[7].u_pe/m1_i_16__14_0
                         LUT5 (Prop_LUT5_I4_O)        0.058     1.107 r  u_mc/PE_LANE[7].u_pe/m1_i_17/O
                         net (fo=128, unplaced)       0.309     1.416    u_mc/PE_LANE[0].u_pe/DSP_A_B_DATA_INST_0
                         LUT4 (Prop_LUT4_I1_O)        0.058     1.474 f  u_mc/PE_LANE[0].u_pe/m1_i_16__14/O
                         net (fo=1, unplaced)         0.252     1.726    u_mc/PE_LANE[0].u_pe/m1/B[0]
                         DSP_A_B_DATA (Prop_DSP_A_B_DATA_B[0]_B2_DATA[0])
                                                      0.216     1.942 r  u_mc/PE_LANE[0].u_pe/m1/DSP_A_B_DATA_INST/B2_DATA[0]
                         net (fo=1, unplaced)         0.000     1.942    u_mc/PE_LANE[0].u_pe/m1/DSP_A_B_DATA.B2_DATA<0>
                         DSP_PREADD_DATA (Prop_DSP_PREADD_DATA_B2_DATA[0]_B2B1[0])
                                                      0.097     2.039 r  u_mc/PE_LANE[0].u_pe/m1/DSP_PREADD_DATA_INST/B2B1[0]
                         net (fo=1, unplaced)         0.000     2.039    u_mc/PE_LANE[0].u_pe/m1/DSP_PREADD_DATA.B2B1<0>
                         DSP_MULTIPLIER (Prop_DSP_MULTIPLIER_B2B1[0]_V[0])
                                                      0.778     2.817 f  u_mc/PE_LANE[0].u_pe/m1/DSP_MULTIPLIER_INST/V[0]
                         net (fo=1, unplaced)         0.000     2.817    u_mc/PE_LANE[0].u_pe/m1/DSP_MULTIPLIER.V<0>
                         DSP_M_DATA (Prop_DSP_M_DATA_V[0]_V_DATA[0])
                                                      0.065     2.882 r  u_mc/PE_LANE[0].u_pe/m1/DSP_M_DATA_INST/V_DATA[0]
                         net (fo=1, unplaced)         0.000     2.882    u_mc/PE_LANE[0].u_pe/m1/DSP_M_DATA.V_DATA<0>
                         DSP_ALU (Prop_DSP_ALU_V_DATA[0]_ALU_OUT[0])
                                                      0.722     3.604 f  u_mc/PE_LANE[0].u_pe/m1/DSP_ALU_INST/ALU_OUT[0]
                         net (fo=1, unplaced)         0.000     3.604    u_mc/PE_LANE[0].u_pe/m1/DSP_ALU.ALU_OUT<0>
                         DSP_OUTPUT (Prop_DSP_OUTPUT_ALU_OUT[0]_P[0])
                                                      0.146     3.750 r  u_mc/PE_LANE[0].u_pe/m1/DSP_OUTPUT_INST/P[0]
                         net (fo=3, unplaced)         0.145     3.895    u_mc/PE_LANE[0].u_pe/m12_sum/C[0]
                         DSP_C_DATA (Prop_DSP_C_DATA_C[0]_C_DATA[0])
                                                      0.135     4.030 r  u_mc/PE_LANE[0].u_pe/m12_sum/DSP_C_DATA_INST/C_DATA[0]
                         net (fo=2, unplaced)         0.000     4.030    u_mc/PE_LANE[0].u_pe/m12_sum/DSP_C_DATA.C_DATA<0>
                         DSP_ALU (Prop_DSP_ALU_C_DATA[0]_ALU_OUT[0])
                                                      0.786     4.816 f  u_mc/PE_LANE[0].u_pe/m12_sum/DSP_ALU_INST/ALU_OUT[0]
                         net (fo=1, unplaced)         0.000     4.816    u_mc/PE_LANE[0].u_pe/m12_sum/DSP_ALU.ALU_OUT<0>
                         DSP_OUTPUT (Prop_DSP_OUTPUT_ALU_OUT[0]_P[0])
                                                      0.146     4.962 r  u_mc/PE_LANE[0].u_pe/m12_sum/DSP_OUTPUT_INST/P[0]
                         net (fo=2, unplaced)         0.230     5.192    u_mc/PE_LANE[0].u_pe/m12_sum__0[0]
                         LUT6 (Prop_LUT6_I2_O)        0.152     5.344 r  u_mc/PE_LANE[0].u_pe/acc_raw[7]_i_28/O
                         net (fo=1, unplaced)         0.022     5.366    u_mc/PE_LANE[0].u_pe/acc_raw[7]_i_28_n_0
                         CARRY8 (Prop_CARRY8_S[0]_CO[7])
                                                      0.286     5.652 r  u_mc/PE_LANE[0].u_pe/acc_raw_reg[7]_i_4__14/CO[7]
                         net (fo=1, unplaced)         0.006     5.658    u_mc/PE_LANE[0].u_pe/acc_raw_reg[7]_i_4__14_n_0
                         CARRY8 (Prop_CARRY8_CI_CO[7])
                                                      0.073     5.731 r  u_mc/PE_LANE[0].u_pe/acc_raw_reg[15]_i_3__14/CO[7]
                         net (fo=1, unplaced)         0.006     5.737    u_mc/PE_LANE[0].u_pe/acc_raw_reg[15]_i_3__14_n_0
                         CARRY8 (Prop_CARRY8_CI_CO[7])
                                                      0.073     5.810 r  u_mc/PE_LANE[0].u_pe/acc_raw_reg[29]_i_4/CO[7]
                         net (fo=1, unplaced)         0.006     5.816    u_mc/PE_LANE[0].u_pe/acc_raw_reg[29]_i_4_n_0
                         CARRY8 (Prop_CARRY8_CI_O[4])
                                                      0.119     5.935 r  u_mc/PE_LANE[0].u_pe/acc_raw_reg[29]_i_3/O[4]
                         net (fo=3, unplaced)         0.204     6.139    u_mc/PE_LANE[0].u_pe/mac_acc[28]
                         LUT6 (Prop_LUT6_I1_O)        0.058     6.197 f  u_mc/PE_LANE[0].u_pe/out_val[15]_i_83__14/O
                         net (fo=2, unplaced)         0.148     6.345    u_mc/PE_LANE[0].u_pe/out_val[15]_i_83__14_n_0
                         LUT5 (Prop_LUT5_I4_O)        0.142     6.487 r  u_mc/PE_LANE[0].u_pe/out_val[15]_i_32__14/O
                         net (fo=1, unplaced)         0.238     6.725    u_mc/PE_LANE[0].u_pe/out_val[15]_i_32__14_n_0
                         CARRY8 (Prop_CARRY8_DI[1]_CO[7])
                                                      0.179     6.904 r  u_mc/PE_LANE[0].u_pe/out_val_reg[15]_i_8__14/CO[7]
                         net (fo=1, unplaced)         0.006     6.910    u_mc/PE_LANE[0].u_pe/out_val_reg[15]_i_8__14_n_0
                         CARRY8 (Prop_CARRY8_CI_CO[4])
                                                      0.128     7.038 r  u_mc/PE_LANE[0].u_pe/out_val_reg[15]_i_3/CO[4]
                         net (fo=2, unplaced)         0.198     7.236    u_mc/PE_LANE[0].u_pe/sat1615_in
                         LUT6 (Prop_LUT6_I5_O)        0.058     7.294 r  u_mc/PE_LANE[0].u_pe/out_val[14]_i_4__14/O
                         net (fo=15, unplaced)        0.260     7.554    u_mc/PE_LANE[0].u_pe/out_val[14]_i_4__14_n_0
                         LUT6 (Prop_LUT6_I3_O)        0.058     7.612 r  u_mc/PE_LANE[0].u_pe/out_val[12]_i_1__14/O
                         net (fo=1, unplaced)         0.067     7.679    u_mc/PE_LANE[0].u_pe/out_val[12]_i_1__14_n_0
                         FDCE                                         r  u_mc/PE_LANE[0].u_pe/out_val_reg[12]/D
  -------------------------------------------------------------------    -------------------

                         (clock clk rise edge)       10.000    10.000 r  
                                                      0.000    10.000 r  clk (IN)
                         net (fo=13470, unset)        0.029    10.029    u_mc/PE_LANE[0].u_pe/clk
                         FDCE                                         r  u_mc/PE_LANE[0].u_pe/out_val_reg[12]/C
                         clock pessimism              0.000    10.029    
                         clock uncertainty           -0.185     9.844    
                         FDCE (Setup_FDCE_C_D)        0.044     9.888    u_mc/PE_LANE[0].u_pe/out_val_reg[12]
  -------------------------------------------------------------------
                         required time                          9.888    
                         arrival time                          -7.679    
  -------------------------------------------------------------------
                         slack                                  2.209    

Slack (MET) :             2.209ns  (required time - arrival time)
  Source:                 state_reg[6]/C
                            (rising edge-triggered cell FDCE clocked by clk  {rise@0.000ns fall@5.000ns period=10.000ns})
  Destination:            u_mc/PE_LANE[0].u_pe/out_val_reg[13]/D
                            (rising edge-triggered cell FDCE clocked by clk  {rise@0.000ns fall@5.000ns period=10.000ns})
  Path Group:             clk
  Path Type:              Setup (Max at Slow Process Corner)
  Requirement:            10.000ns  (clk rise@10.000ns - clk rise@0.000ns)
  Data Path Delay:        7.638ns  (logic 4.763ns (62.359%)  route 2.875ns (37.641%))
  Logic Levels:           24  (CARRY8=6 DSP_A_B_DATA=1 DSP_ALU=2 DSP_C_DATA=1 DSP_M_DATA=1 DSP_MULTIPLIER=1 DSP_OUTPUT=2 DSP_PREADD_DATA=1 LUT2=1 LUT4=1 LUT5=2 LUT6=5)
  Clock Path Skew:        -0.012ns (DCD - SCD + CPR)
    Destination Clock Delay (DCD):    0.029ns = ( 10.029 - 10.000 ) 
    Source Clock Delay      (SCD):    0.041ns
    Clock Pessimism Removal (CPR):    0.000ns
  Clock Uncertainty:      0.185ns  ((TSJ^2 + TIJ^2)^1/2 + DJ) / 2 + PE + UU
    Total System Jitter     (TSJ):    0.071ns
    Total Input Jitter      (TIJ):    0.000ns
    Discrete Jitter          (DJ):    0.000ns
    Phase Error              (PE):    0.000ns
    User Uncertainty         (UU):    0.150ns

    Location             Delay type                Incr(ns)  Path(ns)    Netlist Resource(s)
  -------------------------------------------------------------------    -------------------
                         (clock clk rise edge)        0.000     0.000 r  
                                                      0.000     0.000 r  clk (IN)
                         net (fo=13470, unset)        0.041     0.041    clk
                         FDCE                                         r  state_reg[6]/C
  -------------------------------------------------------------------    -------------------
                         FDCE (Prop_FDCE_C_Q)         0.114     0.155 r  state_reg[6]/Q
                         net (fo=1476, unplaced)      0.300     0.455    u_mc/HAS_H_GEN.u_hrf/h_init_cnt[13]_i_3_0[1]
                         LUT2 (Prop_LUT2_I1_O)        0.058     0.513 f  u_mc/HAS_H_GEN.u_hrf/h_init_cnt[13]_i_6/O
                         net (fo=1, unplaced)         0.218     0.731    u_mc/HAS_H_GEN.u_hrf/h_init_cnt[13]_i_6_n_0
                         LUT6 (Prop_LUT6_I3_O)        0.058     0.789 f  u_mc/HAS_H_GEN.u_hrf/h_init_cnt[13]_i_3/O
                         net (fo=15, unplaced)        0.260     1.049    u_mc/PE_LANE[7].u_pe/m1_i_16__14_0
                         LUT5 (Prop_LUT5_I4_O)        0.058     1.107 r  u_mc/PE_LANE[7].u_pe/m1_i_17/O
                         net (fo=128, unplaced)       0.309     1.416    u_mc/PE_LANE[0].u_pe/DSP_A_B_DATA_INST_0
                         LUT4 (Prop_LUT4_I1_O)        0.058     1.474 f  u_mc/PE_LANE[0].u_pe/m1_i_16__14/O
                         net (fo=1, unplaced)         0.252     1.726    u_mc/PE_LANE[0].u_pe/m1/B[0]
                         DSP_A_B_DATA (Prop_DSP_A_B_DATA_B[0]_B2_DATA[0])
                                                      0.216     1.942 r  u_mc/PE_LANE[0].u_pe/m1/DSP_A_B_DATA_INST/B2_DATA[0]
                         net (fo=1, unplaced)         0.000     1.942    u_mc/PE_LANE[0].u_pe/m1/DSP_A_B_DATA.B2_DATA<0>
                         DSP_PREADD_DATA (Prop_DSP_PREADD_DATA_B2_DATA[0]_B2B1[0])
                                                      0.097     2.039 r  u_mc/PE_LANE[0].u_pe/m1/DSP_PREADD_DATA_INST/B2B1[0]
                         net (fo=1, unplaced)         0.000     2.039    u_mc/PE_LANE[0].u_pe/m1/DSP_PREADD_DATA.B2B1<0>
                         DSP_MULTIPLIER (Prop_DSP_MULTIPLIER_B2B1[0]_V[0])
                                                      0.778     2.817 f  u_mc/PE_LANE[0].u_pe/m1/DSP_MULTIPLIER_INST/V[0]
                         net (fo=1, unplaced)         0.000     2.817    u_mc/PE_LANE[0].u_pe/m1/DSP_MULTIPLIER.V<0>
                         DSP_M_DATA (Prop_DSP_M_DATA_V[0]_V_DATA[0])
                                                      0.065     2.882 r  u_mc/PE_LANE[0].u_pe/m1/DSP_M_DATA_INST/V_DATA[0]
                         net (fo=1, unplaced)         0.000     2.882    u_mc/PE_LANE[0].u_pe/m1/DSP_M_DATA.V_DATA<0>
                         DSP_ALU (Prop_DSP_ALU_V_DATA[0]_ALU_OUT[0])
                                                      0.722     3.604 f  u_mc/PE_LANE[0].u_pe/m1/DSP_ALU_INST/ALU_OUT[0]
                         net (fo=1, unplaced)         0.000     3.604    u_mc/PE_LANE[0].u_pe/m1/DSP_ALU.ALU_OUT<0>
                         DSP_OUTPUT (Prop_DSP_OUTPUT_ALU_OUT[0]_P[0])
                                                      0.146     3.750 r  u_mc/PE_LANE[0].u_pe/m1/DSP_OUTPUT_INST/P[0]
                         net (fo=3, unplaced)         0.145     3.895    u_mc/PE_LANE[0].u_pe/m12_sum/C[0]
                         DSP_C_DATA (Prop_DSP_C_DATA_C[0]_C_DATA[0])
                                                      0.135     4.030 r  u_mc/PE_LANE[0].u_pe/m12_sum/DSP_C_DATA_INST/C_DATA[0]
                         net (fo=2, unplaced)         0.000     4.030    u_mc/PE_LANE[0].u_pe/m12_sum/DSP_C_DATA.C_DATA<0>
                         DSP_ALU (Prop_DSP_ALU_C_DATA[0]_ALU_OUT[0])
                                                      0.786     4.816 f  u_mc/PE_LANE[0].u_pe/m12_sum/DSP_ALU_INST/ALU_OUT[0]
                         net (fo=1, unplaced)         0.000     4.816    u_mc/PE_LANE[0].u_pe/m12_sum/DSP_ALU.ALU_OUT<0>
                         DSP_OUTPUT (Prop_DSP_OUTPUT_ALU_OUT[0]_P[0])
                                                      0.146     4.962 r  u_mc/PE_LANE[0].u_pe/m12_sum/DSP_OUTPUT_INST/P[0]
                         net (fo=2, unplaced)         0.230     5.192    u_mc/PE_LANE[0].u_pe/m12_sum__0[0]
                         LUT6 (Prop_LUT6_I2_O)        0.152     5.344 r  u_mc/PE_LANE[0].u_pe/acc_raw[7]_i_28/O
                         net (fo=1, unplaced)         0.022     5.366    u_mc/PE_LANE[0].u_pe/acc_raw[7]_i_28_n_0
                         CARRY8 (Prop_CARRY8_S[0]_CO[7])
                                                      0.286     5.652 r  u_mc/PE_LANE[0].u_pe/acc_raw_reg[7]_i_4__14/CO[7]
                         net (fo=1, unplaced)         0.006     5.658    u_mc/PE_LANE[0].u_pe/acc_raw_reg[7]_i_4__14_n_0
                         CARRY8 (Prop_CARRY8_CI_CO[7])
                                                      0.073     5.731 r  u_mc/PE_LANE[0].u_pe/acc_raw_reg[15]_i_3__14/CO[7]
                         net (fo=1, unplaced)         0.006     5.737    u_mc/PE_LANE[0].u_pe/acc_raw_reg[15]_i_3__14_n_0
                         CARRY8 (Prop_CARRY8_CI_CO[7])
                                                      0.073     5.810 r  u_mc/PE_LANE[0].u_pe/acc_raw_reg[29]_i_4/CO[7]
                         net (fo=1, unplaced)         0.006     5.816    u_mc/PE_LANE[0].u_pe/acc_raw_reg[29]_i_4_n_0
                         CARRY8 (Prop_CARRY8_CI_O[4])
                                                      0.119     5.935 r  u_mc/PE_LANE[0].u_pe/acc_raw_reg[29]_i_3/O[4]
                         net (fo=3, unplaced)         0.204     6.139    u_mc/PE_LANE[0].u_pe/mac_acc[28]
                         LUT6 (Prop_LUT6_I1_O)        0.058     6.197 f  u_mc/PE_LANE[0].u_pe/out_val[15]_i_83__14/O
                         net (fo=2, unplaced)         0.148     6.345    u_mc/PE_LANE[0].u_pe/out_val[15]_i_83__14_n_0
                         LUT5 (Prop_LUT5_I4_O)        0.142     6.487 r  u_mc/PE_LANE[0].u_pe/out_val[15]_i_32__14/O
                         net (fo=1, unplaced)         0.238     6.725    u_mc/PE_LANE[0].u_pe/out_val[15]_i_32__14_n_0
                         CARRY8 (Prop_CARRY8_DI[1]_CO[7])
                                                      0.179     6.904 r  u_mc/PE_LANE[0].u_pe/out_val_reg[15]_i_8__14/CO[7]
                         net (fo=1, unplaced)         0.006     6.910    u_mc/PE_LANE[0].u_pe/out_val_reg[15]_i_8__14_n_0
                         CARRY8 (Prop_CARRY8_CI_CO[4])
                                                      0.128     7.038 r  u_mc/PE_LANE[0].u_pe/out_val_reg[15]_i_3/CO[4]
                         net (fo=2, unplaced)         0.198     7.236    u_mc/PE_LANE[0].u_pe/sat1615_in
                         LUT6 (Prop_LUT6_I5_O)        0.058     7.294 r  u_mc/PE_LANE[0].u_pe/out_val[14]_i_4__14/O
                         net (fo=15, unplaced)        0.260     7.554    u_mc/PE_LANE[0].u_pe/out_val[14]_i_4__14_n_0
                         LUT6 (Prop_LUT6_I3_O)        0.058     7.612 r  u_mc/PE_LANE[0].u_pe/out_val[13]_i_1__14/O
                         net (fo=1, unplaced)         0.067     7.679    u_mc/PE_LANE[0].u_pe/out_val[13]_i_1__14_n_0
                         FDCE                                         r  u_mc/PE_LANE[0].u_pe/out_val_reg[13]/D
  -------------------------------------------------------------------    -------------------

                         (clock clk rise edge)       10.000    10.000 r  
                                                      0.000    10.000 r  clk (IN)
                         net (fo=13470, unset)        0.029    10.029    u_mc/PE_LANE[0].u_pe/clk
                         FDCE                                         r  u_mc/PE_LANE[0].u_pe/out_val_reg[13]/C
                         clock pessimism              0.000    10.029    
                         clock uncertainty           -0.185     9.844    
                         FDCE (Setup_FDCE_C_D)        0.044     9.888    u_mc/PE_LANE[0].u_pe/out_val_reg[13]
  -------------------------------------------------------------------
                         required time                          9.888    
                         arrival time                          -7.679    
  -------------------------------------------------------------------
                         slack                                  2.209    

Slack (MET) :             2.209ns  (required time - arrival time)
  Source:                 state_reg[6]/C
                            (rising edge-triggered cell FDCE clocked by clk  {rise@0.000ns fall@5.000ns period=10.000ns})
  Destination:            u_mc/PE_LANE[0].u_pe/out_val_reg[14]/D
                            (rising edge-triggered cell FDCE clocked by clk  {rise@0.000ns fall@5.000ns period=10.000ns})
  Path Group:             clk
  Path Type:              Setup (Max at Slow Process Corner)
  Requirement:            10.000ns  (clk rise@10.000ns - clk rise@0.000ns)
  Data Path Delay:        7.638ns  (logic 4.763ns (62.359%)  route 2.875ns (37.641%))
  Logic Levels:           24  (CARRY8=6 DSP_A_B_DATA=1 DSP_ALU=2 DSP_C_DATA=1 DSP_M_DATA=1 DSP_MULTIPLIER=1 DSP_OUTPUT=2 DSP_PREADD_DATA=1 LUT2=1 LUT4=1 LUT5=2 LUT6=5)
  Clock Path Skew:        -0.012ns (DCD - SCD + CPR)
    Destination Clock Delay (DCD):    0.029ns = ( 10.029 - 10.000 ) 
    Source Clock Delay      (SCD):    0.041ns
    Clock Pessimism Removal (CPR):    0.000ns
  Clock Uncertainty:      0.185ns  ((TSJ^2 + TIJ^2)^1/2 + DJ) / 2 + PE + UU
    Total System Jitter     (TSJ):    0.071ns
    Total Input Jitter      (TIJ):    0.000ns
    Discrete Jitter          (DJ):    0.000ns
    Phase Error              (PE):    0.000ns
    User Uncertainty         (UU):    0.150ns

    Location             Delay type                Incr(ns)  Path(ns)    Netlist Resource(s)
  -------------------------------------------------------------------    -------------------
                         (clock clk rise edge)        0.000     0.000 r  
                                                      0.000     0.000 r  clk (IN)
                         net (fo=13470, unset)        0.041     0.041    clk
                         FDCE                                         r  state_reg[6]/C
  -------------------------------------------------------------------    -------------------
                         FDCE (Prop_FDCE_C_Q)         0.114     0.155 r  state_reg[6]/Q
                         net (fo=1476, unplaced)      0.300     0.455    u_mc/HAS_H_GEN.u_hrf/h_init_cnt[13]_i_3_0[1]
                         LUT2 (Prop_LUT2_I1_O)        0.058     0.513 f  u_mc/HAS_H_GEN.u_hrf/h_init_cnt[13]_i_6/O
                         net (fo=1, unplaced)         0.218     0.731    u_mc/HAS_H_GEN.u_hrf/h_init_cnt[13]_i_6_n_0
                         LUT6 (Prop_LUT6_I3_O)        0.058     0.789 f  u_mc/HAS_H_GEN.u_hrf/h_init_cnt[13]_i_3/O
                         net (fo=15, unplaced)        0.260     1.049    u_mc/PE_LANE[7].u_pe/m1_i_16__14_0
                         LUT5 (Prop_LUT5_I4_O)        0.058     1.107 r  u_mc/PE_LANE[7].u_pe/m1_i_17/O
                         net (fo=128, unplaced)       0.309     1.416    u_mc/PE_LANE[0].u_pe/DSP_A_B_DATA_INST_0
                         LUT4 (Prop_LUT4_I1_O)        0.058     1.474 f  u_mc/PE_LANE[0].u_pe/m1_i_16__14/O
                         net (fo=1, unplaced)         0.252     1.726    u_mc/PE_LANE[0].u_pe/m1/B[0]
                         DSP_A_B_DATA (Prop_DSP_A_B_DATA_B[0]_B2_DATA[0])
                                                      0.216     1.942 r  u_mc/PE_LANE[0].u_pe/m1/DSP_A_B_DATA_INST/B2_DATA[0]
                         net (fo=1, unplaced)         0.000     1.942    u_mc/PE_LANE[0].u_pe/m1/DSP_A_B_DATA.B2_DATA<0>
                         DSP_PREADD_DATA (Prop_DSP_PREADD_DATA_B2_DATA[0]_B2B1[0])
                                                      0.097     2.039 r  u_mc/PE_LANE[0].u_pe/m1/DSP_PREADD_DATA_INST/B2B1[0]
                         net (fo=1, unplaced)         0.000     2.039    u_mc/PE_LANE[0].u_pe/m1/DSP_PREADD_DATA.B2B1<0>
                         DSP_MULTIPLIER (Prop_DSP_MULTIPLIER_B2B1[0]_V[0])
                                                      0.778     2.817 f  u_mc/PE_LANE[0].u_pe/m1/DSP_MULTIPLIER_INST/V[0]
                         net (fo=1, unplaced)         0.000     2.817    u_mc/PE_LANE[0].u_pe/m1/DSP_MULTIPLIER.V<0>
                         DSP_M_DATA (Prop_DSP_M_DATA_V[0]_V_DATA[0])
                                                      0.065     2.882 r  u_mc/PE_LANE[0].u_pe/m1/DSP_M_DATA_INST/V_DATA[0]
                         net (fo=1, unplaced)         0.000     2.882    u_mc/PE_LANE[0].u_pe/m1/DSP_M_DATA.V_DATA<0>
                         DSP_ALU (Prop_DSP_ALU_V_DATA[0]_ALU_OUT[0])
                                                      0.722     3.604 f  u_mc/PE_LANE[0].u_pe/m1/DSP_ALU_INST/ALU_OUT[0]
                         net (fo=1, unplaced)         0.000     3.604    u_mc/PE_LANE[0].u_pe/m1/DSP_ALU.ALU_OUT<0>
                         DSP_OUTPUT (Prop_DSP_OUTPUT_ALU_OUT[0]_P[0])
                                                      0.146     3.750 r  u_mc/PE_LANE[0].u_pe/m1/DSP_OUTPUT_INST/P[0]
                         net (fo=3, unplaced)         0.145     3.895    u_mc/PE_LANE[0].u_pe/m12_sum/C[0]
                         DSP_C_DATA (Prop_DSP_C_DATA_C[0]_C_DATA[0])
                                                      0.135     4.030 r  u_mc/PE_LANE[0].u_pe/m12_sum/DSP_C_DATA_INST/C_DATA[0]
                         net (fo=2, unplaced)         0.000     4.030    u_mc/PE_LANE[0].u_pe/m12_sum/DSP_C_DATA.C_DATA<0>
                         DSP_ALU (Prop_DSP_ALU_C_DATA[0]_ALU_OUT[0])
                                                      0.786     4.816 f  u_mc/PE_LANE[0].u_pe/m12_sum/DSP_ALU_INST/ALU_OUT[0]
                         net (fo=1, unplaced)         0.000     4.816    u_mc/PE_LANE[0].u_pe/m12_sum/DSP_ALU.ALU_OUT<0>
                         DSP_OUTPUT (Prop_DSP_OUTPUT_ALU_OUT[0]_P[0])
                                                      0.146     4.962 r  u_mc/PE_LANE[0].u_pe/m12_sum/DSP_OUTPUT_INST/P[0]
                         net (fo=2, unplaced)         0.230     5.192    u_mc/PE_LANE[0].u_pe/m12_sum__0[0]
                         LUT6 (Prop_LUT6_I2_O)        0.152     5.344 r  u_mc/PE_LANE[0].u_pe/acc_raw[7]_i_28/O
                         net (fo=1, unplaced)         0.022     5.366    u_mc/PE_LANE[0].u_pe/acc_raw[7]_i_28_n_0
                         CARRY8 (Prop_CARRY8_S[0]_CO[7])
                                                      0.286     5.652 r  u_mc/PE_LANE[0].u_pe/acc_raw_reg[7]_i_4__14/CO[7]
                         net (fo=1, unplaced)         0.006     5.658    u_mc/PE_LANE[0].u_pe/acc_raw_reg[7]_i_4__14_n_0
                         CARRY8 (Prop_CARRY8_CI_CO[7])
                                                      0.073     5.731 r  u_mc/PE_LANE[0].u_pe/acc_raw_reg[15]_i_3__14/CO[7]
                         net (fo=1, unplaced)         0.006     5.737    u_mc/PE_LANE[0].u_pe/acc_raw_reg[15]_i_3__14_n_0
                         CARRY8 (Prop_CARRY8_CI_CO[7])
                                                      0.073     5.810 r  u_mc/PE_LANE[0].u_pe/acc_raw_reg[29]_i_4/CO[7]
                         net (fo=1, unplaced)         0.006     5.816    u_mc/PE_LANE[0].u_pe/acc_raw_reg[29]_i_4_n_0
                         CARRY8 (Prop_CARRY8_CI_O[4])
                                                      0.119     5.935 r  u_mc/PE_LANE[0].u_pe/acc_raw_reg[29]_i_3/O[4]
                         net (fo=3, unplaced)         0.204     6.139    u_mc/PE_LANE[0].u_pe/mac_acc[28]
                         LUT6 (Prop_LUT6_I1_O)        0.058     6.197 f  u_mc/PE_LANE[0].u_pe/out_val[15]_i_83__14/O
                         net (fo=2, unplaced)         0.148     6.345    u_mc/PE_LANE[0].u_pe/out_val[15]_i_83__14_n_0
                         LUT5 (Prop_LUT5_I4_O)        0.142     6.487 r  u_mc/PE_LANE[0].u_pe/out_val[15]_i_32__14/O
                         net (fo=1, unplaced)         0.238     6.725    u_mc/PE_LANE[0].u_pe/out_val[15]_i_32__14_n_0
                         CARRY8 (Prop_CARRY8_DI[1]_CO[7])
                                                      0.179     6.904 r  u_mc/PE_LANE[0].u_pe/out_val_reg[15]_i_8__14/CO[7]
                         net (fo=1, unplaced)         0.006     6.910    u_mc/PE_LANE[0].u_pe/out_val_reg[15]_i_8__14_n_0
                         CARRY8 (Prop_CARRY8_CI_CO[4])
                                                      0.128     7.038 r  u_mc/PE_LANE[0].u_pe/out_val_reg[15]_i_3/CO[4]
                         net (fo=2, unplaced)         0.198     7.236    u_mc/PE_LANE[0].u_pe/sat1615_in
                         LUT6 (Prop_LUT6_I5_O)        0.058     7.294 r  u_mc/PE_LANE[0].u_pe/out_val[14]_i_4__14/O
                         net (fo=15, unplaced)        0.260     7.554    u_mc/PE_LANE[0].u_pe/out_val[14]_i_4__14_n_0
                         LUT6 (Prop_LUT6_I3_O)        0.058     7.612 r  u_mc/PE_LANE[0].u_pe/out_val[14]_i_1__14/O
                         net (fo=1, unplaced)         0.067     7.679    u_mc/PE_LANE[0].u_pe/out_val[14]_i_1__14_n_0
                         FDCE                                         r  u_mc/PE_LANE[0].u_pe/out_val_reg[14]/D
  -------------------------------------------------------------------    -------------------

                         (clock clk rise edge)       10.000    10.000 r  
                                                      0.000    10.000 r  clk (IN)
                         net (fo=13470, unset)        0.029    10.029    u_mc/PE_LANE[0].u_pe/clk
                         FDCE                                         r  u_mc/PE_LANE[0].u_pe/out_val_reg[14]/C
                         clock pessimism              0.000    10.029    
                         clock uncertainty           -0.185     9.844    
                         FDCE (Setup_FDCE_C_D)        0.044     9.888    u_mc/PE_LANE[0].u_pe/out_val_reg[14]
  -------------------------------------------------------------------
                         required time                          9.888    
                         arrival time                          -7.679    
  -------------------------------------------------------------------
                         slack                                  2.209    

Slack (MET) :             2.209ns  (required time - arrival time)
  Source:                 state_reg[6]/C
                            (rising edge-triggered cell FDCE clocked by clk  {rise@0.000ns fall@5.000ns period=10.000ns})
  Destination:            u_mc/PE_LANE[0].u_pe/out_val_reg[1]/D
                            (rising edge-triggered cell FDCE clocked by clk  {rise@0.000ns fall@5.000ns period=10.000ns})
  Path Group:             clk
  Path Type:              Setup (Max at Slow Process Corner)
  Requirement:            10.000ns  (clk rise@10.000ns - clk rise@0.000ns)
  Data Path Delay:        7.638ns  (logic 4.763ns (62.359%)  route 2.875ns (37.641%))
  Logic Levels:           24  (CARRY8=6 DSP_A_B_DATA=1 DSP_ALU=2 DSP_C_DATA=1 DSP_M_DATA=1 DSP_MULTIPLIER=1 DSP_OUTPUT=2 DSP_PREADD_DATA=1 LUT2=1 LUT4=1 LUT5=2 LUT6=5)
  Clock Path Skew:        -0.012ns (DCD - SCD + CPR)
    Destination Clock Delay (DCD):    0.029ns = ( 10.029 - 10.000 ) 
    Source Clock Delay      (SCD):    0.041ns
    Clock Pessimism Removal (CPR):    0.000ns
  Clock Uncertainty:      0.185ns  ((TSJ^2 + TIJ^2)^1/2 + DJ) / 2 + PE + UU
    Total System Jitter     (TSJ):    0.071ns
    Total Input Jitter      (TIJ):    0.000ns
    Discrete Jitter          (DJ):    0.000ns
    Phase Error              (PE):    0.000ns
    User Uncertainty         (UU):    0.150ns

    Location             Delay type                Incr(ns)  Path(ns)    Netlist Resource(s)
  -------------------------------------------------------------------    -------------------
                         (clock clk rise edge)        0.000     0.000 r  
                                                      0.000     0.000 r  clk (IN)
                         net (fo=13470, unset)        0.041     0.041    clk
                         FDCE                                         r  state_reg[6]/C
  -------------------------------------------------------------------    -------------------
                         FDCE (Prop_FDCE_C_Q)         0.114     0.155 r  state_reg[6]/Q
                         net (fo=1476, unplaced)      0.300     0.455    u_mc/HAS_H_GEN.u_hrf/h_init_cnt[13]_i_3_0[1]
                         LUT2 (Prop_LUT2_I1_O)        0.058     0.513 f  u_mc/HAS_H_GEN.u_hrf/h_init_cnt[13]_i_6/O
                         net (fo=1, unplaced)         0.218     0.731    u_mc/HAS_H_GEN.u_hrf/h_init_cnt[13]_i_6_n_0
                         LUT6 (Prop_LUT6_I3_O)        0.058     0.789 f  u_mc/HAS_H_GEN.u_hrf/h_init_cnt[13]_i_3/O
                         net (fo=15, unplaced)        0.260     1.049    u_mc/PE_LANE[7].u_pe/m1_i_16__14_0
                         LUT5 (Prop_LUT5_I4_O)        0.058     1.107 r  u_mc/PE_LANE[7].u_pe/m1_i_17/O
                         net (fo=128, unplaced)       0.309     1.416    u_mc/PE_LANE[0].u_pe/DSP_A_B_DATA_INST_0
                         LUT4 (Prop_LUT4_I1_O)        0.058     1.474 f  u_mc/PE_LANE[0].u_pe/m1_i_16__14/O
                         net (fo=1, unplaced)         0.252     1.726    u_mc/PE_LANE[0].u_pe/m1/B[0]
                         DSP_A_B_DATA (Prop_DSP_A_B_DATA_B[0]_B2_DATA[0])
                                                      0.216     1.942 r  u_mc/PE_LANE[0].u_pe/m1/DSP_A_B_DATA_INST/B2_DATA[0]
                         net (fo=1, unplaced)         0.000     1.942    u_mc/PE_LANE[0].u_pe/m1/DSP_A_B_DATA.B2_DATA<0>
                         DSP_PREADD_DATA (Prop_DSP_PREADD_DATA_B2_DATA[0]_B2B1[0])
                                                      0.097     2.039 r  u_mc/PE_LANE[0].u_pe/m1/DSP_PREADD_DATA_INST/B2B1[0]
                         net (fo=1, unplaced)         0.000     2.039    u_mc/PE_LANE[0].u_pe/m1/DSP_PREADD_DATA.B2B1<0>
                         DSP_MULTIPLIER (Prop_DSP_MULTIPLIER_B2B1[0]_V[0])
                                                      0.778     2.817 f  u_mc/PE_LANE[0].u_pe/m1/DSP_MULTIPLIER_INST/V[0]
                         net (fo=1, unplaced)         0.000     2.817    u_mc/PE_LANE[0].u_pe/m1/DSP_MULTIPLIER.V<0>
                         DSP_M_DATA (Prop_DSP_M_DATA_V[0]_V_DATA[0])
                                                      0.065     2.882 r  u_mc/PE_LANE[0].u_pe/m1/DSP_M_DATA_INST/V_DATA[0]
                         net (fo=1, unplaced)         0.000     2.882    u_mc/PE_LANE[0].u_pe/m1/DSP_M_DATA.V_DATA<0>
                         DSP_ALU (Prop_DSP_ALU_V_DATA[0]_ALU_OUT[0])
                                                      0.722     3.604 f  u_mc/PE_LANE[0].u_pe/m1/DSP_ALU_INST/ALU_OUT[0]
                         net (fo=1, unplaced)         0.000     3.604    u_mc/PE_LANE[0].u_pe/m1/DSP_ALU.ALU_OUT<0>
                         DSP_OUTPUT (Prop_DSP_OUTPUT_ALU_OUT[0]_P[0])
                                                      0.146     3.750 r  u_mc/PE_LANE[0].u_pe/m1/DSP_OUTPUT_INST/P[0]
                         net (fo=3, unplaced)         0.145     3.895    u_mc/PE_LANE[0].u_pe/m12_sum/C[0]
                         DSP_C_DATA (Prop_DSP_C_DATA_C[0]_C_DATA[0])
                                                      0.135     4.030 r  u_mc/PE_LANE[0].u_pe/m12_sum/DSP_C_DATA_INST/C_DATA[0]
                         net (fo=2, unplaced)         0.000     4.030    u_mc/PE_LANE[0].u_pe/m12_sum/DSP_C_DATA.C_DATA<0>
                         DSP_ALU (Prop_DSP_ALU_C_DATA[0]_ALU_OUT[0])
                                                      0.786     4.816 f  u_mc/PE_LANE[0].u_pe/m12_sum/DSP_ALU_INST/ALU_OUT[0]
                         net (fo=1, unplaced)         0.000     4.816    u_mc/PE_LANE[0].u_pe/m12_sum/DSP_ALU.ALU_OUT<0>
                         DSP_OUTPUT (Prop_DSP_OUTPUT_ALU_OUT[0]_P[0])
                                                      0.146     4.962 r  u_mc/PE_LANE[0].u_pe/m12_sum/DSP_OUTPUT_INST/P[0]
                         net (fo=2, unplaced)         0.230     5.192    u_mc/PE_LANE[0].u_pe/m12_sum__0[0]
                         LUT6 (Prop_LUT6_I2_O)        0.152     5.344 r  u_mc/PE_LANE[0].u_pe/acc_raw[7]_i_28/O
                         net (fo=1, unplaced)         0.022     5.366    u_mc/PE_LANE[0].u_pe/acc_raw[7]_i_28_n_0
                         CARRY8 (Prop_CARRY8_S[0]_CO[7])
                                                      0.286     5.652 r  u_mc/PE_LANE[0].u_pe/acc_raw_reg[7]_i_4__14/CO[7]
                         net (fo=1, unplaced)         0.006     5.658    u_mc/PE_LANE[0].u_pe/acc_raw_reg[7]_i_4__14_n_0
                         CARRY8 (Prop_CARRY8_CI_CO[7])
                                                      0.073     5.731 r  u_mc/PE_LANE[0].u_pe/acc_raw_reg[15]_i_3__14/CO[7]
                         net (fo=1, unplaced)         0.006     5.737    u_mc/PE_LANE[0].u_pe/acc_raw_reg[15]_i_3__14_n_0
                         CARRY8 (Prop_CARRY8_CI_CO[7])
                                                      0.073     5.810 r  u_mc/PE_LANE[0].u_pe/acc_raw_reg[29]_i_4/CO[7]
                         net (fo=1, unplaced)         0.006     5.816    u_mc/PE_LANE[0].u_pe/acc_raw_reg[29]_i_4_n_0
                         CARRY8 (Prop_CARRY8_CI_O[4])
                                                      0.119     5.935 r  u_mc/PE_LANE[0].u_pe/acc_raw_reg[29]_i_3/O[4]
                         net (fo=3, unplaced)         0.204     6.139    u_mc/PE_LANE[0].u_pe/mac_acc[28]
                         LUT6 (Prop_LUT6_I1_O)        0.058     6.197 f  u_mc/PE_LANE[0].u_pe/out_val[15]_i_83__14/O
                         net (fo=2, unplaced)         0.148     6.345    u_mc/PE_LANE[0].u_pe/out_val[15]_i_83__14_n_0
                         LUT5 (Prop_LUT5_I4_O)        0.142     6.487 r  u_mc/PE_LANE[0].u_pe/out_val[15]_i_32__14/O
                         net (fo=1, unplaced)         0.238     6.725    u_mc/PE_LANE[0].u_pe/out_val[15]_i_32__14_n_0
                         CARRY8 (Prop_CARRY8_DI[1]_CO[7])
                                                      0.179     6.904 r  u_mc/PE_LANE[0].u_pe/out_val_reg[15]_i_8__14/CO[7]
                         net (fo=1, unplaced)         0.006     6.910    u_mc/PE_LANE[0].u_pe/out_val_reg[15]_i_8__14_n_0
                         CARRY8 (Prop_CARRY8_CI_CO[4])
                                                      0.128     7.038 r  u_mc/PE_LANE[0].u_pe/out_val_reg[15]_i_3/CO[4]
                         net (fo=2, unplaced)         0.198     7.236    u_mc/PE_LANE[0].u_pe/sat1615_in
                         LUT6 (Prop_LUT6_I5_O)        0.058     7.294 r  u_mc/PE_LANE[0].u_pe/out_val[14]_i_4__14/O
                         net (fo=15, unplaced)        0.260     7.554    u_mc/PE_LANE[0].u_pe/out_val[14]_i_4__14_n_0
                         LUT6 (Prop_LUT6_I3_O)        0.058     7.612 r  u_mc/PE_LANE[0].u_pe/out_val[1]_i_1__14/O
                         net (fo=1, unplaced)         0.067     7.679    u_mc/PE_LANE[0].u_pe/out_val[1]_i_1__14_n_0
                         FDCE                                         r  u_mc/PE_LANE[0].u_pe/out_val_reg[1]/D
  -------------------------------------------------------------------    -------------------

                         (clock clk rise edge)       10.000    10.000 r  
                                                      0.000    10.000 r  clk (IN)
                         net (fo=13470, unset)        0.029    10.029    u_mc/PE_LANE[0].u_pe/clk
                         FDCE                                         r  u_mc/PE_LANE[0].u_pe/out_val_reg[1]/C
                         clock pessimism              0.000    10.029    
                         clock uncertainty           -0.185     9.844    
                         FDCE (Setup_FDCE_C_D)        0.044     9.888    u_mc/PE_LANE[0].u_pe/out_val_reg[1]
  -------------------------------------------------------------------
                         required time                          9.888    
                         arrival time                          -7.679    
  -------------------------------------------------------------------
                         slack                                  2.209    

Slack (MET) :             2.209ns  (required time - arrival time)
  Source:                 state_reg[6]/C
                            (rising edge-triggered cell FDCE clocked by clk  {rise@0.000ns fall@5.000ns period=10.000ns})
  Destination:            u_mc/PE_LANE[0].u_pe/out_val_reg[2]/D
                            (rising edge-triggered cell FDCE clocked by clk  {rise@0.000ns fall@5.000ns period=10.000ns})
  Path Group:             clk
  Path Type:              Setup (Max at Slow Process Corner)
  Requirement:            10.000ns  (clk rise@10.000ns - clk rise@0.000ns)
  Data Path Delay:        7.638ns  (logic 4.763ns (62.359%)  route 2.875ns (37.641%))
  Logic Levels:           24  (CARRY8=6 DSP_A_B_DATA=1 DSP_ALU=2 DSP_C_DATA=1 DSP_M_DATA=1 DSP_MULTIPLIER=1 DSP_OUTPUT=2 DSP_PREADD_DATA=1 LUT2=1 LUT4=1 LUT5=2 LUT6=5)
  Clock Path Skew:        -0.012ns (DCD - SCD + CPR)
    Destination Clock Delay (DCD):    0.029ns = ( 10.029 - 10.000 ) 
    Source Clock Delay      (SCD):    0.041ns
    Clock Pessimism Removal (CPR):    0.000ns
  Clock Uncertainty:      0.185ns  ((TSJ^2 + TIJ^2)^1/2 + DJ) / 2 + PE + UU
    Total System Jitter     (TSJ):    0.071ns
    Total Input Jitter      (TIJ):    0.000ns
    Discrete Jitter          (DJ):    0.000ns
    Phase Error              (PE):    0.000ns
    User Uncertainty         (UU):    0.150ns

    Location             Delay type                Incr(ns)  Path(ns)    Netlist Resource(s)
  -------------------------------------------------------------------    -------------------
                         (clock clk rise edge)        0.000     0.000 r  
                                                      0.000     0.000 r  clk (IN)
                         net (fo=13470, unset)        0.041     0.041    clk
                         FDCE                                         r  state_reg[6]/C
  -------------------------------------------------------------------    -------------------
                         FDCE (Prop_FDCE_C_Q)         0.114     0.155 r  state_reg[6]/Q
                         net (fo=1476, unplaced)      0.300     0.455    u_mc/HAS_H_GEN.u_hrf/h_init_cnt[13]_i_3_0[1]
                         LUT2 (Prop_LUT2_I1_O)        0.058     0.513 f  u_mc/HAS_H_GEN.u_hrf/h_init_cnt[13]_i_6/O
                         net (fo=1, unplaced)         0.218     0.731    u_mc/HAS_H_GEN.u_hrf/h_init_cnt[13]_i_6_n_0
                         LUT6 (Prop_LUT6_I3_O)        0.058     0.789 f  u_mc/HAS_H_GEN.u_hrf/h_init_cnt[13]_i_3/O
                         net (fo=15, unplaced)        0.260     1.049    u_mc/PE_LANE[7].u_pe/m1_i_16__14_0
                         LUT5 (Prop_LUT5_I4_O)        0.058     1.107 r  u_mc/PE_LANE[7].u_pe/m1_i_17/O
                         net (fo=128, unplaced)       0.309     1.416    u_mc/PE_LANE[0].u_pe/DSP_A_B_DATA_INST_0
                         LUT4 (Prop_LUT4_I1_O)        0.058     1.474 f  u_mc/PE_LANE[0].u_pe/m1_i_16__14/O
                         net (fo=1, unplaced)         0.252     1.726    u_mc/PE_LANE[0].u_pe/m1/B[0]
                         DSP_A_B_DATA (Prop_DSP_A_B_DATA_B[0]_B2_DATA[0])
                                                      0.216     1.942 r  u_mc/PE_LANE[0].u_pe/m1/DSP_A_B_DATA_INST/B2_DATA[0]
                         net (fo=1, unplaced)         0.000     1.942    u_mc/PE_LANE[0].u_pe/m1/DSP_A_B_DATA.B2_DATA<0>
                         DSP_PREADD_DATA (Prop_DSP_PREADD_DATA_B2_DATA[0]_B2B1[0])
                                                      0.097     2.039 r  u_mc/PE_LANE[0].u_pe/m1/DSP_PREADD_DATA_INST/B2B1[0]
                         net (fo=1, unplaced)         0.000     2.039    u_mc/PE_LANE[0].u_pe/m1/DSP_PREADD_DATA.B2B1<0>
                         DSP_MULTIPLIER (Prop_DSP_MULTIPLIER_B2B1[0]_V[0])
                                                      0.778     2.817 f  u_mc/PE_LANE[0].u_pe/m1/DSP_MULTIPLIER_INST/V[0]
                         net (fo=1, unplaced)         0.000     2.817    u_mc/PE_LANE[0].u_pe/m1/DSP_MULTIPLIER.V<0>
                         DSP_M_DATA (Prop_DSP_M_DATA_V[0]_V_DATA[0])
                                                      0.065     2.882 r  u_mc/PE_LANE[0].u_pe/m1/DSP_M_DATA_INST/V_DATA[0]
                         net (fo=1, unplaced)         0.000     2.882    u_mc/PE_LANE[0].u_pe/m1/DSP_M_DATA.V_DATA<0>
                         DSP_ALU (Prop_DSP_ALU_V_DATA[0]_ALU_OUT[0])
                                                      0.722     3.604 f  u_mc/PE_LANE[0].u_pe/m1/DSP_ALU_INST/ALU_OUT[0]
                         net (fo=1, unplaced)         0.000     3.604    u_mc/PE_LANE[0].u_pe/m1/DSP_ALU.ALU_OUT<0>
                         DSP_OUTPUT (Prop_DSP_OUTPUT_ALU_OUT[0]_P[0])
                                                      0.146     3.750 r  u_mc/PE_LANE[0].u_pe/m1/DSP_OUTPUT_INST/P[0]
                         net (fo=3, unplaced)         0.145     3.895    u_mc/PE_LANE[0].u_pe/m12_sum/C[0]
                         DSP_C_DATA (Prop_DSP_C_DATA_C[0]_C_DATA[0])
                                                      0.135     4.030 r  u_mc/PE_LANE[0].u_pe/m12_sum/DSP_C_DATA_INST/C_DATA[0]
                         net (fo=2, unplaced)         0.000     4.030    u_mc/PE_LANE[0].u_pe/m12_sum/DSP_C_DATA.C_DATA<0>
                         DSP_ALU (Prop_DSP_ALU_C_DATA[0]_ALU_OUT[0])
                                                      0.786     4.816 f  u_mc/PE_LANE[0].u_pe/m12_sum/DSP_ALU_INST/ALU_OUT[0]
                         net (fo=1, unplaced)         0.000     4.816    u_mc/PE_LANE[0].u_pe/m12_sum/DSP_ALU.ALU_OUT<0>
                         DSP_OUTPUT (Prop_DSP_OUTPUT_ALU_OUT[0]_P[0])
                                                      0.146     4.962 r  u_mc/PE_LANE[0].u_pe/m12_sum/DSP_OUTPUT_INST/P[0]
                         net (fo=2, unplaced)         0.230     5.192    u_mc/PE_LANE[0].u_pe/m12_sum__0[0]
                         LUT6 (Prop_LUT6_I2_O)        0.152     5.344 r  u_mc/PE_LANE[0].u_pe/acc_raw[7]_i_28/O
                         net (fo=1, unplaced)         0.022     5.366    u_mc/PE_LANE[0].u_pe/acc_raw[7]_i_28_n_0
                         CARRY8 (Prop_CARRY8_S[0]_CO[7])
                                                      0.286     5.652 r  u_mc/PE_LANE[0].u_pe/acc_raw_reg[7]_i_4__14/CO[7]
                         net (fo=1, unplaced)         0.006     5.658    u_mc/PE_LANE[0].u_pe/acc_raw_reg[7]_i_4__14_n_0
                         CARRY8 (Prop_CARRY8_CI_CO[7])
                                                      0.073     5.731 r  u_mc/PE_LANE[0].u_pe/acc_raw_reg[15]_i_3__14/CO[7]
                         net (fo=1, unplaced)         0.006     5.737    u_mc/PE_LANE[0].u_pe/acc_raw_reg[15]_i_3__14_n_0
                         CARRY8 (Prop_CARRY8_CI_CO[7])
                                                      0.073     5.810 r  u_mc/PE_LANE[0].u_pe/acc_raw_reg[29]_i_4/CO[7]
                         net (fo=1, unplaced)         0.006     5.816    u_mc/PE_LANE[0].u_pe/acc_raw_reg[29]_i_4_n_0
                         CARRY8 (Prop_CARRY8_CI_O[4])
                                                      0.119     5.935 r  u_mc/PE_LANE[0].u_pe/acc_raw_reg[29]_i_3/O[4]
                         net (fo=3, unplaced)         0.204     6.139    u_mc/PE_LANE[0].u_pe/mac_acc[28]
                         LUT6 (Prop_LUT6_I1_O)        0.058     6.197 f  u_mc/PE_LANE[0].u_pe/out_val[15]_i_83__14/O
                         net (fo=2, unplaced)         0.148     6.345    u_mc/PE_LANE[0].u_pe/out_val[15]_i_83__14_n_0
                         LUT5 (Prop_LUT5_I4_O)        0.142     6.487 r  u_mc/PE_LANE[0].u_pe/out_val[15]_i_32__14/O
                         net (fo=1, unplaced)         0.238     6.725    u_mc/PE_LANE[0].u_pe/out_val[15]_i_32__14_n_0
                         CARRY8 (Prop_CARRY8_DI[1]_CO[7])
                                                      0.179     6.904 r  u_mc/PE_LANE[0].u_pe/out_val_reg[15]_i_8__14/CO[7]
                         net (fo=1, unplaced)         0.006     6.910    u_mc/PE_LANE[0].u_pe/out_val_reg[15]_i_8__14_n_0
                         CARRY8 (Prop_CARRY8_CI_CO[4])
                                                      0.128     7.038 r  u_mc/PE_LANE[0].u_pe/out_val_reg[15]_i_3/CO[4]
                         net (fo=2, unplaced)         0.198     7.236    u_mc/PE_LANE[0].u_pe/sat1615_in
                         LUT6 (Prop_LUT6_I5_O)        0.058     7.294 r  u_mc/PE_LANE[0].u_pe/out_val[14]_i_4__14/O
                         net (fo=15, unplaced)        0.260     7.554    u_mc/PE_LANE[0].u_pe/out_val[14]_i_4__14_n_0
                         LUT6 (Prop_LUT6_I3_O)        0.058     7.612 r  u_mc/PE_LANE[0].u_pe/out_val[2]_i_1__14/O
                         net (fo=1, unplaced)         0.067     7.679    u_mc/PE_LANE[0].u_pe/out_val[2]_i_1__14_n_0
                         FDCE                                         r  u_mc/PE_LANE[0].u_pe/out_val_reg[2]/D
  -------------------------------------------------------------------    -------------------

                         (clock clk rise edge)       10.000    10.000 r  
                                                      0.000    10.000 r  clk (IN)
                         net (fo=13470, unset)        0.029    10.029    u_mc/PE_LANE[0].u_pe/clk
                         FDCE                                         r  u_mc/PE_LANE[0].u_pe/out_val_reg[2]/C
                         clock pessimism              0.000    10.029    
                         clock uncertainty           -0.185     9.844    
                         FDCE (Setup_FDCE_C_D)        0.044     9.888    u_mc/PE_LANE[0].u_pe/out_val_reg[2]
  -------------------------------------------------------------------
                         required time                          9.888    
                         arrival time                          -7.679    
  -------------------------------------------------------------------
                         slack                                  2.209    

Slack (MET) :             2.209ns  (required time - arrival time)
  Source:                 state_reg[6]/C
                            (rising edge-triggered cell FDCE clocked by clk  {rise@0.000ns fall@5.000ns period=10.000ns})
  Destination:            u_mc/PE_LANE[0].u_pe/out_val_reg[3]/D
                            (rising edge-triggered cell FDCE clocked by clk  {rise@0.000ns fall@5.000ns period=10.000ns})
  Path Group:             clk
  Path Type:              Setup (Max at Slow Process Corner)
  Requirement:            10.000ns  (clk rise@10.000ns - clk rise@0.000ns)
  Data Path Delay:        7.638ns  (logic 4.763ns (62.359%)  route 2.875ns (37.641%))
  Logic Levels:           24  (CARRY8=6 DSP_A_B_DATA=1 DSP_ALU=2 DSP_C_DATA=1 DSP_M_DATA=1 DSP_MULTIPLIER=1 DSP_OUTPUT=2 DSP_PREADD_DATA=1 LUT2=1 LUT4=1 LUT5=2 LUT6=5)
  Clock Path Skew:        -0.012ns (DCD - SCD + CPR)
    Destination Clock Delay (DCD):    0.029ns = ( 10.029 - 10.000 ) 
    Source Clock Delay      (SCD):    0.041ns
    Clock Pessimism Removal (CPR):    0.000ns
  Clock Uncertainty:      0.185ns  ((TSJ^2 + TIJ^2)^1/2 + DJ) / 2 + PE + UU
    Total System Jitter     (TSJ):    0.071ns
    Total Input Jitter      (TIJ):    0.000ns
    Discrete Jitter          (DJ):    0.000ns
    Phase Error              (PE):    0.000ns
    User Uncertainty         (UU):    0.150ns

    Location             Delay type                Incr(ns)  Path(ns)    Netlist Resource(s)
  -------------------------------------------------------------------    -------------------
                         (clock clk rise edge)        0.000     0.000 r  
                                                      0.000     0.000 r  clk (IN)
                         net (fo=13470, unset)        0.041     0.041    clk
                         FDCE                                         r  state_reg[6]/C
  -------------------------------------------------------------------    -------------------
                         FDCE (Prop_FDCE_C_Q)         0.114     0.155 r  state_reg[6]/Q
                         net (fo=1476, unplaced)      0.300     0.455    u_mc/HAS_H_GEN.u_hrf/h_init_cnt[13]_i_3_0[1]
                         LUT2 (Prop_LUT2_I1_O)        0.058     0.513 f  u_mc/HAS_H_GEN.u_hrf/h_init_cnt[13]_i_6/O
                         net (fo=1, unplaced)         0.218     0.731    u_mc/HAS_H_GEN.u_hrf/h_init_cnt[13]_i_6_n_0
                         LUT6 (Prop_LUT6_I3_O)        0.058     0.789 f  u_mc/HAS_H_GEN.u_hrf/h_init_cnt[13]_i_3/O
                         net (fo=15, unplaced)        0.260     1.049    u_mc/PE_LANE[7].u_pe/m1_i_16__14_0
                         LUT5 (Prop_LUT5_I4_O)        0.058     1.107 r  u_mc/PE_LANE[7].u_pe/m1_i_17/O
                         net (fo=128, unplaced)       0.309     1.416    u_mc/PE_LANE[0].u_pe/DSP_A_B_DATA_INST_0
                         LUT4 (Prop_LUT4_I1_O)        0.058     1.474 f  u_mc/PE_LANE[0].u_pe/m1_i_16__14/O
                         net (fo=1, unplaced)         0.252     1.726    u_mc/PE_LANE[0].u_pe/m1/B[0]
                         DSP_A_B_DATA (Prop_DSP_A_B_DATA_B[0]_B2_DATA[0])
                                                      0.216     1.942 r  u_mc/PE_LANE[0].u_pe/m1/DSP_A_B_DATA_INST/B2_DATA[0]
                         net (fo=1, unplaced)         0.000     1.942    u_mc/PE_LANE[0].u_pe/m1/DSP_A_B_DATA.B2_DATA<0>
                         DSP_PREADD_DATA (Prop_DSP_PREADD_DATA_B2_DATA[0]_B2B1[0])
                                                      0.097     2.039 r  u_mc/PE_LANE[0].u_pe/m1/DSP_PREADD_DATA_INST/B2B1[0]
                         net (fo=1, unplaced)         0.000     2.039    u_mc/PE_LANE[0].u_pe/m1/DSP_PREADD_DATA.B2B1<0>
                         DSP_MULTIPLIER (Prop_DSP_MULTIPLIER_B2B1[0]_V[0])
                                                      0.778     2.817 f  u_mc/PE_LANE[0].u_pe/m1/DSP_MULTIPLIER_INST/V[0]
                         net (fo=1, unplaced)         0.000     2.817    u_mc/PE_LANE[0].u_pe/m1/DSP_MULTIPLIER.V<0>
                         DSP_M_DATA (Prop_DSP_M_DATA_V[0]_V_DATA[0])
                                                      0.065     2.882 r  u_mc/PE_LANE[0].u_pe/m1/DSP_M_DATA_INST/V_DATA[0]
                         net (fo=1, unplaced)         0.000     2.882    u_mc/PE_LANE[0].u_pe/m1/DSP_M_DATA.V_DATA<0>
                         DSP_ALU (Prop_DSP_ALU_V_DATA[0]_ALU_OUT[0])
                                                      0.722     3.604 f  u_mc/PE_LANE[0].u_pe/m1/DSP_ALU_INST/ALU_OUT[0]
                         net (fo=1, unplaced)         0.000     3.604    u_mc/PE_LANE[0].u_pe/m1/DSP_ALU.ALU_OUT<0>
                         DSP_OUTPUT (Prop_DSP_OUTPUT_ALU_OUT[0]_P[0])
                                                      0.146     3.750 r  u_mc/PE_LANE[0].u_pe/m1/DSP_OUTPUT_INST/P[0]
                         net (fo=3, unplaced)         0.145     3.895    u_mc/PE_LANE[0].u_pe/m12_sum/C[0]
                         DSP_C_DATA (Prop_DSP_C_DATA_C[0]_C_DATA[0])
                                                      0.135     4.030 r  u_mc/PE_LANE[0].u_pe/m12_sum/DSP_C_DATA_INST/C_DATA[0]
                         net (fo=2, unplaced)         0.000     4.030    u_mc/PE_LANE[0].u_pe/m12_sum/DSP_C_DATA.C_DATA<0>
                         DSP_ALU (Prop_DSP_ALU_C_DATA[0]_ALU_OUT[0])
                                                      0.786     4.816 f  u_mc/PE_LANE[0].u_pe/m12_sum/DSP_ALU_INST/ALU_OUT[0]
                         net (fo=1, unplaced)         0.000     4.816    u_mc/PE_LANE[0].u_pe/m12_sum/DSP_ALU.ALU_OUT<0>
                         DSP_OUTPUT (Prop_DSP_OUTPUT_ALU_OUT[0]_P[0])
                                                      0.146     4.962 r  u_mc/PE_LANE[0].u_pe/m12_sum/DSP_OUTPUT_INST/P[0]
                         net (fo=2, unplaced)         0.230     5.192    u_mc/PE_LANE[0].u_pe/m12_sum__0[0]
                         LUT6 (Prop_LUT6_I2_O)        0.152     5.344 r  u_mc/PE_LANE[0].u_pe/acc_raw[7]_i_28/O
                         net (fo=1, unplaced)         0.022     5.366    u_mc/PE_LANE[0].u_pe/acc_raw[7]_i_28_n_0
                         CARRY8 (Prop_CARRY8_S[0]_CO[7])
                                                      0.286     5.652 r  u_mc/PE_LANE[0].u_pe/acc_raw_reg[7]_i_4__14/CO[7]
                         net (fo=1, unplaced)         0.006     5.658    u_mc/PE_LANE[0].u_pe/acc_raw_reg[7]_i_4__14_n_0
                         CARRY8 (Prop_CARRY8_CI_CO[7])
                                                      0.073     5.731 r  u_mc/PE_LANE[0].u_pe/acc_raw_reg[15]_i_3__14/CO[7]
                         net (fo=1, unplaced)         0.006     5.737    u_mc/PE_LANE[0].u_pe/acc_raw_reg[15]_i_3__14_n_0
                         CARRY8 (Prop_CARRY8_CI_CO[7])
                                                      0.073     5.810 r  u_mc/PE_LANE[0].u_pe/acc_raw_reg[29]_i_4/CO[7]
                         net (fo=1, unplaced)         0.006     5.816    u_mc/PE_LANE[0].u_pe/acc_raw_reg[29]_i_4_n_0
                         CARRY8 (Prop_CARRY8_CI_O[4])
                                                      0.119     5.935 r  u_mc/PE_LANE[0].u_pe/acc_raw_reg[29]_i_3/O[4]
                         net (fo=3, unplaced)         0.204     6.139    u_mc/PE_LANE[0].u_pe/mac_acc[28]
                         LUT6 (Prop_LUT6_I1_O)        0.058     6.197 f  u_mc/PE_LANE[0].u_pe/out_val[15]_i_83__14/O
                         net (fo=2, unplaced)         0.148     6.345    u_mc/PE_LANE[0].u_pe/out_val[15]_i_83__14_n_0
                         LUT5 (Prop_LUT5_I4_O)        0.142     6.487 r  u_mc/PE_LANE[0].u_pe/out_val[15]_i_32__14/O
                         net (fo=1, unplaced)         0.238     6.725    u_mc/PE_LANE[0].u_pe/out_val[15]_i_32__14_n_0
                         CARRY8 (Prop_CARRY8_DI[1]_CO[7])
                                                      0.179     6.904 r  u_mc/PE_LANE[0].u_pe/out_val_reg[15]_i_8__14/CO[7]
                         net (fo=1, unplaced)         0.006     6.910    u_mc/PE_LANE[0].u_pe/out_val_reg[15]_i_8__14_n_0
                         CARRY8 (Prop_CARRY8_CI_CO[4])
                                                      0.128     7.038 r  u_mc/PE_LANE[0].u_pe/out_val_reg[15]_i_3/CO[4]
                         net (fo=2, unplaced)         0.198     7.236    u_mc/PE_LANE[0].u_pe/sat1615_in
                         LUT6 (Prop_LUT6_I5_O)        0.058     7.294 r  u_mc/PE_LANE[0].u_pe/out_val[14]_i_4__14/O
                         net (fo=15, unplaced)        0.260     7.554    u_mc/PE_LANE[0].u_pe/out_val[14]_i_4__14_n_0
                         LUT6 (Prop_LUT6_I3_O)        0.058     7.612 r  u_mc/PE_LANE[0].u_pe/out_val[3]_i_1__14/O
                         net (fo=1, unplaced)         0.067     7.679    u_mc/PE_LANE[0].u_pe/out_val[3]_i_1__14_n_0
                         FDCE                                         r  u_mc/PE_LANE[0].u_pe/out_val_reg[3]/D
  -------------------------------------------------------------------    -------------------

                         (clock clk rise edge)       10.000    10.000 r  
                                                      0.000    10.000 r  clk (IN)
                         net (fo=13470, unset)        0.029    10.029    u_mc/PE_LANE[0].u_pe/clk
                         FDCE                                         r  u_mc/PE_LANE[0].u_pe/out_val_reg[3]/C
                         clock pessimism              0.000    10.029    
                         clock uncertainty           -0.185     9.844    
                         FDCE (Setup_FDCE_C_D)        0.044     9.888    u_mc/PE_LANE[0].u_pe/out_val_reg[3]
  -------------------------------------------------------------------
                         required time                          9.888    
                         arrival time                          -7.679    
  -------------------------------------------------------------------
                         slack                                  2.209    

Slack (MET) :             2.209ns  (required time - arrival time)
  Source:                 state_reg[6]/C
                            (rising edge-triggered cell FDCE clocked by clk  {rise@0.000ns fall@5.000ns period=10.000ns})
  Destination:            u_mc/PE_LANE[0].u_pe/out_val_reg[4]/D
                            (rising edge-triggered cell FDCE clocked by clk  {rise@0.000ns fall@5.000ns period=10.000ns})
  Path Group:             clk
  Path Type:              Setup (Max at Slow Process Corner)
  Requirement:            10.000ns  (clk rise@10.000ns - clk rise@0.000ns)
  Data Path Delay:        7.638ns  (logic 4.763ns (62.359%)  route 2.875ns (37.641%))
  Logic Levels:           24  (CARRY8=6 DSP_A_B_DATA=1 DSP_ALU=2 DSP_C_DATA=1 DSP_M_DATA=1 DSP_MULTIPLIER=1 DSP_OUTPUT=2 DSP_PREADD_DATA=1 LUT2=1 LUT4=1 LUT5=2 LUT6=5)
  Clock Path Skew:        -0.012ns (DCD - SCD + CPR)
    Destination Clock Delay (DCD):    0.029ns = ( 10.029 - 10.000 ) 
    Source Clock Delay      (SCD):    0.041ns
    Clock Pessimism Removal (CPR):    0.000ns
  Clock Uncertainty:      0.185ns  ((TSJ^2 + TIJ^2)^1/2 + DJ) / 2 + PE + UU
    Total System Jitter     (TSJ):    0.071ns
    Total Input Jitter      (TIJ):    0.000ns
    Discrete Jitter          (DJ):    0.000ns
    Phase Error              (PE):    0.000ns
    User Uncertainty         (UU):    0.150ns

    Location             Delay type                Incr(ns)  Path(ns)    Netlist Resource(s)
  -------------------------------------------------------------------    -------------------
                         (clock clk rise edge)        0.000     0.000 r  
                                                      0.000     0.000 r  clk (IN)
                         net (fo=13470, unset)        0.041     0.041    clk
                         FDCE                                         r  state_reg[6]/C
  -------------------------------------------------------------------    -------------------
                         FDCE (Prop_FDCE_C_Q)         0.114     0.155 r  state_reg[6]/Q
                         net (fo=1476, unplaced)      0.300     0.455    u_mc/HAS_H_GEN.u_hrf/h_init_cnt[13]_i_3_0[1]
                         LUT2 (Prop_LUT2_I1_O)        0.058     0.513 f  u_mc/HAS_H_GEN.u_hrf/h_init_cnt[13]_i_6/O
                         net (fo=1, unplaced)         0.218     0.731    u_mc/HAS_H_GEN.u_hrf/h_init_cnt[13]_i_6_n_0
                         LUT6 (Prop_LUT6_I3_O)        0.058     0.789 f  u_mc/HAS_H_GEN.u_hrf/h_init_cnt[13]_i_3/O
                         net (fo=15, unplaced)        0.260     1.049    u_mc/PE_LANE[7].u_pe/m1_i_16__14_0
                         LUT5 (Prop_LUT5_I4_O)        0.058     1.107 r  u_mc/PE_LANE[7].u_pe/m1_i_17/O
                         net (fo=128, unplaced)       0.309     1.416    u_mc/PE_LANE[0].u_pe/DSP_A_B_DATA_INST_0
                         LUT4 (Prop_LUT4_I1_O)        0.058     1.474 f  u_mc/PE_LANE[0].u_pe/m1_i_16__14/O
                         net (fo=1, unplaced)         0.252     1.726    u_mc/PE_LANE[0].u_pe/m1/B[0]
                         DSP_A_B_DATA (Prop_DSP_A_B_DATA_B[0]_B2_DATA[0])
                                                      0.216     1.942 r  u_mc/PE_LANE[0].u_pe/m1/DSP_A_B_DATA_INST/B2_DATA[0]
                         net (fo=1, unplaced)         0.000     1.942    u_mc/PE_LANE[0].u_pe/m1/DSP_A_B_DATA.B2_DATA<0>
                         DSP_PREADD_DATA (Prop_DSP_PREADD_DATA_B2_DATA[0]_B2B1[0])
                                                      0.097     2.039 r  u_mc/PE_LANE[0].u_pe/m1/DSP_PREADD_DATA_INST/B2B1[0]
                         net (fo=1, unplaced)         0.000     2.039    u_mc/PE_LANE[0].u_pe/m1/DSP_PREADD_DATA.B2B1<0>
                         DSP_MULTIPLIER (Prop_DSP_MULTIPLIER_B2B1[0]_V[0])
                                                      0.778     2.817 f  u_mc/PE_LANE[0].u_pe/m1/DSP_MULTIPLIER_INST/V[0]
                         net (fo=1, unplaced)         0.000     2.817    u_mc/PE_LANE[0].u_pe/m1/DSP_MULTIPLIER.V<0>
                         DSP_M_DATA (Prop_DSP_M_DATA_V[0]_V_DATA[0])
                                                      0.065     2.882 r  u_mc/PE_LANE[0].u_pe/m1/DSP_M_DATA_INST/V_DATA[0]
                         net (fo=1, unplaced)         0.000     2.882    u_mc/PE_LANE[0].u_pe/m1/DSP_M_DATA.V_DATA<0>
                         DSP_ALU (Prop_DSP_ALU_V_DATA[0]_ALU_OUT[0])
                                                      0.722     3.604 f  u_mc/PE_LANE[0].u_pe/m1/DSP_ALU_INST/ALU_OUT[0]
                         net (fo=1, unplaced)         0.000     3.604    u_mc/PE_LANE[0].u_pe/m1/DSP_ALU.ALU_OUT<0>
                         DSP_OUTPUT (Prop_DSP_OUTPUT_ALU_OUT[0]_P[0])
                                                      0.146     3.750 r  u_mc/PE_LANE[0].u_pe/m1/DSP_OUTPUT_INST/P[0]
                         net (fo=3, unplaced)         0.145     3.895    u_mc/PE_LANE[0].u_pe/m12_sum/C[0]
                         DSP_C_DATA (Prop_DSP_C_DATA_C[0]_C_DATA[0])
                                                      0.135     4.030 r  u_mc/PE_LANE[0].u_pe/m12_sum/DSP_C_DATA_INST/C_DATA[0]
                         net (fo=2, unplaced)         0.000     4.030    u_mc/PE_LANE[0].u_pe/m12_sum/DSP_C_DATA.C_DATA<0>
                         DSP_ALU (Prop_DSP_ALU_C_DATA[0]_ALU_OUT[0])
                                                      0.786     4.816 f  u_mc/PE_LANE[0].u_pe/m12_sum/DSP_ALU_INST/ALU_OUT[0]
                         net (fo=1, unplaced)         0.000     4.816    u_mc/PE_LANE[0].u_pe/m12_sum/DSP_ALU.ALU_OUT<0>
                         DSP_OUTPUT (Prop_DSP_OUTPUT_ALU_OUT[0]_P[0])
                                                      0.146     4.962 r  u_mc/PE_LANE[0].u_pe/m12_sum/DSP_OUTPUT_INST/P[0]
                         net (fo=2, unplaced)         0.230     5.192    u_mc/PE_LANE[0].u_pe/m12_sum__0[0]
                         LUT6 (Prop_LUT6_I2_O)        0.152     5.344 r  u_mc/PE_LANE[0].u_pe/acc_raw[7]_i_28/O
                         net (fo=1, unplaced)         0.022     5.366    u_mc/PE_LANE[0].u_pe/acc_raw[7]_i_28_n_0
                         CARRY8 (Prop_CARRY8_S[0]_CO[7])
                                                      0.286     5.652 r  u_mc/PE_LANE[0].u_pe/acc_raw_reg[7]_i_4__14/CO[7]
                         net (fo=1, unplaced)         0.006     5.658    u_mc/PE_LANE[0].u_pe/acc_raw_reg[7]_i_4__14_n_0
                         CARRY8 (Prop_CARRY8_CI_CO[7])
                                                      0.073     5.731 r  u_mc/PE_LANE[0].u_pe/acc_raw_reg[15]_i_3__14/CO[7]
                         net (fo=1, unplaced)         0.006     5.737    u_mc/PE_LANE[0].u_pe/acc_raw_reg[15]_i_3__14_n_0
                         CARRY8 (Prop_CARRY8_CI_CO[7])
                                                      0.073     5.810 r  u_mc/PE_LANE[0].u_pe/acc_raw_reg[29]_i_4/CO[7]
                         net (fo=1, unplaced)         0.006     5.816    u_mc/PE_LANE[0].u_pe/acc_raw_reg[29]_i_4_n_0
                         CARRY8 (Prop_CARRY8_CI_O[4])
                                                      0.119     5.935 r  u_mc/PE_LANE[0].u_pe/acc_raw_reg[29]_i_3/O[4]
                         net (fo=3, unplaced)         0.204     6.139    u_mc/PE_LANE[0].u_pe/mac_acc[28]
                         LUT6 (Prop_LUT6_I1_O)        0.058     6.197 f  u_mc/PE_LANE[0].u_pe/out_val[15]_i_83__14/O
                         net (fo=2, unplaced)         0.148     6.345    u_mc/PE_LANE[0].u_pe/out_val[15]_i_83__14_n_0
                         LUT5 (Prop_LUT5_I4_O)        0.142     6.487 r  u_mc/PE_LANE[0].u_pe/out_val[15]_i_32__14/O
                         net (fo=1, unplaced)         0.238     6.725    u_mc/PE_LANE[0].u_pe/out_val[15]_i_32__14_n_0
                         CARRY8 (Prop_CARRY8_DI[1]_CO[7])
                                                      0.179     6.904 r  u_mc/PE_LANE[0].u_pe/out_val_reg[15]_i_8__14/CO[7]
                         net (fo=1, unplaced)         0.006     6.910    u_mc/PE_LANE[0].u_pe/out_val_reg[15]_i_8__14_n_0
                         CARRY8 (Prop_CARRY8_CI_CO[4])
                                                      0.128     7.038 r  u_mc/PE_LANE[0].u_pe/out_val_reg[15]_i_3/CO[4]
                         net (fo=2, unplaced)         0.198     7.236    u_mc/PE_LANE[0].u_pe/sat1615_in
                         LUT6 (Prop_LUT6_I5_O)        0.058     7.294 r  u_mc/PE_LANE[0].u_pe/out_val[14]_i_4__14/O
                         net (fo=15, unplaced)        0.260     7.554    u_mc/PE_LANE[0].u_pe/out_val[14]_i_4__14_n_0
                         LUT6 (Prop_LUT6_I3_O)        0.058     7.612 r  u_mc/PE_LANE[0].u_pe/out_val[4]_i_1__14/O
                         net (fo=1, unplaced)         0.067     7.679    u_mc/PE_LANE[0].u_pe/out_val[4]_i_1__14_n_0
                         FDCE                                         r  u_mc/PE_LANE[0].u_pe/out_val_reg[4]/D
  -------------------------------------------------------------------    -------------------

                         (clock clk rise edge)       10.000    10.000 r  
                                                      0.000    10.000 r  clk (IN)
                         net (fo=13470, unset)        0.029    10.029    u_mc/PE_LANE[0].u_pe/clk
                         FDCE                                         r  u_mc/PE_LANE[0].u_pe/out_val_reg[4]/C
                         clock pessimism              0.000    10.029    
                         clock uncertainty           -0.185     9.844    
                         FDCE (Setup_FDCE_C_D)        0.044     9.888    u_mc/PE_LANE[0].u_pe/out_val_reg[4]
  -------------------------------------------------------------------
                         required time                          9.888    
                         arrival time                          -7.679    
  -------------------------------------------------------------------
                         slack                                  2.209    




