Copyright 1986-2022 Xilinx, Inc. All Rights Reserved.
-----------------------------------------------------------------------------------------------------------------------------------------------------------------------------------------------------------------------------
| Tool Version      : Vivado v.2022.1 (win64) Build 3526262 Mon Apr 18 15:48:16 MDT 2022
| Date              : Sat Jul 25 13:10:35 2026
| Host              : letun running 64-bit major release  (build 9200)
| Command           : report_timing_summary -max_paths 10 -report_unconstrained -file Mamba_Top_timing_summary_routed.rpt -pb Mamba_Top_timing_summary_routed.pb -rpx Mamba_Top_timing_summary_routed.rpx -warn_on_violation
| Design            : Mamba_Top
| Device            : xck26-sfvc784
| Speed File        : -2LV  PRODUCTION 1.29 08-03-2020
| Temperature Grade : C
-----------------------------------------------------------------------------------------------------------------------------------------------------------------------------------------------------------------------------

Timing Summary Report

------------------------------------------------------------------------------------------------
| Timer Settings
| --------------
------------------------------------------------------------------------------------------------

  Enable Multi Corner Analysis               :  Yes
  Enable Pessimism Removal                   :  Yes
  Pessimism Removal Resolution               :  Nearest Common Node
  Enable Input Delay Default Clock           :  No
  Enable Preset / Clear Arcs                 :  No
  Disable Flight Delays                      :  No
  Ignore I/O Paths                           :  No
  Timing Early Launch at Borrowing Latches   :  No
  Borrow Time for Max Delay Exceptions       :  Yes
  Merge Timing Exceptions                    :  Yes

  Corner  Analyze    Analyze    
  Name    Max Paths  Min Paths  
  ------  ---------  ---------  
  Slow    Yes        Yes        
  Fast    Yes        Yes        


------------------------------------------------------------------------------------------------
| Report Methodology
| ------------------
------------------------------------------------------------------------------------------------

Rule      Severity  Description                                 Violations  
--------  --------  ------------------------------------------  ----------  
DPIR-2    Warning   Asynchronous driver check                   3562        
SYNTH-6   Warning   Timing of a RAM block might be sub-optimal  2           
SYNTH-13  Warning   combinational multiplier                    58          

Note: This report is based on the most recent report_methodology run and may not be up-to-date. Run report_methodology on the current design for the latest report.



check_timing report

Table of Contents
-----------------
1. checking no_clock (0)
2. checking constant_clock (0)
3. checking pulse_width_clock (0)
4. checking unconstrained_internal_endpoints (0)
5. checking no_input_delay (39)
6. checking no_output_delay (0)
7. checking multiple_clock (0)
8. checking generated_clocks (0)
9. checking loops (0)
10. checking partial_input_delay (0)
11. checking partial_output_delay (0)
12. checking latch_loops (0)

1. checking no_clock (0)
------------------------
 There are 0 register/latch pins with no clock.


2. checking constant_clock (0)
------------------------------
 There are 0 register/latch pins with constant_clock.


3. checking pulse_width_clock (0)
---------------------------------
 There are 0 register/latch pins which need pulse_width check


4. checking unconstrained_internal_endpoints (0)
------------------------------------------------
 There are 0 pins that are not constrained for maximum delay.

 There are 0 pins that are not constrained for maximum delay due to constant clock.


5. checking no_input_delay (39)
-------------------------------
 There are 0 input ports with no input delay specified.

 There are 39 input ports with no input delay but user has a false path constraint. (MEDIUM)


6. checking no_output_delay (0)
-------------------------------
 There are 0 ports with no output delay specified.

 There are 0 ports with no output delay but user has a false path constraint

 There are 0 ports with no output delay but with a timing clock defined on it or propagating through it


7. checking multiple_clock (0)
------------------------------
 There are 0 register/latch pins with multiple clocks.


8. checking generated_clocks (0)
--------------------------------
 There are 0 generated clocks that are not connected to a clock source.


9. checking loops (0)
---------------------
 There are 0 combinational loops in the design.


10. checking partial_input_delay (0)
------------------------------------
 There are 0 input ports with partial input delay specified.


11. checking partial_output_delay (0)
-------------------------------------
 There are 0 ports with partial output delay specified.


12. checking latch_loops (0)
----------------------------
 There are 0 combinational latch loops in the design through latch input



------------------------------------------------------------------------------------------------
| Design Timing Summary
| ---------------------
------------------------------------------------------------------------------------------------

    WNS(ns)      TNS(ns)  TNS Failing Endpoints  TNS Total Endpoints      WHS(ns)      THS(ns)  THS Failing Endpoints  THS Total Endpoints     WPWS(ns)     TPWS(ns)  TPWS Failing Endpoints  TPWS Total Endpoints  
    -------      -------  ---------------------  -------------------      -------      -------  ---------------------  -------------------     --------     --------  ----------------------  --------------------  
      0.044        0.000                      0                28121        0.038        0.000                      0                28121        4.200        0.000                       0                 10382  


All user specified timing constraints are met.


------------------------------------------------------------------------------------------------
| Clock Summary
| -------------
------------------------------------------------------------------------------------------------

Clock  Waveform(ns)       Period(ns)      Frequency(MHz)
-----  ------------       ----------      --------------
clk    {0.000 5.000}      10.000          100.000         


------------------------------------------------------------------------------------------------
| Intra Clock Table
| -----------------
------------------------------------------------------------------------------------------------

Clock             WNS(ns)      TNS(ns)  TNS Failing Endpoints  TNS Total Endpoints      WHS(ns)      THS(ns)  THS Failing Endpoints  THS Total Endpoints     WPWS(ns)     TPWS(ns)  TPWS Failing Endpoints  TPWS Total Endpoints  
-----             -------      -------  ---------------------  -------------------      -------      -------  ---------------------  -------------------     --------     --------  ----------------------  --------------------  
clk                 0.044        0.000                      0                28121        0.038        0.000                      0                28121        4.200        0.000                       0                 10382  


------------------------------------------------------------------------------------------------
| Inter Clock Table
| -----------------
------------------------------------------------------------------------------------------------

From Clock    To Clock          WNS(ns)      TNS(ns)  TNS Failing Endpoints  TNS Total Endpoints      WHS(ns)      THS(ns)  THS Failing Endpoints  THS Total Endpoints  
----------    --------          -------      -------  ---------------------  -------------------      -------      -------  ---------------------  -------------------  


------------------------------------------------------------------------------------------------
| Other Path Groups Table
| -----------------------
------------------------------------------------------------------------------------------------

Path Group    From Clock    To Clock          WNS(ns)      TNS(ns)  TNS Failing Endpoints  TNS Total Endpoints      WHS(ns)      THS(ns)  THS Failing Endpoints  THS Total Endpoints  
----------    ----------    --------          -------      -------  ---------------------  -------------------      -------      -------  ---------------------  -------------------  


------------------------------------------------------------------------------------------------
| User Ignored Path Table
| -----------------------
------------------------------------------------------------------------------------------------

Path Group    From Clock    To Clock    
----------    ----------    --------    
(none)                      clk           


------------------------------------------------------------------------------------------------
| Unconstrained Path Table
| ------------------------
------------------------------------------------------------------------------------------------

Path Group    From Clock    To Clock    
----------    ----------    --------    
(none)                      clk           


------------------------------------------------------------------------------------------------
| Timing Details
| --------------
------------------------------------------------------------------------------------------------


---------------------------------------------------------------------------------------------------
From Clock:  clk
  To Clock:  clk

Setup :            0  Failing Endpoints,  Worst Slack        0.044ns,  Total Violation        0.000ns
Hold  :            0  Failing Endpoints,  Worst Slack        0.038ns,  Total Violation        0.000ns
PW    :            0  Failing Endpoints,  Worst Slack        4.200ns,  Total Violation        0.000ns
---------------------------------------------------------------------------------------------------


Max Delay Paths
--------------------------------------------------------------------------------------
Slack (MET) :             0.044ns  (required time - arrival time)
  Source:                 state_reg[1]_rep__2/C
                            (rising edge-triggered cell FDCE clocked by clk  {rise@0.000ns fall@5.000ns period=10.000ns})
  Destination:            u_fifo_m6/mem_reg[1][160]/D
                            (rising edge-triggered cell FDRE clocked by clk  {rise@0.000ns fall@5.000ns period=10.000ns})
  Path Group:             clk
  Path Type:              Setup (Max at Slow Process Corner)
  Requirement:            10.000ns  (clk rise@10.000ns - clk rise@0.000ns)
  Data Path Delay:        9.803ns  (logic 5.079ns (51.812%)  route 4.724ns (48.188%))
  Logic Levels:           25  (CARRY8=7 DSP_A_B_DATA=1 DSP_ALU=2 DSP_C_DATA=1 DSP_M_DATA=1 DSP_MULTIPLIER=1 DSP_OUTPUT=2 DSP_PREADD_DATA=1 LUT2=1 LUT3=1 LUT4=1 LUT5=1 LUT6=5)
  Clock Path Skew:        -0.011ns (DCD - SCD + CPR)
    Destination Clock Delay (DCD):    0.031ns = ( 10.031 - 10.000 ) 
    Source Clock Delay      (SCD):    0.042ns
    Clock Pessimism Removal (CPR):    0.000ns
  Clock Uncertainty:      0.185ns  ((TSJ^2 + TIJ^2)^1/2 + DJ) / 2 + PE + UU
    Total System Jitter     (TSJ):    0.071ns
    Total Input Jitter      (TIJ):    0.000ns
    Discrete Jitter          (DJ):    0.000ns
    Phase Error              (PE):    0.000ns
    User Uncertainty         (UU):    0.150ns

    Location             Delay type                Incr(ns)  Path(ns)    Netlist Resource(s)
  -------------------------------------------------------------------    -------------------
                         (clock clk rise edge)        0.000     0.000 r  
                                                      0.000     0.000 r  clk (IN)
                         net (fo=10381, unset)        0.042     0.042    clk
    SLICE_X44Y172        FDCE                                         r  state_reg[1]_rep__2/C
  -------------------------------------------------------------------    -------------------
    SLICE_X44Y172        FDCE (Prop_HFF2_SLICEL_C_Q)
                                                      0.115     0.157 r  state_reg[1]_rep__2/Q
                         net (fo=24, routed)          0.153     0.310    u_mc/HAS_H_GEN.u_hrf/state_reg[1]_rep__2_n_0_alias
    SLICE_X44Y170        LUT5 (Prop_A6LUT_SLICEL_I2_O)
                                                      0.225     0.535 f  u_mc/HAS_H_GEN.u_hrf/m6_h_wr_en_r_i_2/O
                         net (fo=9, routed)           0.448     0.983    u_mc/PE_LANE[7].u_pe/mem[0][135]_i_11_0
    SLICE_X43Y157        LUT6 (Prop_A6LUT_SLICEM_I1_O)
                                                      0.058     1.041 r  u_mc/PE_LANE[7].u_pe/m1_i_17__0/O
                         net (fo=178, routed)         0.542     1.584    u_mc/PE_LANE[10].u_pe/DSP_A_B_DATA_INST_0
    SLICE_X48Y155        LUT4 (Prop_H6LUT_SLICEL_I1_O)
                                                      0.058     1.642 f  u_mc/PE_LANE[10].u_pe/m1_i_15__9/O
                         net (fo=1, routed)           0.689     2.331    u_mc/PE_LANE[10].u_pe/m1/B[1]
    DSP48E2_X12Y62       DSP_A_B_DATA (Prop_DSP_A_B_DATA_DSP48E2_B[1]_B2_DATA[1])
                                                      0.216     2.547 r  u_mc/PE_LANE[10].u_pe/m1/DSP_A_B_DATA_INST/B2_DATA[1]
                         net (fo=1, routed)           0.000     2.547    u_mc/PE_LANE[10].u_pe/m1/DSP_A_B_DATA.B2_DATA<1>
    DSP48E2_X12Y62       DSP_PREADD_DATA (Prop_DSP_PREADD_DATA_DSP48E2_B2_DATA[1]_B2B1[1])
                                                      0.097     2.644 r  u_mc/PE_LANE[10].u_pe/m1/DSP_PREADD_DATA_INST/B2B1[1]
                         net (fo=1, routed)           0.000     2.644    u_mc/PE_LANE[10].u_pe/m1/DSP_PREADD_DATA.B2B1<1>
    DSP48E2_X12Y62       DSP_MULTIPLIER (Prop_DSP_MULTIPLIER_DSP48E2_B2B1[1]_U[1])
                                                      0.773     3.417 f  u_mc/PE_LANE[10].u_pe/m1/DSP_MULTIPLIER_INST/U[1]
                         net (fo=1, routed)           0.000     3.417    u_mc/PE_LANE[10].u_pe/m1/DSP_MULTIPLIER.U<1>
    DSP48E2_X12Y62       DSP_M_DATA (Prop_DSP_M_DATA_DSP48E2_U[1]_U_DATA[1])
                                                      0.067     3.484 r  u_mc/PE_LANE[10].u_pe/m1/DSP_M_DATA_INST/U_DATA[1]
                         net (fo=1, routed)           0.000     3.484    u_mc/PE_LANE[10].u_pe/m1/DSP_M_DATA.U_DATA<1>
    DSP48E2_X12Y62       DSP_ALU (Prop_DSP_ALU_DSP48E2_U_DATA[1]_ALU_OUT[1])
                                                      0.727     4.211 f  u_mc/PE_LANE[10].u_pe/m1/DSP_ALU_INST/ALU_OUT[1]
                         net (fo=1, routed)           0.000     4.211    u_mc/PE_LANE[10].u_pe/m1/DSP_ALU.ALU_OUT<1>
    DSP48E2_X12Y62       DSP_OUTPUT (Prop_DSP_OUTPUT_DSP48E2_ALU_OUT[1]_P[1])
                                                      0.146     4.357 r  u_mc/PE_LANE[10].u_pe/m1/DSP_OUTPUT_INST/P[1]
                         net (fo=3, routed)           0.155     4.512    u_mc/PE_LANE[10].u_pe/m12_sum/C[1]
    DSP48E2_X12Y63       DSP_C_DATA (Prop_DSP_C_DATA_DSP48E2_C[1]_C_DATA[1])
                                                      0.135     4.647 r  u_mc/PE_LANE[10].u_pe/m12_sum/DSP_C_DATA_INST/C_DATA[1]
                         net (fo=2, routed)           0.000     4.647    u_mc/PE_LANE[10].u_pe/m12_sum/DSP_C_DATA.C_DATA<1>
    DSP48E2_X12Y63       DSP_ALU (Prop_DSP_ALU_DSP48E2_C_DATA[1]_ALU_OUT[2])
                                                      0.786     5.433 f  u_mc/PE_LANE[10].u_pe/m12_sum/DSP_ALU_INST/ALU_OUT[2]
                         net (fo=1, routed)           0.000     5.433    u_mc/PE_LANE[10].u_pe/m12_sum/DSP_ALU.ALU_OUT<2>
    DSP48E2_X12Y63       DSP_OUTPUT (Prop_DSP_OUTPUT_DSP48E2_ALU_OUT[2]_P[2])
                                                      0.146     5.579 r  u_mc/PE_LANE[10].u_pe/m12_sum/DSP_OUTPUT_INST/P[2]
                         net (fo=2, routed)           0.380     5.959    u_mc/PE_LANE[10].u_pe/m12_sum__0[2]
    SLICE_X54Y155        LUT6 (Prop_C6LUT_SLICEM_I2_O)
                                                      0.220     6.179 r  u_mc/PE_LANE[10].u_pe/acc_raw[7]_i_17__17/O
                         net (fo=1, routed)           0.029     6.208    u_mc/PE_LANE[10].u_pe/acc_raw[7]_i_17__17_n_0
    SLICE_X54Y155        CARRY8 (Prop_CARRY8_SLICEM_S[2]_CO[7])
                                                      0.229     6.437 r  u_mc/PE_LANE[10].u_pe/acc_raw_reg[7]_i_3__17/CO[7]
                         net (fo=1, routed)           0.030     6.467    u_mc/PE_LANE[10].u_pe/acc_raw_reg[7]_i_3__17_n_0
    SLICE_X54Y156        CARRY8 (Prop_CARRY8_SLICEM_CI_CO[7])
                                                      0.065     6.532 r  u_mc/PE_LANE[10].u_pe/acc_raw_reg[15]_i_3__17/CO[7]
                         net (fo=1, routed)           0.030     6.562    u_mc/PE_LANE[10].u_pe/acc_raw_reg[15]_i_3__17_n_0
    SLICE_X54Y157        CARRY8 (Prop_CARRY8_SLICEM_CI_CO[7])
                                                      0.065     6.627 r  u_mc/PE_LANE[10].u_pe/mem_reg[0][175]_i_16/CO[7]
                         net (fo=1, routed)           0.030     6.657    u_mc/PE_LANE[10].u_pe/mem_reg[0][175]_i_16_n_0
    SLICE_X54Y158        CARRY8 (Prop_CARRY8_SLICEM_CI_CO[7])
                                                      0.065     6.722 r  u_mc/PE_LANE[10].u_pe/mem_reg[0][175]_i_5/CO[7]
                         net (fo=1, routed)           0.030     6.752    u_mc/PE_LANE[10].u_pe/mem_reg[0][175]_i_5_n_0
    SLICE_X54Y159        CARRY8 (Prop_CARRY8_SLICEM_CI_O[6])
                                                      0.157     6.909 r  u_mc/PE_LANE[10].u_pe/acc_raw_reg[39]_i_3__17/O[6]
                         net (fo=4, routed)           0.580     7.488    PE_LANE[10].u_pe/mac_acc[38]
    SLICE_X50Y158        LUT2 (Prop_E6LUT_SLICEL_I1_O)
                                                      0.083     7.571 f  mem[0][175]_i_134/O
                         net (fo=2, routed)           0.220     7.791    u_mc/PE_LANE[10].u_pe/mem_reg[0][175]_i_33_0
    SLICE_X49Y159        LUT6 (Prop_H6LUT_SLICEL_I5_O)
                                                      0.083     7.874 f  u_mc/PE_LANE[10].u_pe/mem[0][175]_i_82/O
                         net (fo=1, routed)           0.261     8.135    u_mc/PE_LANE[10].u_pe/mem[0][175]_i_82_n_0
    SLICE_X51Y159        CARRY8 (Prop_CARRY8_SLICEL_DI[6]_CO[7])
                                                      0.084     8.219 f  u_mc/PE_LANE[10].u_pe/mem_reg[0][175]_i_33/CO[7]
                         net (fo=1, routed)           0.030     8.249    u_mc/PE_LANE[10].u_pe/mem_reg[0][175]_i_33_n_0
    SLICE_X51Y160        CARRY8 (Prop_CARRY8_SLICEL_CI_CO[4])
                                                      0.128     8.377 f  u_mc/PE_LANE[10].u_pe/mem_reg[0][175]_i_6/CO[4]
                         net (fo=2, routed)           0.363     8.740    u_fifo_m6/mem[0][160]_i_2[0]
    SLICE_X55Y158        LUT3 (Prop_G6LUT_SLICEL_I2_O)
                                                      0.082     8.822 r  u_fifo_m6/mem[0][174]_i_19/O
                         net (fo=15, routed)          0.198     9.020    u_mc/PE_LANE[10].u_pe/out_val_reg[14]_4
    SLICE_X57Y156        LUT6 (Prop_F6LUT_SLICEL_I5_O)
                                                      0.081     9.101 r  u_mc/PE_LANE[10].u_pe/mem[0][160]_i_2/O
                         net (fo=1, routed)           0.111     9.212    u_mc/PE_LANE[10].u_pe/mem[0][160]_i_2_n_0
    SLICE_X57Y156        LUT6 (Prop_B6LUT_SLICEL_I5_O)
                                                      0.188     9.400 r  u_mc/PE_LANE[10].u_pe/mem[0][160]_i_1/O
                         net (fo=3, routed)           0.445     9.845    u_fifo_m6/wdata[160]
    SLICE_X58Y162        FDRE                                         r  u_fifo_m6/mem_reg[1][160]/D
  -------------------------------------------------------------------    -------------------

                         (clock clk rise edge)       10.000    10.000 r  
                                                      0.000    10.000 r  clk (IN)
                         net (fo=10381, unset)        0.031    10.031    u_fifo_m6/clk
    SLICE_X58Y162        FDRE                                         r  u_fifo_m6/mem_reg[1][160]/C
                         clock pessimism              0.000    10.031    
                         clock uncertainty           -0.185     9.846    
    SLICE_X58Y162        FDRE (Setup_GFF_SLICEM_C_D)
                                                      0.043     9.889    u_fifo_m6/mem_reg[1][160]
  -------------------------------------------------------------------
                         required time                          9.889    
                         arrival time                          -9.845    
  -------------------------------------------------------------------
                         slack                                  0.044    

Slack (MET) :             0.070ns  (required time - arrival time)
  Source:                 state_reg[1]_rep__2/C
                            (rising edge-triggered cell FDCE clocked by clk  {rise@0.000ns fall@5.000ns period=10.000ns})
  Destination:            u_fifo_m6/mem_reg[0][160]/D
                            (rising edge-triggered cell FDRE clocked by clk  {rise@0.000ns fall@5.000ns period=10.000ns})
  Path Group:             clk
  Path Type:              Setup (Max at Slow Process Corner)
  Requirement:            10.000ns  (clk rise@10.000ns - clk rise@0.000ns)
  Data Path Delay:        9.780ns  (logic 5.079ns (51.934%)  route 4.701ns (48.066%))
  Logic Levels:           25  (CARRY8=7 DSP_A_B_DATA=1 DSP_ALU=2 DSP_C_DATA=1 DSP_M_DATA=1 DSP_MULTIPLIER=1 DSP_OUTPUT=2 DSP_PREADD_DATA=1 LUT2=1 LUT3=1 LUT4=1 LUT5=1 LUT6=5)
  Clock Path Skew:        -0.011ns (DCD - SCD + CPR)
    Destination Clock Delay (DCD):    0.031ns = ( 10.031 - 10.000 ) 
    Source Clock Delay      (SCD):    0.042ns
    Clock Pessimism Removal (CPR):    0.000ns
  Clock Uncertainty:      0.185ns  ((TSJ^2 + TIJ^2)^1/2 + DJ) / 2 + PE + UU
    Total System Jitter     (TSJ):    0.071ns
    Total Input Jitter      (TIJ):    0.000ns
    Discrete Jitter          (DJ):    0.000ns
    Phase Error              (PE):    0.000ns
    User Uncertainty         (UU):    0.150ns

    Location             Delay type                Incr(ns)  Path(ns)    Netlist Resource(s)
  -------------------------------------------------------------------    -------------------
                         (clock clk rise edge)        0.000     0.000 r  
                                                      0.000     0.000 r  clk (IN)
                         net (fo=10381, unset)        0.042     0.042    clk
    SLICE_X44Y172        FDCE                                         r  state_reg[1]_rep__2/C
  -------------------------------------------------------------------    -------------------
    SLICE_X44Y172        FDCE (Prop_HFF2_SLICEL_C_Q)
                                                      0.115     0.157 r  state_reg[1]_rep__2/Q
                         net (fo=24, routed)          0.153     0.310    u_mc/HAS_H_GEN.u_hrf/state_reg[1]_rep__2_n_0_alias
    SLICE_X44Y170        LUT5 (Prop_A6LUT_SLICEL_I2_O)
                                                      0.225     0.535 f  u_mc/HAS_H_GEN.u_hrf/m6_h_wr_en_r_i_2/O
                         net (fo=9, routed)           0.448     0.983    u_mc/PE_LANE[7].u_pe/mem[0][135]_i_11_0
    SLICE_X43Y157        LUT6 (Prop_A6LUT_SLICEM_I1_O)
                                                      0.058     1.041 r  u_mc/PE_LANE[7].u_pe/m1_i_17__0/O
                         net (fo=178, routed)         0.542     1.584    u_mc/PE_LANE[10].u_pe/DSP_A_B_DATA_INST_0
    SLICE_X48Y155        LUT4 (Prop_H6LUT_SLICEL_I1_O)
                                                      0.058     1.642 f  u_mc/PE_LANE[10].u_pe/m1_i_15__9/O
                         net (fo=1, routed)           0.689     2.331    u_mc/PE_LANE[10].u_pe/m1/B[1]
    DSP48E2_X12Y62       DSP_A_B_DATA (Prop_DSP_A_B_DATA_DSP48E2_B[1]_B2_DATA[1])
                                                      0.216     2.547 r  u_mc/PE_LANE[10].u_pe/m1/DSP_A_B_DATA_INST/B2_DATA[1]
                         net (fo=1, routed)           0.000     2.547    u_mc/PE_LANE[10].u_pe/m1/DSP_A_B_DATA.B2_DATA<1>
    DSP48E2_X12Y62       DSP_PREADD_DATA (Prop_DSP_PREADD_DATA_DSP48E2_B2_DATA[1]_B2B1[1])
                                                      0.097     2.644 r  u_mc/PE_LANE[10].u_pe/m1/DSP_PREADD_DATA_INST/B2B1[1]
                         net (fo=1, routed)           0.000     2.644    u_mc/PE_LANE[10].u_pe/m1/DSP_PREADD_DATA.B2B1<1>
    DSP48E2_X12Y62       DSP_MULTIPLIER (Prop_DSP_MULTIPLIER_DSP48E2_B2B1[1]_U[1])
                                                      0.773     3.417 f  u_mc/PE_LANE[10].u_pe/m1/DSP_MULTIPLIER_INST/U[1]
                         net (fo=1, routed)           0.000     3.417    u_mc/PE_LANE[10].u_pe/m1/DSP_MULTIPLIER.U<1>
    DSP48E2_X12Y62       DSP_M_DATA (Prop_DSP_M_DATA_DSP48E2_U[1]_U_DATA[1])
                                                      0.067     3.484 r  u_mc/PE_LANE[10].u_pe/m1/DSP_M_DATA_INST/U_DATA[1]
                         net (fo=1, routed)           0.000     3.484    u_mc/PE_LANE[10].u_pe/m1/DSP_M_DATA.U_DATA<1>
    DSP48E2_X12Y62       DSP_ALU (Prop_DSP_ALU_DSP48E2_U_DATA[1]_ALU_OUT[1])
                                                      0.727     4.211 f  u_mc/PE_LANE[10].u_pe/m1/DSP_ALU_INST/ALU_OUT[1]
                         net (fo=1, routed)           0.000     4.211    u_mc/PE_LANE[10].u_pe/m1/DSP_ALU.ALU_OUT<1>
    DSP48E2_X12Y62       DSP_OUTPUT (Prop_DSP_OUTPUT_DSP48E2_ALU_OUT[1]_P[1])
                                                      0.146     4.357 r  u_mc/PE_LANE[10].u_pe/m1/DSP_OUTPUT_INST/P[1]
                         net (fo=3, routed)           0.155     4.512    u_mc/PE_LANE[10].u_pe/m12_sum/C[1]
    DSP48E2_X12Y63       DSP_C_DATA (Prop_DSP_C_DATA_DSP48E2_C[1]_C_DATA[1])
                                                      0.135     4.647 r  u_mc/PE_LANE[10].u_pe/m12_sum/DSP_C_DATA_INST/C_DATA[1]
                         net (fo=2, routed)           0.000     4.647    u_mc/PE_LANE[10].u_pe/m12_sum/DSP_C_DATA.C_DATA<1>
    DSP48E2_X12Y63       DSP_ALU (Prop_DSP_ALU_DSP48E2_C_DATA[1]_ALU_OUT[2])
                                                      0.786     5.433 f  u_mc/PE_LANE[10].u_pe/m12_sum/DSP_ALU_INST/ALU_OUT[2]
                         net (fo=1, routed)           0.000     5.433    u_mc/PE_LANE[10].u_pe/m12_sum/DSP_ALU.ALU_OUT<2>
    DSP48E2_X12Y63       DSP_OUTPUT (Prop_DSP_OUTPUT_DSP48E2_ALU_OUT[2]_P[2])
                                                      0.146     5.579 r  u_mc/PE_LANE[10].u_pe/m12_sum/DSP_OUTPUT_INST/P[2]
                         net (fo=2, routed)           0.380     5.959    u_mc/PE_LANE[10].u_pe/m12_sum__0[2]
    SLICE_X54Y155        LUT6 (Prop_C6LUT_SLICEM_I2_O)
                                                      0.220     6.179 r  u_mc/PE_LANE[10].u_pe/acc_raw[7]_i_17__17/O
                         net (fo=1, routed)           0.029     6.208    u_mc/PE_LANE[10].u_pe/acc_raw[7]_i_17__17_n_0
    SLICE_X54Y155        CARRY8 (Prop_CARRY8_SLICEM_S[2]_CO[7])
                                                      0.229     6.437 r  u_mc/PE_LANE[10].u_pe/acc_raw_reg[7]_i_3__17/CO[7]
                         net (fo=1, routed)           0.030     6.467    u_mc/PE_LANE[10].u_pe/acc_raw_reg[7]_i_3__17_n_0
    SLICE_X54Y156        CARRY8 (Prop_CARRY8_SLICEM_CI_CO[7])
                                                      0.065     6.532 r  u_mc/PE_LANE[10].u_pe/acc_raw_reg[15]_i_3__17/CO[7]
                         net (fo=1, routed)           0.030     6.562    u_mc/PE_LANE[10].u_pe/acc_raw_reg[15]_i_3__17_n_0
    SLICE_X54Y157        CARRY8 (Prop_CARRY8_SLICEM_CI_CO[7])
                                                      0.065     6.627 r  u_mc/PE_LANE[10].u_pe/mem_reg[0][175]_i_16/CO[7]
                         net (fo=1, routed)           0.030     6.657    u_mc/PE_LANE[10].u_pe/mem_reg[0][175]_i_16_n_0
    SLICE_X54Y158        CARRY8 (Prop_CARRY8_SLICEM_CI_CO[7])
                                                      0.065     6.722 r  u_mc/PE_LANE[10].u_pe/mem_reg[0][175]_i_5/CO[7]
                         net (fo=1, routed)           0.030     6.752    u_mc/PE_LANE[10].u_pe/mem_reg[0][175]_i_5_n_0
    SLICE_X54Y159        CARRY8 (Prop_CARRY8_SLICEM_CI_O[6])
                                                      0.157     6.909 r  u_mc/PE_LANE[10].u_pe/acc_raw_reg[39]_i_3__17/O[6]
                         net (fo=4, routed)           0.580     7.488    PE_LANE[10].u_pe/mac_acc[38]
    SLICE_X50Y158        LUT2 (Prop_E6LUT_SLICEL_I1_O)
                                                      0.083     7.571 f  mem[0][175]_i_134/O
                         net (fo=2, routed)           0.220     7.791    u_mc/PE_LANE[10].u_pe/mem_reg[0][175]_i_33_0
    SLICE_X49Y159        LUT6 (Prop_H6LUT_SLICEL_I5_O)
                                                      0.083     7.874 f  u_mc/PE_LANE[10].u_pe/mem[0][175]_i_82/O
                         net (fo=1, routed)           0.261     8.135    u_mc/PE_LANE[10].u_pe/mem[0][175]_i_82_n_0
    SLICE_X51Y159        CARRY8 (Prop_CARRY8_SLICEL_DI[6]_CO[7])
                                                      0.084     8.219 f  u_mc/PE_LANE[10].u_pe/mem_reg[0][175]_i_33/CO[7]
                         net (fo=1, routed)           0.030     8.249    u_mc/PE_LANE[10].u_pe/mem_reg[0][175]_i_33_n_0
    SLICE_X51Y160        CARRY8 (Prop_CARRY8_SLICEL_CI_CO[4])
                                                      0.128     8.377 f  u_mc/PE_LANE[10].u_pe/mem_reg[0][175]_i_6/CO[4]
                         net (fo=2, routed)           0.363     8.740    u_fifo_m6/mem[0][160]_i_2[0]
    SLICE_X55Y158        LUT3 (Prop_G6LUT_SLICEL_I2_O)
                                                      0.082     8.822 r  u_fifo_m6/mem[0][174]_i_19/O
                         net (fo=15, routed)          0.198     9.020    u_mc/PE_LANE[10].u_pe/out_val_reg[14]_4
    SLICE_X57Y156        LUT6 (Prop_F6LUT_SLICEL_I5_O)
                                                      0.081     9.101 r  u_mc/PE_LANE[10].u_pe/mem[0][160]_i_2/O
                         net (fo=1, routed)           0.111     9.212    u_mc/PE_LANE[10].u_pe/mem[0][160]_i_2_n_0
    SLICE_X57Y156        LUT6 (Prop_B6LUT_SLICEL_I5_O)
                                                      0.188     9.400 r  u_mc/PE_LANE[10].u_pe/mem[0][160]_i_1/O
                         net (fo=3, routed)           0.422     9.822    u_fifo_m6/wdata[160]
    SLICE_X58Y162        FDRE                                         r  u_fifo_m6/mem_reg[0][160]/D
  -------------------------------------------------------------------    -------------------

                         (clock clk rise edge)       10.000    10.000 r  
                                                      0.000    10.000 r  clk (IN)
                         net (fo=10381, unset)        0.031    10.031    u_fifo_m6/clk
    SLICE_X58Y162        FDRE                                         r  u_fifo_m6/mem_reg[0][160]/C
                         clock pessimism              0.000    10.031    
                         clock uncertainty           -0.185     9.846    
    SLICE_X58Y162        FDRE (Setup_GFF2_SLICEM_C_D)
                                                      0.046     9.892    u_fifo_m6/mem_reg[0][160]
  -------------------------------------------------------------------
                         required time                          9.892    
                         arrival time                          -9.822    
  -------------------------------------------------------------------
                         slack                                  0.070    

Slack (MET) :             0.093ns  (required time - arrival time)
  Source:                 state_reg[1]_rep__2/C
                            (rising edge-triggered cell FDCE clocked by clk  {rise@0.000ns fall@5.000ns period=10.000ns})
  Destination:            u_mc/PE_LANE[10].u_pe/out_val_reg[4]/D
                            (rising edge-triggered cell FDCE clocked by clk  {rise@0.000ns fall@5.000ns period=10.000ns})
  Path Group:             clk
  Path Type:              Setup (Max at Slow Process Corner)
  Requirement:            10.000ns  (clk rise@10.000ns - clk rise@0.000ns)
  Data Path Delay:        9.752ns  (logic 5.115ns (52.449%)  route 4.637ns (47.551%))
  Logic Levels:           25  (CARRY8=7 DSP_A_B_DATA=1 DSP_ALU=2 DSP_C_DATA=1 DSP_M_DATA=1 DSP_MULTIPLIER=1 DSP_OUTPUT=2 DSP_PREADD_DATA=1 LUT2=1 LUT3=1 LUT4=1 LUT5=1 LUT6=5)
  Clock Path Skew:        -0.013ns (DCD - SCD + CPR)
    Destination Clock Delay (DCD):    0.029ns = ( 10.029 - 10.000 ) 
    Source Clock Delay      (SCD):    0.042ns
    Clock Pessimism Removal (CPR):    0.000ns
  Clock Uncertainty:      0.185ns  ((TSJ^2 + TIJ^2)^1/2 + DJ) / 2 + PE + UU
    Total System Jitter     (TSJ):    0.071ns
    Total Input Jitter      (TIJ):    0.000ns
    Discrete Jitter          (DJ):    0.000ns
    Phase Error              (PE):    0.000ns
    User Uncertainty         (UU):    0.150ns

    Location             Delay type                Incr(ns)  Path(ns)    Netlist Resource(s)
  -------------------------------------------------------------------    -------------------
                         (clock clk rise edge)        0.000     0.000 r  
                                                      0.000     0.000 r  clk (IN)
                         net (fo=10381, unset)        0.042     0.042    clk
    SLICE_X44Y172        FDCE                                         r  state_reg[1]_rep__2/C
  -------------------------------------------------------------------    -------------------
    SLICE_X44Y172        FDCE (Prop_HFF2_SLICEL_C_Q)
                                                      0.115     0.157 r  state_reg[1]_rep__2/Q
                         net (fo=24, routed)          0.153     0.310    u_mc/HAS_H_GEN.u_hrf/state_reg[1]_rep__2_n_0_alias
    SLICE_X44Y170        LUT5 (Prop_A6LUT_SLICEL_I2_O)
                                                      0.225     0.535 f  u_mc/HAS_H_GEN.u_hrf/m6_h_wr_en_r_i_2/O
                         net (fo=9, routed)           0.448     0.983    u_mc/PE_LANE[7].u_pe/mem[0][135]_i_11_0
    SLICE_X43Y157        LUT6 (Prop_A6LUT_SLICEM_I1_O)
                                                      0.058     1.041 r  u_mc/PE_LANE[7].u_pe/m1_i_17__0/O
                         net (fo=178, routed)         0.542     1.584    u_mc/PE_LANE[10].u_pe/DSP_A_B_DATA_INST_0
    SLICE_X48Y155        LUT4 (Prop_H6LUT_SLICEL_I1_O)
                                                      0.058     1.642 f  u_mc/PE_LANE[10].u_pe/m1_i_15__9/O
                         net (fo=1, routed)           0.689     2.331    u_mc/PE_LANE[10].u_pe/m1/B[1]
    DSP48E2_X12Y62       DSP_A_B_DATA (Prop_DSP_A_B_DATA_DSP48E2_B[1]_B2_DATA[1])
                                                      0.216     2.547 r  u_mc/PE_LANE[10].u_pe/m1/DSP_A_B_DATA_INST/B2_DATA[1]
                         net (fo=1, routed)           0.000     2.547    u_mc/PE_LANE[10].u_pe/m1/DSP_A_B_DATA.B2_DATA<1>
    DSP48E2_X12Y62       DSP_PREADD_DATA (Prop_DSP_PREADD_DATA_DSP48E2_B2_DATA[1]_B2B1[1])
                                                      0.097     2.644 r  u_mc/PE_LANE[10].u_pe/m1/DSP_PREADD_DATA_INST/B2B1[1]
                         net (fo=1, routed)           0.000     2.644    u_mc/PE_LANE[10].u_pe/m1/DSP_PREADD_DATA.B2B1<1>
    DSP48E2_X12Y62       DSP_MULTIPLIER (Prop_DSP_MULTIPLIER_DSP48E2_B2B1[1]_U[1])
                                                      0.773     3.417 f  u_mc/PE_LANE[10].u_pe/m1/DSP_MULTIPLIER_INST/U[1]
                         net (fo=1, routed)           0.000     3.417    u_mc/PE_LANE[10].u_pe/m1/DSP_MULTIPLIER.U<1>
    DSP48E2_X12Y62       DSP_M_DATA (Prop_DSP_M_DATA_DSP48E2_U[1]_U_DATA[1])
                                                      0.067     3.484 r  u_mc/PE_LANE[10].u_pe/m1/DSP_M_DATA_INST/U_DATA[1]
                         net (fo=1, routed)           0.000     3.484    u_mc/PE_LANE[10].u_pe/m1/DSP_M_DATA.U_DATA<1>
    DSP48E2_X12Y62       DSP_ALU (Prop_DSP_ALU_DSP48E2_U_DATA[1]_ALU_OUT[1])
                                                      0.727     4.211 f  u_mc/PE_LANE[10].u_pe/m1/DSP_ALU_INST/ALU_OUT[1]
                         net (fo=1, routed)           0.000     4.211    u_mc/PE_LANE[10].u_pe/m1/DSP_ALU.ALU_OUT<1>
    DSP48E2_X12Y62       DSP_OUTPUT (Prop_DSP_OUTPUT_DSP48E2_ALU_OUT[1]_P[1])
                                                      0.146     4.357 r  u_mc/PE_LANE[10].u_pe/m1/DSP_OUTPUT_INST/P[1]
                         net (fo=3, routed)           0.155     4.512    u_mc/PE_LANE[10].u_pe/m12_sum/C[1]
    DSP48E2_X12Y63       DSP_C_DATA (Prop_DSP_C_DATA_DSP48E2_C[1]_C_DATA[1])
                                                      0.135     4.647 r  u_mc/PE_LANE[10].u_pe/m12_sum/DSP_C_DATA_INST/C_DATA[1]
                         net (fo=2, routed)           0.000     4.647    u_mc/PE_LANE[10].u_pe/m12_sum/DSP_C_DATA.C_DATA<1>
    DSP48E2_X12Y63       DSP_ALU (Prop_DSP_ALU_DSP48E2_C_DATA[1]_ALU_OUT[2])
                                                      0.786     5.433 f  u_mc/PE_LANE[10].u_pe/m12_sum/DSP_ALU_INST/ALU_OUT[2]
                         net (fo=1, routed)           0.000     5.433    u_mc/PE_LANE[10].u_pe/m12_sum/DSP_ALU.ALU_OUT<2>
    DSP48E2_X12Y63       DSP_OUTPUT (Prop_DSP_OUTPUT_DSP48E2_ALU_OUT[2]_P[2])
                                                      0.146     5.579 r  u_mc/PE_LANE[10].u_pe/m12_sum/DSP_OUTPUT_INST/P[2]
                         net (fo=2, routed)           0.380     5.959    u_mc/PE_LANE[10].u_pe/m12_sum__0[2]
    SLICE_X54Y155        LUT6 (Prop_C6LUT_SLICEM_I2_O)
                                                      0.220     6.179 r  u_mc/PE_LANE[10].u_pe/acc_raw[7]_i_17__17/O
                         net (fo=1, routed)           0.029     6.208    u_mc/PE_LANE[10].u_pe/acc_raw[7]_i_17__17_n_0
    SLICE_X54Y155        CARRY8 (Prop_CARRY8_SLICEM_S[2]_CO[7])
                                                      0.229     6.437 r  u_mc/PE_LANE[10].u_pe/acc_raw_reg[7]_i_3__17/CO[7]
                         net (fo=1, routed)           0.030     6.467    u_mc/PE_LANE[10].u_pe/acc_raw_reg[7]_i_3__17_n_0
    SLICE_X54Y156        CARRY8 (Prop_CARRY8_SLICEM_CI_CO[7])
                                                      0.065     6.532 r  u_mc/PE_LANE[10].u_pe/acc_raw_reg[15]_i_3__17/CO[7]
                         net (fo=1, routed)           0.030     6.562    u_mc/PE_LANE[10].u_pe/acc_raw_reg[15]_i_3__17_n_0
    SLICE_X54Y157        CARRY8 (Prop_CARRY8_SLICEM_CI_CO[7])
                                                      0.065     6.627 r  u_mc/PE_LANE[10].u_pe/mem_reg[0][175]_i_16/CO[7]
                         net (fo=1, routed)           0.030     6.657    u_mc/PE_LANE[10].u_pe/mem_reg[0][175]_i_16_n_0
    SLICE_X54Y158        CARRY8 (Prop_CARRY8_SLICEM_CI_CO[7])
                                                      0.065     6.722 r  u_mc/PE_LANE[10].u_pe/mem_reg[0][175]_i_5/CO[7]
                         net (fo=1, routed)           0.030     6.752    u_mc/PE_LANE[10].u_pe/mem_reg[0][175]_i_5_n_0
    SLICE_X54Y159        CARRY8 (Prop_CARRY8_SLICEM_CI_O[6])
                                                      0.157     6.909 r  u_mc/PE_LANE[10].u_pe/acc_raw_reg[39]_i_3__17/O[6]
                         net (fo=4, routed)           0.580     7.488    PE_LANE[10].u_pe/mac_acc[38]
    SLICE_X50Y158        LUT2 (Prop_E6LUT_SLICEL_I1_O)
                                                      0.083     7.571 f  mem[0][175]_i_134/O
                         net (fo=2, routed)           0.220     7.791    u_mc/PE_LANE[10].u_pe/mem_reg[0][175]_i_33_0
    SLICE_X49Y159        LUT6 (Prop_H6LUT_SLICEL_I5_O)
                                                      0.083     7.874 f  u_mc/PE_LANE[10].u_pe/mem[0][175]_i_82/O
                         net (fo=1, routed)           0.261     8.135    u_mc/PE_LANE[10].u_pe/mem[0][175]_i_82_n_0
    SLICE_X51Y159        CARRY8 (Prop_CARRY8_SLICEL_DI[6]_CO[7])
                                                      0.084     8.219 f  u_mc/PE_LANE[10].u_pe/mem_reg[0][175]_i_33/CO[7]
                         net (fo=1, routed)           0.030     8.249    u_mc/PE_LANE[10].u_pe/mem_reg[0][175]_i_33_n_0
    SLICE_X51Y160        CARRY8 (Prop_CARRY8_SLICEL_CI_CO[4])
                                                      0.128     8.377 f  u_mc/PE_LANE[10].u_pe/mem_reg[0][175]_i_6/CO[4]
                         net (fo=2, routed)           0.363     8.740    u_fifo_m6/mem[0][160]_i_2[0]
    SLICE_X55Y158        LUT3 (Prop_G6LUT_SLICEL_I2_O)
                                                      0.082     8.822 r  u_fifo_m6/mem[0][174]_i_19/O
                         net (fo=15, routed)          0.311     9.133    u_mc/PE_LANE[10].u_pe/out_val_reg[14]_4
    SLICE_X56Y155        LUT6 (Prop_C6LUT_SLICEL_I5_O)
                                                      0.081     9.214 r  u_mc/PE_LANE[10].u_pe/mem[0][164]_i_2/O
                         net (fo=1, routed)           0.071     9.285    u_mc/PE_LANE[10].u_pe/mem[0][164]_i_2_n_0
    SLICE_X56Y155        LUT6 (Prop_F6LUT_SLICEL_I5_O)
                                                      0.224     9.509 r  u_mc/PE_LANE[10].u_pe/mem[0][164]_i_1/O
                         net (fo=3, routed)           0.285     9.794    u_mc/PE_LANE[10].u_pe/wdata[4]
    SLICE_X56Y154        FDCE                                         r  u_mc/PE_LANE[10].u_pe/out_val_reg[4]/D
  -------------------------------------------------------------------    -------------------

                         (clock clk rise edge)       10.000    10.000 r  
                                                      0.000    10.000 r  clk (IN)
                         net (fo=10381, unset)        0.029    10.029    u_mc/PE_LANE[10].u_pe/clk
    SLICE_X56Y154        FDCE                                         r  u_mc/PE_LANE[10].u_pe/out_val_reg[4]/C
                         clock pessimism              0.000    10.029    
                         clock uncertainty           -0.185     9.844    
    SLICE_X56Y154        FDCE (Setup_EFF_SLICEL_C_D)
                                                      0.044     9.888    u_mc/PE_LANE[10].u_pe/out_val_reg[4]
  -------------------------------------------------------------------
                         required time                          9.888    
                         arrival time                          -9.794    
  -------------------------------------------------------------------
                         slack                                  0.093    

Slack (MET) :             0.104ns  (required time - arrival time)
  Source:                 state_reg[1]_rep__2/C
                            (rising edge-triggered cell FDCE clocked by clk  {rise@0.000ns fall@5.000ns period=10.000ns})
  Destination:            u_fifo_m6/mem_reg[1][168]/D
                            (rising edge-triggered cell FDRE clocked by clk  {rise@0.000ns fall@5.000ns period=10.000ns})
  Path Group:             clk
  Path Type:              Setup (Max at Slow Process Corner)
  Requirement:            10.000ns  (clk rise@10.000ns - clk rise@0.000ns)
  Data Path Delay:        9.743ns  (logic 5.030ns (51.625%)  route 4.713ns (48.375%))
  Logic Levels:           25  (CARRY8=7 DSP_A_B_DATA=1 DSP_ALU=2 DSP_C_DATA=1 DSP_M_DATA=1 DSP_MULTIPLIER=1 DSP_OUTPUT=2 DSP_PREADD_DATA=1 LUT2=1 LUT3=1 LUT4=1 LUT5=1 LUT6=5)
  Clock Path Skew:        -0.011ns (DCD - SCD + CPR)
    Destination Clock Delay (DCD):    0.031ns = ( 10.031 - 10.000 ) 
    Source Clock Delay      (SCD):    0.042ns
    Clock Pessimism Removal (CPR):    0.000ns
  Clock Uncertainty:      0.185ns  ((TSJ^2 + TIJ^2)^1/2 + DJ) / 2 + PE + UU
    Total System Jitter     (TSJ):    0.071ns
    Total Input Jitter      (TIJ):    0.000ns
    Discrete Jitter          (DJ):    0.000ns
    Phase Error              (PE):    0.000ns
    User Uncertainty         (UU):    0.150ns

    Location             Delay type                Incr(ns)  Path(ns)    Netlist Resource(s)
  -------------------------------------------------------------------    -------------------
                         (clock clk rise edge)        0.000     0.000 r  
                                                      0.000     0.000 r  clk (IN)
                         net (fo=10381, unset)        0.042     0.042    clk
    SLICE_X44Y172        FDCE                                         r  state_reg[1]_rep__2/C
  -------------------------------------------------------------------    -------------------
    SLICE_X44Y172        FDCE (Prop_HFF2_SLICEL_C_Q)
                                                      0.115     0.157 r  state_reg[1]_rep__2/Q
                         net (fo=24, routed)          0.153     0.310    u_mc/HAS_H_GEN.u_hrf/state_reg[1]_rep__2_n_0_alias
    SLICE_X44Y170        LUT5 (Prop_A6LUT_SLICEL_I2_O)
                                                      0.225     0.535 f  u_mc/HAS_H_GEN.u_hrf/m6_h_wr_en_r_i_2/O
                         net (fo=9, routed)           0.448     0.983    u_mc/PE_LANE[7].u_pe/mem[0][135]_i_11_0
    SLICE_X43Y157        LUT6 (Prop_A6LUT_SLICEM_I1_O)
                                                      0.058     1.041 r  u_mc/PE_LANE[7].u_pe/m1_i_17__0/O
                         net (fo=178, routed)         0.542     1.584    u_mc/PE_LANE[10].u_pe/DSP_A_B_DATA_INST_0
    SLICE_X48Y155        LUT4 (Prop_H6LUT_SLICEL_I1_O)
                                                      0.058     1.642 f  u_mc/PE_LANE[10].u_pe/m1_i_15__9/O
                         net (fo=1, routed)           0.689     2.331    u_mc/PE_LANE[10].u_pe/m1/B[1]
    DSP48E2_X12Y62       DSP_A_B_DATA (Prop_DSP_A_B_DATA_DSP48E2_B[1]_B2_DATA[1])
                                                      0.216     2.547 r  u_mc/PE_LANE[10].u_pe/m1/DSP_A_B_DATA_INST/B2_DATA[1]
                         net (fo=1, routed)           0.000     2.547    u_mc/PE_LANE[10].u_pe/m1/DSP_A_B_DATA.B2_DATA<1>
    DSP48E2_X12Y62       DSP_PREADD_DATA (Prop_DSP_PREADD_DATA_DSP48E2_B2_DATA[1]_B2B1[1])
                                                      0.097     2.644 r  u_mc/PE_LANE[10].u_pe/m1/DSP_PREADD_DATA_INST/B2B1[1]
                         net (fo=1, routed)           0.000     2.644    u_mc/PE_LANE[10].u_pe/m1/DSP_PREADD_DATA.B2B1<1>
    DSP48E2_X12Y62       DSP_MULTIPLIER (Prop_DSP_MULTIPLIER_DSP48E2_B2B1[1]_U[1])
                                                      0.773     3.417 f  u_mc/PE_LANE[10].u_pe/m1/DSP_MULTIPLIER_INST/U[1]
                         net (fo=1, routed)           0.000     3.417    u_mc/PE_LANE[10].u_pe/m1/DSP_MULTIPLIER.U<1>
    DSP48E2_X12Y62       DSP_M_DATA (Prop_DSP_M_DATA_DSP48E2_U[1]_U_DATA[1])
                                                      0.067     3.484 r  u_mc/PE_LANE[10].u_pe/m1/DSP_M_DATA_INST/U_DATA[1]
                         net (fo=1, routed)           0.000     3.484    u_mc/PE_LANE[10].u_pe/m1/DSP_M_DATA.U_DATA<1>
    DSP48E2_X12Y62       DSP_ALU (Prop_DSP_ALU_DSP48E2_U_DATA[1]_ALU_OUT[1])
                                                      0.727     4.211 f  u_mc/PE_LANE[10].u_pe/m1/DSP_ALU_INST/ALU_OUT[1]
                         net (fo=1, routed)           0.000     4.211    u_mc/PE_LANE[10].u_pe/m1/DSP_ALU.ALU_OUT<1>
    DSP48E2_X12Y62       DSP_OUTPUT (Prop_DSP_OUTPUT_DSP48E2_ALU_OUT[1]_P[1])
                                                      0.146     4.357 r  u_mc/PE_LANE[10].u_pe/m1/DSP_OUTPUT_INST/P[1]
                         net (fo=3, routed)           0.155     4.512    u_mc/PE_LANE[10].u_pe/m12_sum/C[1]
    DSP48E2_X12Y63       DSP_C_DATA (Prop_DSP_C_DATA_DSP48E2_C[1]_C_DATA[1])
                                                      0.135     4.647 r  u_mc/PE_LANE[10].u_pe/m12_sum/DSP_C_DATA_INST/C_DATA[1]
                         net (fo=2, routed)           0.000     4.647    u_mc/PE_LANE[10].u_pe/m12_sum/DSP_C_DATA.C_DATA<1>
    DSP48E2_X12Y63       DSP_ALU (Prop_DSP_ALU_DSP48E2_C_DATA[1]_ALU_OUT[2])
                                                      0.786     5.433 f  u_mc/PE_LANE[10].u_pe/m12_sum/DSP_ALU_INST/ALU_OUT[2]
                         net (fo=1, routed)           0.000     5.433    u_mc/PE_LANE[10].u_pe/m12_sum/DSP_ALU.ALU_OUT<2>
    DSP48E2_X12Y63       DSP_OUTPUT (Prop_DSP_OUTPUT_DSP48E2_ALU_OUT[2]_P[2])
                                                      0.146     5.579 r  u_mc/PE_LANE[10].u_pe/m12_sum/DSP_OUTPUT_INST/P[2]
                         net (fo=2, routed)           0.380     5.959    u_mc/PE_LANE[10].u_pe/m12_sum__0[2]
    SLICE_X54Y155        LUT6 (Prop_C6LUT_SLICEM_I2_O)
                                                      0.220     6.179 r  u_mc/PE_LANE[10].u_pe/acc_raw[7]_i_17__17/O
                         net (fo=1, routed)           0.029     6.208    u_mc/PE_LANE[10].u_pe/acc_raw[7]_i_17__17_n_0
    SLICE_X54Y155        CARRY8 (Prop_CARRY8_SLICEM_S[2]_CO[7])
                                                      0.229     6.437 r  u_mc/PE_LANE[10].u_pe/acc_raw_reg[7]_i_3__17/CO[7]
                         net (fo=1, routed)           0.030     6.467    u_mc/PE_LANE[10].u_pe/acc_raw_reg[7]_i_3__17_n_0
    SLICE_X54Y156        CARRY8 (Prop_CARRY8_SLICEM_CI_CO[7])
                                                      0.065     6.532 r  u_mc/PE_LANE[10].u_pe/acc_raw_reg[15]_i_3__17/CO[7]
                         net (fo=1, routed)           0.030     6.562    u_mc/PE_LANE[10].u_pe/acc_raw_reg[15]_i_3__17_n_0
    SLICE_X54Y157        CARRY8 (Prop_CARRY8_SLICEM_CI_CO[7])
                                                      0.065     6.627 r  u_mc/PE_LANE[10].u_pe/mem_reg[0][175]_i_16/CO[7]
                         net (fo=1, routed)           0.030     6.657    u_mc/PE_LANE[10].u_pe/mem_reg[0][175]_i_16_n_0
    SLICE_X54Y158        CARRY8 (Prop_CARRY8_SLICEM_CI_CO[7])
                                                      0.065     6.722 r  u_mc/PE_LANE[10].u_pe/mem_reg[0][175]_i_5/CO[7]
                         net (fo=1, routed)           0.030     6.752    u_mc/PE_LANE[10].u_pe/mem_reg[0][175]_i_5_n_0
    SLICE_X54Y159        CARRY8 (Prop_CARRY8_SLICEM_CI_O[6])
                                                      0.157     6.909 r  u_mc/PE_LANE[10].u_pe/acc_raw_reg[39]_i_3__17/O[6]
                         net (fo=4, routed)           0.580     7.488    PE_LANE[10].u_pe/mac_acc[38]
    SLICE_X50Y158        LUT2 (Prop_E6LUT_SLICEL_I1_O)
                                                      0.083     7.571 f  mem[0][175]_i_134/O
                         net (fo=2, routed)           0.220     7.791    u_mc/PE_LANE[10].u_pe/mem_reg[0][175]_i_33_0
    SLICE_X49Y159        LUT6 (Prop_H6LUT_SLICEL_I5_O)
                                                      0.083     7.874 f  u_mc/PE_LANE[10].u_pe/mem[0][175]_i_82/O
                         net (fo=1, routed)           0.261     8.135    u_mc/PE_LANE[10].u_pe/mem[0][175]_i_82_n_0
    SLICE_X51Y159        CARRY8 (Prop_CARRY8_SLICEL_DI[6]_CO[7])
                                                      0.084     8.219 f  u_mc/PE_LANE[10].u_pe/mem_reg[0][175]_i_33/CO[7]
                         net (fo=1, routed)           0.030     8.249    u_mc/PE_LANE[10].u_pe/mem_reg[0][175]_i_33_n_0
    SLICE_X51Y160        CARRY8 (Prop_CARRY8_SLICEL_CI_CO[4])
                                                      0.128     8.377 f  u_mc/PE_LANE[10].u_pe/mem_reg[0][175]_i_6/CO[4]
                         net (fo=2, routed)           0.363     8.740    u_fifo_m6/mem[0][160]_i_2[0]
    SLICE_X55Y158        LUT3 (Prop_G6LUT_SLICEL_I2_O)
                                                      0.082     8.822 r  u_fifo_m6/mem[0][174]_i_19/O
                         net (fo=15, routed)          0.391     9.213    u_mc/PE_LANE[10].u_pe/out_val_reg[14]_4
    SLICE_X58Y157        LUT6 (Prop_A6LUT_SLICEM_I5_O)
                                                      0.083     9.296 r  u_mc/PE_LANE[10].u_pe/mem[0][168]_i_2/O
                         net (fo=1, routed)           0.053     9.349    u_mc/PE_LANE[10].u_pe/mem[0][168]_i_2_n_0
    SLICE_X58Y157        LUT6 (Prop_B6LUT_SLICEM_I5_O)
                                                      0.137     9.486 r  u_mc/PE_LANE[10].u_pe/mem[0][168]_i_1/O
                         net (fo=3, routed)           0.299     9.785    u_fifo_m6/wdata[168]
    SLICE_X58Y158        FDRE                                         r  u_fifo_m6/mem_reg[1][168]/D
  -------------------------------------------------------------------    -------------------

                         (clock clk rise edge)       10.000    10.000 r  
                                                      0.000    10.000 r  clk (IN)
                         net (fo=10381, unset)        0.031    10.031    u_fifo_m6/clk
    SLICE_X58Y158        FDRE                                         r  u_fifo_m6/mem_reg[1][168]/C
                         clock pessimism              0.000    10.031    
                         clock uncertainty           -0.185     9.846    
    SLICE_X58Y158        FDRE (Setup_HFF_SLICEM_C_D)
                                                      0.044     9.890    u_fifo_m6/mem_reg[1][168]
  -------------------------------------------------------------------
                         required time                          9.890    
                         arrival time                          -9.785    
  -------------------------------------------------------------------
                         slack                                  0.104    

Slack (MET) :             0.111ns  (required time - arrival time)
  Source:                 state_reg[6]_rep__5/C
                            (rising edge-triggered cell FDCE clocked by clk  {rise@0.000ns fall@5.000ns period=10.000ns})
  Destination:            u_mc/PE_LANE[4].u_pe/out_val_reg[10]/D
                            (rising edge-triggered cell FDCE clocked by clk  {rise@0.000ns fall@5.000ns period=10.000ns})
  Path Group:             clk
  Path Type:              Setup (Max at Slow Process Corner)
  Requirement:            10.000ns  (clk rise@10.000ns - clk rise@0.000ns)
  Data Path Delay:        9.737ns  (logic 5.033ns (51.689%)  route 4.704ns (48.311%))
  Logic Levels:           24  (CARRY8=6 DSP_A_B_DATA=1 DSP_ALU=2 DSP_C_DATA=1 DSP_M_DATA=1 DSP_MULTIPLIER=1 DSP_OUTPUT=2 DSP_PREADD_DATA=1 LUT2=2 LUT3=1 LUT4=1 LUT6=5)
  Clock Path Skew:        -0.013ns (DCD - SCD + CPR)
    Destination Clock Delay (DCD):    0.029ns = ( 10.029 - 10.000 ) 
    Source Clock Delay      (SCD):    0.042ns
    Clock Pessimism Removal (CPR):    0.000ns
  Clock Uncertainty:      0.185ns  ((TSJ^2 + TIJ^2)^1/2 + DJ) / 2 + PE + UU
    Total System Jitter     (TSJ):    0.071ns
    Total Input Jitter      (TIJ):    0.000ns
    Discrete Jitter          (DJ):    0.000ns
    Phase Error              (PE):    0.000ns
    User Uncertainty         (UU):    0.150ns

    Location             Delay type                Incr(ns)  Path(ns)    Netlist Resource(s)
  -------------------------------------------------------------------    -------------------
                         (clock clk rise edge)        0.000     0.000 r  
                                                      0.000     0.000 r  clk (IN)
                         net (fo=10381, unset)        0.042     0.042    clk
    SLICE_X42Y161        FDCE                                         r  state_reg[6]_rep__5/C
  -------------------------------------------------------------------    -------------------
    SLICE_X42Y161        FDCE (Prop_EFF2_SLICEL_C_Q)
                                                      0.116     0.158 r  state_reg[6]_rep__5/Q
                         net (fo=125, routed)         0.115     0.273    u_mc/HAS_H_GEN.u_hrf/m1_i_17__1_0
    SLICE_X42Y163        LUT2 (Prop_A6LUT_SLICEL_I1_O)
                                                      0.082     0.355 f  u_mc/HAS_H_GEN.u_hrf/m1_i_18/O
                         net (fo=7, routed)           0.557     0.912    u_mc/PE_LANE[0].u_pe/mem[0][87]_i_11
    SLICE_X44Y179        LUT6 (Prop_H6LUT_SLICEL_I0_O)
                                                      0.083     0.995 r  u_mc/PE_LANE[0].u_pe/m1_i_17__1/O
                         net (fo=88, routed)          0.540     1.535    u_mc/PE_LANE[4].u_pe/DSP_A_B_DATA_INST_0
    SLICE_X43Y188        LUT4 (Prop_G6LUT_SLICEM_I1_O)
                                                      0.057     1.592 f  u_mc/PE_LANE[4].u_pe/m1_i_12__3/O
                         net (fo=1, routed)           0.348     1.940    u_mc/PE_LANE[4].u_pe/m1/B[4]
    DSP48E2_X11Y75       DSP_A_B_DATA (Prop_DSP_A_B_DATA_DSP48E2_B[4]_B2_DATA[4])
                                                      0.216     2.156 r  u_mc/PE_LANE[4].u_pe/m1/DSP_A_B_DATA_INST/B2_DATA[4]
                         net (fo=1, routed)           0.000     2.156    u_mc/PE_LANE[4].u_pe/m1/DSP_A_B_DATA.B2_DATA<4>
    DSP48E2_X11Y75       DSP_PREADD_DATA (Prop_DSP_PREADD_DATA_DSP48E2_B2_DATA[4]_B2B1[4])
                                                      0.097     2.253 r  u_mc/PE_LANE[4].u_pe/m1/DSP_PREADD_DATA_INST/B2B1[4]
                         net (fo=1, routed)           0.000     2.253    u_mc/PE_LANE[4].u_pe/m1/DSP_PREADD_DATA.B2B1<4>
    DSP48E2_X11Y75       DSP_MULTIPLIER (Prop_DSP_MULTIPLIER_DSP48E2_B2B1[4]_U[7])
                                                      0.773     3.026 f  u_mc/PE_LANE[4].u_pe/m1/DSP_MULTIPLIER_INST/U[7]
                         net (fo=1, routed)           0.000     3.026    u_mc/PE_LANE[4].u_pe/m1/DSP_MULTIPLIER.U<7>
    DSP48E2_X11Y75       DSP_M_DATA (Prop_DSP_M_DATA_DSP48E2_U[7]_U_DATA[7])
                                                      0.067     3.093 r  u_mc/PE_LANE[4].u_pe/m1/DSP_M_DATA_INST/U_DATA[7]
                         net (fo=1, routed)           0.000     3.093    u_mc/PE_LANE[4].u_pe/m1/DSP_M_DATA.U_DATA<7>
    DSP48E2_X11Y75       DSP_ALU (Prop_DSP_ALU_DSP48E2_U_DATA[7]_ALU_OUT[7])
                                                      0.727     3.820 f  u_mc/PE_LANE[4].u_pe/m1/DSP_ALU_INST/ALU_OUT[7]
                         net (fo=1, routed)           0.000     3.820    u_mc/PE_LANE[4].u_pe/m1/DSP_ALU.ALU_OUT<7>
    DSP48E2_X11Y75       DSP_OUTPUT (Prop_DSP_OUTPUT_DSP48E2_ALU_OUT[7]_P[7])
                                                      0.146     3.966 r  u_mc/PE_LANE[4].u_pe/m1/DSP_OUTPUT_INST/P[7]
                         net (fo=3, routed)           0.411     4.377    u_mc/PE_LANE[4].u_pe/m12_sum/C[7]
    DSP48E2_X11Y76       DSP_C_DATA (Prop_DSP_C_DATA_DSP48E2_C[7]_C_DATA[7])
                                                      0.135     4.512 r  u_mc/PE_LANE[4].u_pe/m12_sum/DSP_C_DATA_INST/C_DATA[7]
                         net (fo=2, routed)           0.000     4.512    u_mc/PE_LANE[4].u_pe/m12_sum/DSP_C_DATA.C_DATA<7>
    DSP48E2_X11Y76       DSP_ALU (Prop_DSP_ALU_DSP48E2_C_DATA[7]_ALU_OUT[12])
                                                      0.786     5.298 f  u_mc/PE_LANE[4].u_pe/m12_sum/DSP_ALU_INST/ALU_OUT[12]
                         net (fo=1, routed)           0.000     5.298    u_mc/PE_LANE[4].u_pe/m12_sum/DSP_ALU.ALU_OUT<12>
    DSP48E2_X11Y76       DSP_OUTPUT (Prop_DSP_OUTPUT_DSP48E2_ALU_OUT[12]_P[12])
                                                      0.146     5.444 r  u_mc/PE_LANE[4].u_pe/m12_sum/DSP_OUTPUT_INST/P[12]
                         net (fo=3, routed)           0.440     5.883    u_mc/PE_LANE[4].u_pe/m12_sum__0[12]
    SLICE_X40Y194        LUT6 (Prop_E6LUT_SLICEM_I2_O)
                                                      0.152     6.035 r  u_mc/PE_LANE[4].u_pe/acc_raw[15]_i_15__12/O
                         net (fo=1, routed)           0.018     6.053    u_mc/PE_LANE[4].u_pe/acc_raw[15]_i_15__12_n_0
    SLICE_X40Y194        CARRY8 (Prop_CARRY8_SLICEM_S[4]_CO[7])
                                                      0.236     6.289 r  u_mc/PE_LANE[4].u_pe/acc_raw_reg[15]_i_3__12/CO[7]
                         net (fo=1, routed)           0.030     6.319    u_mc/PE_LANE[4].u_pe/acc_raw_reg[15]_i_3__12_n_0
    SLICE_X40Y195        CARRY8 (Prop_CARRY8_SLICEM_CI_CO[7])
                                                      0.065     6.384 r  u_mc/PE_LANE[4].u_pe/acc_raw_reg[26]_i_6__0/CO[7]
                         net (fo=1, routed)           0.030     6.414    u_mc/PE_LANE[4].u_pe/acc_raw_reg[26]_i_6__0_n_0
    SLICE_X40Y196        CARRY8 (Prop_CARRY8_SLICEM_CI_CO[7])
                                                      0.065     6.479 r  u_mc/PE_LANE[4].u_pe/acc_raw_reg[26]_i_5__12/CO[7]
                         net (fo=1, routed)           0.030     6.509    u_mc/PE_LANE[4].u_pe/acc_raw_reg[26]_i_5__12_n_0
    SLICE_X40Y197        CARRY8 (Prop_CARRY8_SLICEM_CI_O[2])
                                                      0.093     6.602 r  u_mc/PE_LANE[4].u_pe/acc_raw_reg[39]_i_3__12/O[2]
                         net (fo=4, routed)           0.357     6.960    PE_LANE[4].u_pe/mac_acc[34]
    SLICE_X42Y197        LUT2 (Prop_A6LUT_SLICEL_I1_O)
                                                      0.137     7.097 f  out_val[15]_i_101__12/O
                         net (fo=2, routed)           0.143     7.240    u_mc/PE_LANE[4].u_pe/out_val_reg[15]_i_14__0_2
    SLICE_X43Y197        LUT6 (Prop_H6LUT_SLICEM_I5_O)
                                                      0.228     7.468 f  u_mc/PE_LANE[4].u_pe/out_val[15]_i_49__12/O
                         net (fo=1, routed)           0.291     7.759    u_mc/PE_LANE[4].u_pe/out_val[15]_i_49__12_n_0
    SLICE_X43Y195        CARRY8 (Prop_CARRY8_SLICEM_DI[4]_CO[7])
                                                      0.137     7.896 f  u_mc/PE_LANE[4].u_pe/out_val_reg[15]_i_14__0/CO[7]
                         net (fo=1, routed)           0.030     7.926    u_mc/PE_LANE[4].u_pe/out_val_reg[15]_i_14__0_n_0
    SLICE_X43Y196        CARRY8 (Prop_CARRY8_SLICEM_CI_CO[4])
                                                      0.128     8.054 f  u_mc/PE_LANE[4].u_pe/out_val_reg[15]_i_4__0/CO[4]
                         net (fo=2, routed)           0.326     8.379    u_fifo_m6/out_val[0]_i_2__16[0]
    SLICE_X45Y196        LUT3 (Prop_E6LUT_SLICEM_I2_O)
                                                      0.057     8.436 r  u_fifo_m6/out_val[14]_i_18__0/O
                         net (fo=15, routed)          0.307     8.744    u_mc/PE_LANE[4].u_pe/out_val_reg[14]_4
    SLICE_X47Y195        LUT6 (Prop_G6LUT_SLICEL_I5_O)
                                                      0.151     8.895 r  u_mc/PE_LANE[4].u_pe/out_val[10]_i_2__16/O
                         net (fo=1, routed)           0.107     9.002    u_mc/PE_LANE[4].u_pe/out_val[10]_i_2__16_n_0
    SLICE_X47Y197        LUT6 (Prop_H6LUT_SLICEL_I5_O)
                                                      0.153     9.155 r  u_mc/PE_LANE[4].u_pe/out_val[10]_i_1__16/O
                         net (fo=3, routed)           0.624     9.779    u_mc/PE_LANE[4].u_pe/wdata[10]
    SLICE_X49Y199        FDCE                                         r  u_mc/PE_LANE[4].u_pe/out_val_reg[10]/D
  -------------------------------------------------------------------    -------------------

                         (clock clk rise edge)       10.000    10.000 r  
                                                      0.000    10.000 r  clk (IN)
                         net (fo=10381, unset)        0.029    10.029    u_mc/PE_LANE[4].u_pe/clk
    SLICE_X49Y199        FDCE                                         r  u_mc/PE_LANE[4].u_pe/out_val_reg[10]/C
                         clock pessimism              0.000    10.029    
                         clock uncertainty           -0.185     9.844    
    SLICE_X49Y199        FDCE (Setup_AFF2_SLICEL_C_D)
                                                      0.046     9.890    u_mc/PE_LANE[4].u_pe/out_val_reg[10]
  -------------------------------------------------------------------
                         required time                          9.890    
                         arrival time                          -9.779    
  -------------------------------------------------------------------
                         slack                                  0.111    

Slack (MET) :             0.112ns  (required time - arrival time)
  Source:                 state_reg[1]_rep__2/C
                            (rising edge-triggered cell FDCE clocked by clk  {rise@0.000ns fall@5.000ns period=10.000ns})
  Destination:            u_fifo_m6/mem_reg[1][164]/D
                            (rising edge-triggered cell FDRE clocked by clk  {rise@0.000ns fall@5.000ns period=10.000ns})
  Path Group:             clk
  Path Type:              Setup (Max at Slow Process Corner)
  Requirement:            10.000ns  (clk rise@10.000ns - clk rise@0.000ns)
  Data Path Delay:        9.735ns  (logic 5.115ns (52.544%)  route 4.620ns (47.456%))
  Logic Levels:           25  (CARRY8=7 DSP_A_B_DATA=1 DSP_ALU=2 DSP_C_DATA=1 DSP_M_DATA=1 DSP_MULTIPLIER=1 DSP_OUTPUT=2 DSP_PREADD_DATA=1 LUT2=1 LUT3=1 LUT4=1 LUT5=1 LUT6=5)
  Clock Path Skew:        -0.011ns (DCD - SCD + CPR)
    Destination Clock Delay (DCD):    0.031ns = ( 10.031 - 10.000 ) 
    Source Clock Delay      (SCD):    0.042ns
    Clock Pessimism Removal (CPR):    0.000ns
  Clock Uncertainty:      0.185ns  ((TSJ^2 + TIJ^2)^1/2 + DJ) / 2 + PE + UU
    Total System Jitter     (TSJ):    0.071ns
    Total Input Jitter      (TIJ):    0.000ns
    Discrete Jitter          (DJ):    0.000ns
    Phase Error              (PE):    0.000ns
    User Uncertainty         (UU):    0.150ns

    Location             Delay type                Incr(ns)  Path(ns)    Netlist Resource(s)
  -------------------------------------------------------------------    -------------------
                         (clock clk rise edge)        0.000     0.000 r  
                                                      0.000     0.000 r  clk (IN)
                         net (fo=10381, unset)        0.042     0.042    clk
    SLICE_X44Y172        FDCE                                         r  state_reg[1]_rep__2/C
  -------------------------------------------------------------------    -------------------
    SLICE_X44Y172        FDCE (Prop_HFF2_SLICEL_C_Q)
                                                      0.115     0.157 r  state_reg[1]_rep__2/Q
                         net (fo=24, routed)          0.153     0.310    u_mc/HAS_H_GEN.u_hrf/state_reg[1]_rep__2_n_0_alias
    SLICE_X44Y170        LUT5 (Prop_A6LUT_SLICEL_I2_O)
                                                      0.225     0.535 f  u_mc/HAS_H_GEN.u_hrf/m6_h_wr_en_r_i_2/O
                         net (fo=9, routed)           0.448     0.983    u_mc/PE_LANE[7].u_pe/mem[0][135]_i_11_0
    SLICE_X43Y157        LUT6 (Prop_A6LUT_SLICEM_I1_O)
                                                      0.058     1.041 r  u_mc/PE_LANE[7].u_pe/m1_i_17__0/O
                         net (fo=178, routed)         0.542     1.584    u_mc/PE_LANE[10].u_pe/DSP_A_B_DATA_INST_0
    SLICE_X48Y155        LUT4 (Prop_H6LUT_SLICEL_I1_O)
                                                      0.058     1.642 f  u_mc/PE_LANE[10].u_pe/m1_i_15__9/O
                         net (fo=1, routed)           0.689     2.331    u_mc/PE_LANE[10].u_pe/m1/B[1]
    DSP48E2_X12Y62       DSP_A_B_DATA (Prop_DSP_A_B_DATA_DSP48E2_B[1]_B2_DATA[1])
                                                      0.216     2.547 r  u_mc/PE_LANE[10].u_pe/m1/DSP_A_B_DATA_INST/B2_DATA[1]
                         net (fo=1, routed)           0.000     2.547    u_mc/PE_LANE[10].u_pe/m1/DSP_A_B_DATA.B2_DATA<1>
    DSP48E2_X12Y62       DSP_PREADD_DATA (Prop_DSP_PREADD_DATA_DSP48E2_B2_DATA[1]_B2B1[1])
                                                      0.097     2.644 r  u_mc/PE_LANE[10].u_pe/m1/DSP_PREADD_DATA_INST/B2B1[1]
                         net (fo=1, routed)           0.000     2.644    u_mc/PE_LANE[10].u_pe/m1/DSP_PREADD_DATA.B2B1<1>
    DSP48E2_X12Y62       DSP_MULTIPLIER (Prop_DSP_MULTIPLIER_DSP48E2_B2B1[1]_U[1])
                                                      0.773     3.417 f  u_mc/PE_LANE[10].u_pe/m1/DSP_MULTIPLIER_INST/U[1]
                         net (fo=1, routed)           0.000     3.417    u_mc/PE_LANE[10].u_pe/m1/DSP_MULTIPLIER.U<1>
    DSP48E2_X12Y62       DSP_M_DATA (Prop_DSP_M_DATA_DSP48E2_U[1]_U_DATA[1])
                                                      0.067     3.484 r  u_mc/PE_LANE[10].u_pe/m1/DSP_M_DATA_INST/U_DATA[1]
                         net (fo=1, routed)           0.000     3.484    u_mc/PE_LANE[10].u_pe/m1/DSP_M_DATA.U_DATA<1>
    DSP48E2_X12Y62       DSP_ALU (Prop_DSP_ALU_DSP48E2_U_DATA[1]_ALU_OUT[1])
                                                      0.727     4.211 f  u_mc/PE_LANE[10].u_pe/m1/DSP_ALU_INST/ALU_OUT[1]
                         net (fo=1, routed)           0.000     4.211    u_mc/PE_LANE[10].u_pe/m1/DSP_ALU.ALU_OUT<1>
    DSP48E2_X12Y62       DSP_OUTPUT (Prop_DSP_OUTPUT_DSP48E2_ALU_OUT[1]_P[1])
                                                      0.146     4.357 r  u_mc/PE_LANE[10].u_pe/m1/DSP_OUTPUT_INST/P[1]
                         net (fo=3, routed)           0.155     4.512    u_mc/PE_LANE[10].u_pe/m12_sum/C[1]
    DSP48E2_X12Y63       DSP_C_DATA (Prop_DSP_C_DATA_DSP48E2_C[1]_C_DATA[1])
                                                      0.135     4.647 r  u_mc/PE_LANE[10].u_pe/m12_sum/DSP_C_DATA_INST/C_DATA[1]
                         net (fo=2, routed)           0.000     4.647    u_mc/PE_LANE[10].u_pe/m12_sum/DSP_C_DATA.C_DATA<1>
    DSP48E2_X12Y63       DSP_ALU (Prop_DSP_ALU_DSP48E2_C_DATA[1]_ALU_OUT[2])
                                                      0.786     5.433 f  u_mc/PE_LANE[10].u_pe/m12_sum/DSP_ALU_INST/ALU_OUT[2]
                         net (fo=1, routed)           0.000     5.433    u_mc/PE_LANE[10].u_pe/m12_sum/DSP_ALU.ALU_OUT<2>
    DSP48E2_X12Y63       DSP_OUTPUT (Prop_DSP_OUTPUT_DSP48E2_ALU_OUT[2]_P[2])
                                                      0.146     5.579 r  u_mc/PE_LANE[10].u_pe/m12_sum/DSP_OUTPUT_INST/P[2]
                         net (fo=2, routed)           0.380     5.959    u_mc/PE_LANE[10].u_pe/m12_sum__0[2]
    SLICE_X54Y155        LUT6 (Prop_C6LUT_SLICEM_I2_O)
                                                      0.220     6.179 r  u_mc/PE_LANE[10].u_pe/acc_raw[7]_i_17__17/O
                         net (fo=1, routed)           0.029     6.208    u_mc/PE_LANE[10].u_pe/acc_raw[7]_i_17__17_n_0
    SLICE_X54Y155        CARRY8 (Prop_CARRY8_SLICEM_S[2]_CO[7])
                                                      0.229     6.437 r  u_mc/PE_LANE[10].u_pe/acc_raw_reg[7]_i_3__17/CO[7]
                         net (fo=1, routed)           0.030     6.467    u_mc/PE_LANE[10].u_pe/acc_raw_reg[7]_i_3__17_n_0
    SLICE_X54Y156        CARRY8 (Prop_CARRY8_SLICEM_CI_CO[7])
                                                      0.065     6.532 r  u_mc/PE_LANE[10].u_pe/acc_raw_reg[15]_i_3__17/CO[7]
                         net (fo=1, routed)           0.030     6.562    u_mc/PE_LANE[10].u_pe/acc_raw_reg[15]_i_3__17_n_0
    SLICE_X54Y157        CARRY8 (Prop_CARRY8_SLICEM_CI_CO[7])
                                                      0.065     6.627 r  u_mc/PE_LANE[10].u_pe/mem_reg[0][175]_i_16/CO[7]
                         net (fo=1, routed)           0.030     6.657    u_mc/PE_LANE[10].u_pe/mem_reg[0][175]_i_16_n_0
    SLICE_X54Y158        CARRY8 (Prop_CARRY8_SLICEM_CI_CO[7])
                                                      0.065     6.722 r  u_mc/PE_LANE[10].u_pe/mem_reg[0][175]_i_5/CO[7]
                         net (fo=1, routed)           0.030     6.752    u_mc/PE_LANE[10].u_pe/mem_reg[0][175]_i_5_n_0
    SLICE_X54Y159        CARRY8 (Prop_CARRY8_SLICEM_CI_O[6])
                                                      0.157     6.909 r  u_mc/PE_LANE[10].u_pe/acc_raw_reg[39]_i_3__17/O[6]
                         net (fo=4, routed)           0.580     7.488    PE_LANE[10].u_pe/mac_acc[38]
    SLICE_X50Y158        LUT2 (Prop_E6LUT_SLICEL_I1_O)
                                                      0.083     7.571 f  mem[0][175]_i_134/O
                         net (fo=2, routed)           0.220     7.791    u_mc/PE_LANE[10].u_pe/mem_reg[0][175]_i_33_0
    SLICE_X49Y159        LUT6 (Prop_H6LUT_SLICEL_I5_O)
                                                      0.083     7.874 f  u_mc/PE_LANE[10].u_pe/mem[0][175]_i_82/O
                         net (fo=1, routed)           0.261     8.135    u_mc/PE_LANE[10].u_pe/mem[0][175]_i_82_n_0
    SLICE_X51Y159        CARRY8 (Prop_CARRY8_SLICEL_DI[6]_CO[7])
                                                      0.084     8.219 f  u_mc/PE_LANE[10].u_pe/mem_reg[0][175]_i_33/CO[7]
                         net (fo=1, routed)           0.030     8.249    u_mc/PE_LANE[10].u_pe/mem_reg[0][175]_i_33_n_0
    SLICE_X51Y160        CARRY8 (Prop_CARRY8_SLICEL_CI_CO[4])
                                                      0.128     8.377 f  u_mc/PE_LANE[10].u_pe/mem_reg[0][175]_i_6/CO[4]
                         net (fo=2, routed)           0.363     8.740    u_fifo_m6/mem[0][160]_i_2[0]
    SLICE_X55Y158        LUT3 (Prop_G6LUT_SLICEL_I2_O)
                                                      0.082     8.822 r  u_fifo_m6/mem[0][174]_i_19/O
                         net (fo=15, routed)          0.311     9.133    u_mc/PE_LANE[10].u_pe/out_val_reg[14]_4
    SLICE_X56Y155        LUT6 (Prop_C6LUT_SLICEL_I5_O)
                                                      0.081     9.214 r  u_mc/PE_LANE[10].u_pe/mem[0][164]_i_2/O
                         net (fo=1, routed)           0.071     9.285    u_mc/PE_LANE[10].u_pe/mem[0][164]_i_2_n_0
    SLICE_X56Y155        LUT6 (Prop_F6LUT_SLICEL_I5_O)
                                                      0.224     9.509 r  u_mc/PE_LANE[10].u_pe/mem[0][164]_i_1/O
                         net (fo=3, routed)           0.267     9.777    u_fifo_m6/wdata[164]
    SLICE_X58Y155        FDRE                                         r  u_fifo_m6/mem_reg[1][164]/D
  -------------------------------------------------------------------    -------------------

                         (clock clk rise edge)       10.000    10.000 r  
                                                      0.000    10.000 r  clk (IN)
                         net (fo=10381, unset)        0.031    10.031    u_fifo_m6/clk
    SLICE_X58Y155        FDRE                                         r  u_fifo_m6/mem_reg[1][164]/C
                         clock pessimism              0.000    10.031    
                         clock uncertainty           -0.185     9.846    
    SLICE_X58Y155        FDRE (Setup_GFF_SLICEM_C_D)
                                                      0.043     9.889    u_fifo_m6/mem_reg[1][164]
  -------------------------------------------------------------------
                         required time                          9.889    
                         arrival time                          -9.777    
  -------------------------------------------------------------------
                         slack                                  0.112    

Slack (MET) :             0.114ns  (required time - arrival time)
  Source:                 state_reg[1]_rep__2/C
                            (rising edge-triggered cell FDCE clocked by clk  {rise@0.000ns fall@5.000ns period=10.000ns})
  Destination:            u_mc/PE_LANE[10].u_pe/out_val_reg[14]/D
                            (rising edge-triggered cell FDCE clocked by clk  {rise@0.000ns fall@5.000ns period=10.000ns})
  Path Group:             clk
  Path Type:              Setup (Max at Slow Process Corner)
  Requirement:            10.000ns  (clk rise@10.000ns - clk rise@0.000ns)
  Data Path Delay:        9.736ns  (logic 5.028ns (51.645%)  route 4.708ns (48.355%))
  Logic Levels:           25  (CARRY8=7 DSP_A_B_DATA=1 DSP_ALU=2 DSP_C_DATA=1 DSP_M_DATA=1 DSP_MULTIPLIER=1 DSP_OUTPUT=2 DSP_PREADD_DATA=1 LUT2=1 LUT3=1 LUT4=1 LUT5=1 LUT6=5)
  Clock Path Skew:        -0.011ns (DCD - SCD + CPR)
    Destination Clock Delay (DCD):    0.031ns = ( 10.031 - 10.000 ) 
    Source Clock Delay      (SCD):    0.042ns
    Clock Pessimism Removal (CPR):    0.000ns
  Clock Uncertainty:      0.185ns  ((TSJ^2 + TIJ^2)^1/2 + DJ) / 2 + PE + UU
    Total System Jitter     (TSJ):    0.071ns
    Total Input Jitter      (TIJ):    0.000ns
    Discrete Jitter          (DJ):    0.000ns
    Phase Error              (PE):    0.000ns
    User Uncertainty         (UU):    0.150ns

    Location             Delay type                Incr(ns)  Path(ns)    Netlist Resource(s)
  -------------------------------------------------------------------    -------------------
                         (clock clk rise edge)        0.000     0.000 r  
                                                      0.000     0.000 r  clk (IN)
                         net (fo=10381, unset)        0.042     0.042    clk
    SLICE_X44Y172        FDCE                                         r  state_reg[1]_rep__2/C
  -------------------------------------------------------------------    -------------------
    SLICE_X44Y172        FDCE (Prop_HFF2_SLICEL_C_Q)
                                                      0.115     0.157 r  state_reg[1]_rep__2/Q
                         net (fo=24, routed)          0.153     0.310    u_mc/HAS_H_GEN.u_hrf/state_reg[1]_rep__2_n_0_alias
    SLICE_X44Y170        LUT5 (Prop_A6LUT_SLICEL_I2_O)
                                                      0.225     0.535 f  u_mc/HAS_H_GEN.u_hrf/m6_h_wr_en_r_i_2/O
                         net (fo=9, routed)           0.448     0.983    u_mc/PE_LANE[7].u_pe/mem[0][135]_i_11_0
    SLICE_X43Y157        LUT6 (Prop_A6LUT_SLICEM_I1_O)
                                                      0.058     1.041 r  u_mc/PE_LANE[7].u_pe/m1_i_17__0/O
                         net (fo=178, routed)         0.542     1.584    u_mc/PE_LANE[10].u_pe/DSP_A_B_DATA_INST_0
    SLICE_X48Y155        LUT4 (Prop_H6LUT_SLICEL_I1_O)
                                                      0.058     1.642 f  u_mc/PE_LANE[10].u_pe/m1_i_15__9/O
                         net (fo=1, routed)           0.689     2.331    u_mc/PE_LANE[10].u_pe/m1/B[1]
    DSP48E2_X12Y62       DSP_A_B_DATA (Prop_DSP_A_B_DATA_DSP48E2_B[1]_B2_DATA[1])
                                                      0.216     2.547 r  u_mc/PE_LANE[10].u_pe/m1/DSP_A_B_DATA_INST/B2_DATA[1]
                         net (fo=1, routed)           0.000     2.547    u_mc/PE_LANE[10].u_pe/m1/DSP_A_B_DATA.B2_DATA<1>
    DSP48E2_X12Y62       DSP_PREADD_DATA (Prop_DSP_PREADD_DATA_DSP48E2_B2_DATA[1]_B2B1[1])
                                                      0.097     2.644 r  u_mc/PE_LANE[10].u_pe/m1/DSP_PREADD_DATA_INST/B2B1[1]
                         net (fo=1, routed)           0.000     2.644    u_mc/PE_LANE[10].u_pe/m1/DSP_PREADD_DATA.B2B1<1>
    DSP48E2_X12Y62       DSP_MULTIPLIER (Prop_DSP_MULTIPLIER_DSP48E2_B2B1[1]_U[1])
                                                      0.773     3.417 f  u_mc/PE_LANE[10].u_pe/m1/DSP_MULTIPLIER_INST/U[1]
                         net (fo=1, routed)           0.000     3.417    u_mc/PE_LANE[10].u_pe/m1/DSP_MULTIPLIER.U<1>
    DSP48E2_X12Y62       DSP_M_DATA (Prop_DSP_M_DATA_DSP48E2_U[1]_U_DATA[1])
                                                      0.067     3.484 r  u_mc/PE_LANE[10].u_pe/m1/DSP_M_DATA_INST/U_DATA[1]
                         net (fo=1, routed)           0.000     3.484    u_mc/PE_LANE[10].u_pe/m1/DSP_M_DATA.U_DATA<1>
    DSP48E2_X12Y62       DSP_ALU (Prop_DSP_ALU_DSP48E2_U_DATA[1]_ALU_OUT[1])
                                                      0.727     4.211 f  u_mc/PE_LANE[10].u_pe/m1/DSP_ALU_INST/ALU_OUT[1]
                         net (fo=1, routed)           0.000     4.211    u_mc/PE_LANE[10].u_pe/m1/DSP_ALU.ALU_OUT<1>
    DSP48E2_X12Y62       DSP_OUTPUT (Prop_DSP_OUTPUT_DSP48E2_ALU_OUT[1]_P[1])
                                                      0.146     4.357 r  u_mc/PE_LANE[10].u_pe/m1/DSP_OUTPUT_INST/P[1]
                         net (fo=3, routed)           0.155     4.512    u_mc/PE_LANE[10].u_pe/m12_sum/C[1]
    DSP48E2_X12Y63       DSP_C_DATA (Prop_DSP_C_DATA_DSP48E2_C[1]_C_DATA[1])
                                                      0.135     4.647 r  u_mc/PE_LANE[10].u_pe/m12_sum/DSP_C_DATA_INST/C_DATA[1]
                         net (fo=2, routed)           0.000     4.647    u_mc/PE_LANE[10].u_pe/m12_sum/DSP_C_DATA.C_DATA<1>
    DSP48E2_X12Y63       DSP_ALU (Prop_DSP_ALU_DSP48E2_C_DATA[1]_ALU_OUT[2])
                                                      0.786     5.433 f  u_mc/PE_LANE[10].u_pe/m12_sum/DSP_ALU_INST/ALU_OUT[2]
                         net (fo=1, routed)           0.000     5.433    u_mc/PE_LANE[10].u_pe/m12_sum/DSP_ALU.ALU_OUT<2>
    DSP48E2_X12Y63       DSP_OUTPUT (Prop_DSP_OUTPUT_DSP48E2_ALU_OUT[2]_P[2])
                                                      0.146     5.579 r  u_mc/PE_LANE[10].u_pe/m12_sum/DSP_OUTPUT_INST/P[2]
                         net (fo=2, routed)           0.380     5.959    u_mc/PE_LANE[10].u_pe/m12_sum__0[2]
    SLICE_X54Y155        LUT6 (Prop_C6LUT_SLICEM_I2_O)
                                                      0.220     6.179 r  u_mc/PE_LANE[10].u_pe/acc_raw[7]_i_17__17/O
                         net (fo=1, routed)           0.029     6.208    u_mc/PE_LANE[10].u_pe/acc_raw[7]_i_17__17_n_0
    SLICE_X54Y155        CARRY8 (Prop_CARRY8_SLICEM_S[2]_CO[7])
                                                      0.229     6.437 r  u_mc/PE_LANE[10].u_pe/acc_raw_reg[7]_i_3__17/CO[7]
                         net (fo=1, routed)           0.030     6.467    u_mc/PE_LANE[10].u_pe/acc_raw_reg[7]_i_3__17_n_0
    SLICE_X54Y156        CARRY8 (Prop_CARRY8_SLICEM_CI_CO[7])
                                                      0.065     6.532 r  u_mc/PE_LANE[10].u_pe/acc_raw_reg[15]_i_3__17/CO[7]
                         net (fo=1, routed)           0.030     6.562    u_mc/PE_LANE[10].u_pe/acc_raw_reg[15]_i_3__17_n_0
    SLICE_X54Y157        CARRY8 (Prop_CARRY8_SLICEM_CI_CO[7])
                                                      0.065     6.627 r  u_mc/PE_LANE[10].u_pe/mem_reg[0][175]_i_16/CO[7]
                         net (fo=1, routed)           0.030     6.657    u_mc/PE_LANE[10].u_pe/mem_reg[0][175]_i_16_n_0
    SLICE_X54Y158        CARRY8 (Prop_CARRY8_SLICEM_CI_CO[7])
                                                      0.065     6.722 r  u_mc/PE_LANE[10].u_pe/mem_reg[0][175]_i_5/CO[7]
                         net (fo=1, routed)           0.030     6.752    u_mc/PE_LANE[10].u_pe/mem_reg[0][175]_i_5_n_0
    SLICE_X54Y159        CARRY8 (Prop_CARRY8_SLICEM_CI_O[6])
                                                      0.157     6.909 r  u_mc/PE_LANE[10].u_pe/acc_raw_reg[39]_i_3__17/O[6]
                         net (fo=4, routed)           0.580     7.488    PE_LANE[10].u_pe/mac_acc[38]
    SLICE_X50Y158        LUT2 (Prop_E6LUT_SLICEL_I1_O)
                                                      0.083     7.571 f  mem[0][175]_i_134/O
                         net (fo=2, routed)           0.220     7.791    u_mc/PE_LANE[10].u_pe/mem_reg[0][175]_i_33_0
    SLICE_X49Y159        LUT6 (Prop_H6LUT_SLICEL_I5_O)
                                                      0.083     7.874 f  u_mc/PE_LANE[10].u_pe/mem[0][175]_i_82/O
                         net (fo=1, routed)           0.261     8.135    u_mc/PE_LANE[10].u_pe/mem[0][175]_i_82_n_0
    SLICE_X51Y159        CARRY8 (Prop_CARRY8_SLICEL_DI[6]_CO[7])
                                                      0.084     8.219 f  u_mc/PE_LANE[10].u_pe/mem_reg[0][175]_i_33/CO[7]
                         net (fo=1, routed)           0.030     8.249    u_mc/PE_LANE[10].u_pe/mem_reg[0][175]_i_33_n_0
    SLICE_X51Y160        CARRY8 (Prop_CARRY8_SLICEL_CI_CO[4])
                                                      0.128     8.377 f  u_mc/PE_LANE[10].u_pe/mem_reg[0][175]_i_6/CO[4]
                         net (fo=2, routed)           0.363     8.740    u_fifo_m6/mem[0][160]_i_2[0]
    SLICE_X55Y158        LUT3 (Prop_G6LUT_SLICEL_I2_O)
                                                      0.082     8.822 r  u_fifo_m6/mem[0][174]_i_19/O
                         net (fo=15, routed)          0.285     9.107    u_mc/PE_LANE[10].u_pe/out_val_reg[14]_4
    SLICE_X57Y157        LUT6 (Prop_F6LUT_SLICEL_I5_O)
                                                      0.136     9.243 r  u_mc/PE_LANE[10].u_pe/mem[0][174]_i_4/O
                         net (fo=1, routed)           0.048     9.291    u_mc/PE_LANE[10].u_pe/mem[0][174]_i_4_n_0
    SLICE_X57Y157        LUT6 (Prop_G6LUT_SLICEL_I5_O)
                                                      0.082     9.373 r  u_mc/PE_LANE[10].u_pe/mem[0][174]_i_1/O
                         net (fo=3, routed)           0.404     9.778    u_mc/PE_LANE[10].u_pe/wdata[14]
    SLICE_X58Y152        FDCE                                         r  u_mc/PE_LANE[10].u_pe/out_val_reg[14]/D
  -------------------------------------------------------------------    -------------------

                         (clock clk rise edge)       10.000    10.000 r  
                                                      0.000    10.000 r  clk (IN)
                         net (fo=10381, unset)        0.031    10.031    u_mc/PE_LANE[10].u_pe/clk
    SLICE_X58Y152        FDCE                                         r  u_mc/PE_LANE[10].u_pe/out_val_reg[14]/C
                         clock pessimism              0.000    10.031    
                         clock uncertainty           -0.185     9.846    
    SLICE_X58Y152        FDCE (Setup_HFF2_SLICEM_C_D)
                                                      0.046     9.892    u_mc/PE_LANE[10].u_pe/out_val_reg[14]
  -------------------------------------------------------------------
                         required time                          9.892    
                         arrival time                          -9.778    
  -------------------------------------------------------------------
                         slack                                  0.114    

Slack (MET) :             0.124ns  (required time - arrival time)
  Source:                 state_reg[1]_rep__2/C
                            (rising edge-triggered cell FDCE clocked by clk  {rise@0.000ns fall@5.000ns period=10.000ns})
  Destination:            u_fifo_m6/mem_reg[0][168]/D
                            (rising edge-triggered cell FDRE clocked by clk  {rise@0.000ns fall@5.000ns period=10.000ns})
  Path Group:             clk
  Path Type:              Setup (Max at Slow Process Corner)
  Requirement:            10.000ns  (clk rise@10.000ns - clk rise@0.000ns)
  Data Path Delay:        9.725ns  (logic 5.030ns (51.720%)  route 4.695ns (48.280%))
  Logic Levels:           25  (CARRY8=7 DSP_A_B_DATA=1 DSP_ALU=2 DSP_C_DATA=1 DSP_M_DATA=1 DSP_MULTIPLIER=1 DSP_OUTPUT=2 DSP_PREADD_DATA=1 LUT2=1 LUT3=1 LUT4=1 LUT5=1 LUT6=5)
  Clock Path Skew:        -0.011ns (DCD - SCD + CPR)
    Destination Clock Delay (DCD):    0.031ns = ( 10.031 - 10.000 ) 
    Source Clock Delay      (SCD):    0.042ns
    Clock Pessimism Removal (CPR):    0.000ns
  Clock Uncertainty:      0.185ns  ((TSJ^2 + TIJ^2)^1/2 + DJ) / 2 + PE + UU
    Total System Jitter     (TSJ):    0.071ns
    Total Input Jitter      (TIJ):    0.000ns
    Discrete Jitter          (DJ):    0.000ns
    Phase Error              (PE):    0.000ns
    User Uncertainty         (UU):    0.150ns

    Location             Delay type                Incr(ns)  Path(ns)    Netlist Resource(s)
  -------------------------------------------------------------------    -------------------
                         (clock clk rise edge)        0.000     0.000 r  
                                                      0.000     0.000 r  clk (IN)
                         net (fo=10381, unset)        0.042     0.042    clk
    SLICE_X44Y172        FDCE                                         r  state_reg[1]_rep__2/C
  -------------------------------------------------------------------    -------------------
    SLICE_X44Y172        FDCE (Prop_HFF2_SLICEL_C_Q)
                                                      0.115     0.157 r  state_reg[1]_rep__2/Q
                         net (fo=24, routed)          0.153     0.310    u_mc/HAS_H_GEN.u_hrf/state_reg[1]_rep__2_n_0_alias
    SLICE_X44Y170        LUT5 (Prop_A6LUT_SLICEL_I2_O)
                                                      0.225     0.535 f  u_mc/HAS_H_GEN.u_hrf/m6_h_wr_en_r_i_2/O
                         net (fo=9, routed)           0.448     0.983    u_mc/PE_LANE[7].u_pe/mem[0][135]_i_11_0
    SLICE_X43Y157        LUT6 (Prop_A6LUT_SLICEM_I1_O)
                                                      0.058     1.041 r  u_mc/PE_LANE[7].u_pe/m1_i_17__0/O
                         net (fo=178, routed)         0.542     1.584    u_mc/PE_LANE[10].u_pe/DSP_A_B_DATA_INST_0
    SLICE_X48Y155        LUT4 (Prop_H6LUT_SLICEL_I1_O)
                                                      0.058     1.642 f  u_mc/PE_LANE[10].u_pe/m1_i_15__9/O
                         net (fo=1, routed)           0.689     2.331    u_mc/PE_LANE[10].u_pe/m1/B[1]
    DSP48E2_X12Y62       DSP_A_B_DATA (Prop_DSP_A_B_DATA_DSP48E2_B[1]_B2_DATA[1])
                                                      0.216     2.547 r  u_mc/PE_LANE[10].u_pe/m1/DSP_A_B_DATA_INST/B2_DATA[1]
                         net (fo=1, routed)           0.000     2.547    u_mc/PE_LANE[10].u_pe/m1/DSP_A_B_DATA.B2_DATA<1>
    DSP48E2_X12Y62       DSP_PREADD_DATA (Prop_DSP_PREADD_DATA_DSP48E2_B2_DATA[1]_B2B1[1])
                                                      0.097     2.644 r  u_mc/PE_LANE[10].u_pe/m1/DSP_PREADD_DATA_INST/B2B1[1]
                         net (fo=1, routed)           0.000     2.644    u_mc/PE_LANE[10].u_pe/m1/DSP_PREADD_DATA.B2B1<1>
    DSP48E2_X12Y62       DSP_MULTIPLIER (Prop_DSP_MULTIPLIER_DSP48E2_B2B1[1]_U[1])
                                                      0.773     3.417 f  u_mc/PE_LANE[10].u_pe/m1/DSP_MULTIPLIER_INST/U[1]
                         net (fo=1, routed)           0.000     3.417    u_mc/PE_LANE[10].u_pe/m1/DSP_MULTIPLIER.U<1>
    DSP48E2_X12Y62       DSP_M_DATA (Prop_DSP_M_DATA_DSP48E2_U[1]_U_DATA[1])
                                                      0.067     3.484 r  u_mc/PE_LANE[10].u_pe/m1/DSP_M_DATA_INST/U_DATA[1]
                         net (fo=1, routed)           0.000     3.484    u_mc/PE_LANE[10].u_pe/m1/DSP_M_DATA.U_DATA<1>
    DSP48E2_X12Y62       DSP_ALU (Prop_DSP_ALU_DSP48E2_U_DATA[1]_ALU_OUT[1])
                                                      0.727     4.211 f  u_mc/PE_LANE[10].u_pe/m1/DSP_ALU_INST/ALU_OUT[1]
                         net (fo=1, routed)           0.000     4.211    u_mc/PE_LANE[10].u_pe/m1/DSP_ALU.ALU_OUT<1>
    DSP48E2_X12Y62       DSP_OUTPUT (Prop_DSP_OUTPUT_DSP48E2_ALU_OUT[1]_P[1])
                                                      0.146     4.357 r  u_mc/PE_LANE[10].u_pe/m1/DSP_OUTPUT_INST/P[1]
                         net (fo=3, routed)           0.155     4.512    u_mc/PE_LANE[10].u_pe/m12_sum/C[1]
    DSP48E2_X12Y63       DSP_C_DATA (Prop_DSP_C_DATA_DSP48E2_C[1]_C_DATA[1])
                                                      0.135     4.647 r  u_mc/PE_LANE[10].u_pe/m12_sum/DSP_C_DATA_INST/C_DATA[1]
                         net (fo=2, routed)           0.000     4.647    u_mc/PE_LANE[10].u_pe/m12_sum/DSP_C_DATA.C_DATA<1>
    DSP48E2_X12Y63       DSP_ALU (Prop_DSP_ALU_DSP48E2_C_DATA[1]_ALU_OUT[2])
                                                      0.786     5.433 f  u_mc/PE_LANE[10].u_pe/m12_sum/DSP_ALU_INST/ALU_OUT[2]
                         net (fo=1, routed)           0.000     5.433    u_mc/PE_LANE[10].u_pe/m12_sum/DSP_ALU.ALU_OUT<2>
    DSP48E2_X12Y63       DSP_OUTPUT (Prop_DSP_OUTPUT_DSP48E2_ALU_OUT[2]_P[2])
                                                      0.146     5.579 r  u_mc/PE_LANE[10].u_pe/m12_sum/DSP_OUTPUT_INST/P[2]
                         net (fo=2, routed)           0.380     5.959    u_mc/PE_LANE[10].u_pe/m12_sum__0[2]
    SLICE_X54Y155        LUT6 (Prop_C6LUT_SLICEM_I2_O)
                                                      0.220     6.179 r  u_mc/PE_LANE[10].u_pe/acc_raw[7]_i_17__17/O
                         net (fo=1, routed)           0.029     6.208    u_mc/PE_LANE[10].u_pe/acc_raw[7]_i_17__17_n_0
    SLICE_X54Y155        CARRY8 (Prop_CARRY8_SLICEM_S[2]_CO[7])
                                                      0.229     6.437 r  u_mc/PE_LANE[10].u_pe/acc_raw_reg[7]_i_3__17/CO[7]
                         net (fo=1, routed)           0.030     6.467    u_mc/PE_LANE[10].u_pe/acc_raw_reg[7]_i_3__17_n_0
    SLICE_X54Y156        CARRY8 (Prop_CARRY8_SLICEM_CI_CO[7])
                                                      0.065     6.532 r  u_mc/PE_LANE[10].u_pe/acc_raw_reg[15]_i_3__17/CO[7]
                         net (fo=1, routed)           0.030     6.562    u_mc/PE_LANE[10].u_pe/acc_raw_reg[15]_i_3__17_n_0
    SLICE_X54Y157        CARRY8 (Prop_CARRY8_SLICEM_CI_CO[7])
                                                      0.065     6.627 r  u_mc/PE_LANE[10].u_pe/mem_reg[0][175]_i_16/CO[7]
                         net (fo=1, routed)           0.030     6.657    u_mc/PE_LANE[10].u_pe/mem_reg[0][175]_i_16_n_0
    SLICE_X54Y158        CARRY8 (Prop_CARRY8_SLICEM_CI_CO[7])
                                                      0.065     6.722 r  u_mc/PE_LANE[10].u_pe/mem_reg[0][175]_i_5/CO[7]
                         net (fo=1, routed)           0.030     6.752    u_mc/PE_LANE[10].u_pe/mem_reg[0][175]_i_5_n_0
    SLICE_X54Y159        CARRY8 (Prop_CARRY8_SLICEM_CI_O[6])
                                                      0.157     6.909 r  u_mc/PE_LANE[10].u_pe/acc_raw_reg[39]_i_3__17/O[6]
                         net (fo=4, routed)           0.580     7.488    PE_LANE[10].u_pe/mac_acc[38]
    SLICE_X50Y158        LUT2 (Prop_E6LUT_SLICEL_I1_O)
                                                      0.083     7.571 f  mem[0][175]_i_134/O
                         net (fo=2, routed)           0.220     7.791    u_mc/PE_LANE[10].u_pe/mem_reg[0][175]_i_33_0
    SLICE_X49Y159        LUT6 (Prop_H6LUT_SLICEL_I5_O)
                                                      0.083     7.874 f  u_mc/PE_LANE[10].u_pe/mem[0][175]_i_82/O
                         net (fo=1, routed)           0.261     8.135    u_mc/PE_LANE[10].u_pe/mem[0][175]_i_82_n_0
    SLICE_X51Y159        CARRY8 (Prop_CARRY8_SLICEL_DI[6]_CO[7])
                                                      0.084     8.219 f  u_mc/PE_LANE[10].u_pe/mem_reg[0][175]_i_33/CO[7]
                         net (fo=1, routed)           0.030     8.249    u_mc/PE_LANE[10].u_pe/mem_reg[0][175]_i_33_n_0
    SLICE_X51Y160        CARRY8 (Prop_CARRY8_SLICEL_CI_CO[4])
                                                      0.128     8.377 f  u_mc/PE_LANE[10].u_pe/mem_reg[0][175]_i_6/CO[4]
                         net (fo=2, routed)           0.363     8.740    u_fifo_m6/mem[0][160]_i_2[0]
    SLICE_X55Y158        LUT3 (Prop_G6LUT_SLICEL_I2_O)
                                                      0.082     8.822 r  u_fifo_m6/mem[0][174]_i_19/O
                         net (fo=15, routed)          0.391     9.213    u_mc/PE_LANE[10].u_pe/out_val_reg[14]_4
    SLICE_X58Y157        LUT6 (Prop_A6LUT_SLICEM_I5_O)
                                                      0.083     9.296 r  u_mc/PE_LANE[10].u_pe/mem[0][168]_i_2/O
                         net (fo=1, routed)           0.053     9.349    u_mc/PE_LANE[10].u_pe/mem[0][168]_i_2_n_0
    SLICE_X58Y157        LUT6 (Prop_B6LUT_SLICEM_I5_O)
                                                      0.137     9.486 r  u_mc/PE_LANE[10].u_pe/mem[0][168]_i_1/O
                         net (fo=3, routed)           0.281     9.767    u_fifo_m6/wdata[168]
    SLICE_X58Y158        FDRE                                         r  u_fifo_m6/mem_reg[0][168]/D
  -------------------------------------------------------------------    -------------------

                         (clock clk rise edge)       10.000    10.000 r  
                                                      0.000    10.000 r  clk (IN)
                         net (fo=10381, unset)        0.031    10.031    u_fifo_m6/clk
    SLICE_X58Y158        FDRE                                         r  u_fifo_m6/mem_reg[0][168]/C
                         clock pessimism              0.000    10.031    
                         clock uncertainty           -0.185     9.846    
    SLICE_X58Y158        FDRE (Setup_HFF2_SLICEM_C_D)
                                                      0.046     9.892    u_fifo_m6/mem_reg[0][168]
  -------------------------------------------------------------------
                         required time                          9.892    
                         arrival time                          -9.767    
  -------------------------------------------------------------------
                         slack                                  0.124    

Slack (MET) :             0.129ns  (required time - arrival time)
  Source:                 state_reg[1]_rep__2/C
                            (rising edge-triggered cell FDCE clocked by clk  {rise@0.000ns fall@5.000ns period=10.000ns})
  Destination:            u_mc/PE_LANE[10].u_pe/out_val_reg[6]/D
                            (rising edge-triggered cell FDCE clocked by clk  {rise@0.000ns fall@5.000ns period=10.000ns})
  Path Group:             clk
  Path Type:              Setup (Max at Slow Process Corner)
  Requirement:            10.000ns  (clk rise@10.000ns - clk rise@0.000ns)
  Data Path Delay:        9.717ns  (logic 4.973ns (51.181%)  route 4.744ns (48.819%))
  Logic Levels:           25  (CARRY8=7 DSP_A_B_DATA=1 DSP_ALU=2 DSP_C_DATA=1 DSP_M_DATA=1 DSP_MULTIPLIER=1 DSP_OUTPUT=2 DSP_PREADD_DATA=1 LUT2=1 LUT3=1 LUT4=1 LUT5=1 LUT6=5)
  Clock Path Skew:        -0.013ns (DCD - SCD + CPR)
    Destination Clock Delay (DCD):    0.029ns = ( 10.029 - 10.000 ) 
    Source Clock Delay      (SCD):    0.042ns
    Clock Pessimism Removal (CPR):    0.000ns
  Clock Uncertainty:      0.185ns  ((TSJ^2 + TIJ^2)^1/2 + DJ) / 2 + PE + UU
    Total System Jitter     (TSJ):    0.071ns
    Total Input Jitter      (TIJ):    0.000ns
    Discrete Jitter          (DJ):    0.000ns
    Phase Error              (PE):    0.000ns
    User Uncertainty         (UU):    0.150ns

    Location             Delay type                Incr(ns)  Path(ns)    Netlist Resource(s)
  -------------------------------------------------------------------    -------------------
                         (clock clk rise edge)        0.000     0.000 r  
                                                      0.000     0.000 r  clk (IN)
                         net (fo=10381, unset)        0.042     0.042    clk
    SLICE_X44Y172        FDCE                                         r  state_reg[1]_rep__2/C
  -------------------------------------------------------------------    -------------------
    SLICE_X44Y172        FDCE (Prop_HFF2_SLICEL_C_Q)
                                                      0.115     0.157 r  state_reg[1]_rep__2/Q
                         net (fo=24, routed)          0.153     0.310    u_mc/HAS_H_GEN.u_hrf/state_reg[1]_rep__2_n_0_alias
    SLICE_X44Y170        LUT5 (Prop_A6LUT_SLICEL_I2_O)
                                                      0.225     0.535 f  u_mc/HAS_H_GEN.u_hrf/m6_h_wr_en_r_i_2/O
                         net (fo=9, routed)           0.448     0.983    u_mc/PE_LANE[7].u_pe/mem[0][135]_i_11_0
    SLICE_X43Y157        LUT6 (Prop_A6LUT_SLICEM_I1_O)
                                                      0.058     1.041 r  u_mc/PE_LANE[7].u_pe/m1_i_17__0/O
                         net (fo=178, routed)         0.542     1.584    u_mc/PE_LANE[10].u_pe/DSP_A_B_DATA_INST_0
    SLICE_X48Y155        LUT4 (Prop_H6LUT_SLICEL_I1_O)
                                                      0.058     1.642 f  u_mc/PE_LANE[10].u_pe/m1_i_15__9/O
                         net (fo=1, routed)           0.689     2.331    u_mc/PE_LANE[10].u_pe/m1/B[1]
    DSP48E2_X12Y62       DSP_A_B_DATA (Prop_DSP_A_B_DATA_DSP48E2_B[1]_B2_DATA[1])
                                                      0.216     2.547 r  u_mc/PE_LANE[10].u_pe/m1/DSP_A_B_DATA_INST/B2_DATA[1]
                         net (fo=1, routed)           0.000     2.547    u_mc/PE_LANE[10].u_pe/m1/DSP_A_B_DATA.B2_DATA<1>
    DSP48E2_X12Y62       DSP_PREADD_DATA (Prop_DSP_PREADD_DATA_DSP48E2_B2_DATA[1]_B2B1[1])
                                                      0.097     2.644 r  u_mc/PE_LANE[10].u_pe/m1/DSP_PREADD_DATA_INST/B2B1[1]
                         net (fo=1, routed)           0.000     2.644    u_mc/PE_LANE[10].u_pe/m1/DSP_PREADD_DATA.B2B1<1>
    DSP48E2_X12Y62       DSP_MULTIPLIER (Prop_DSP_MULTIPLIER_DSP48E2_B2B1[1]_U[1])
                                                      0.773     3.417 f  u_mc/PE_LANE[10].u_pe/m1/DSP_MULTIPLIER_INST/U[1]
                         net (fo=1, routed)           0.000     3.417    u_mc/PE_LANE[10].u_pe/m1/DSP_MULTIPLIER.U<1>
    DSP48E2_X12Y62       DSP_M_DATA (Prop_DSP_M_DATA_DSP48E2_U[1]_U_DATA[1])
                                                      0.067     3.484 r  u_mc/PE_LANE[10].u_pe/m1/DSP_M_DATA_INST/U_DATA[1]
                         net (fo=1, routed)           0.000     3.484    u_mc/PE_LANE[10].u_pe/m1/DSP_M_DATA.U_DATA<1>
    DSP48E2_X12Y62       DSP_ALU (Prop_DSP_ALU_DSP48E2_U_DATA[1]_ALU_OUT[1])
                                                      0.727     4.211 f  u_mc/PE_LANE[10].u_pe/m1/DSP_ALU_INST/ALU_OUT[1]
                         net (fo=1, routed)           0.000     4.211    u_mc/PE_LANE[10].u_pe/m1/DSP_ALU.ALU_OUT<1>
    DSP48E2_X12Y62       DSP_OUTPUT (Prop_DSP_OUTPUT_DSP48E2_ALU_OUT[1]_P[1])
                                                      0.146     4.357 r  u_mc/PE_LANE[10].u_pe/m1/DSP_OUTPUT_INST/P[1]
                         net (fo=3, routed)           0.155     4.512    u_mc/PE_LANE[10].u_pe/m12_sum/C[1]
    DSP48E2_X12Y63       DSP_C_DATA (Prop_DSP_C_DATA_DSP48E2_C[1]_C_DATA[1])
                                                      0.135     4.647 r  u_mc/PE_LANE[10].u_pe/m12_sum/DSP_C_DATA_INST/C_DATA[1]
                         net (fo=2, routed)           0.000     4.647    u_mc/PE_LANE[10].u_pe/m12_sum/DSP_C_DATA.C_DATA<1>
    DSP48E2_X12Y63       DSP_ALU (Prop_DSP_ALU_DSP48E2_C_DATA[1]_ALU_OUT[2])
                                                      0.786     5.433 f  u_mc/PE_LANE[10].u_pe/m12_sum/DSP_ALU_INST/ALU_OUT[2]
                         net (fo=1, routed)           0.000     5.433    u_mc/PE_LANE[10].u_pe/m12_sum/DSP_ALU.ALU_OUT<2>
    DSP48E2_X12Y63       DSP_OUTPUT (Prop_DSP_OUTPUT_DSP48E2_ALU_OUT[2]_P[2])
                                                      0.146     5.579 r  u_mc/PE_LANE[10].u_pe/m12_sum/DSP_OUTPUT_INST/P[2]
                         net (fo=2, routed)           0.380     5.959    u_mc/PE_LANE[10].u_pe/m12_sum__0[2]
    SLICE_X54Y155        LUT6 (Prop_C6LUT_SLICEM_I2_O)
                                                      0.220     6.179 r  u_mc/PE_LANE[10].u_pe/acc_raw[7]_i_17__17/O
                         net (fo=1, routed)           0.029     6.208    u_mc/PE_LANE[10].u_pe/acc_raw[7]_i_17__17_n_0
    SLICE_X54Y155        CARRY8 (Prop_CARRY8_SLICEM_S[2]_CO[7])
                                                      0.229     6.437 r  u_mc/PE_LANE[10].u_pe/acc_raw_reg[7]_i_3__17/CO[7]
                         net (fo=1, routed)           0.030     6.467    u_mc/PE_LANE[10].u_pe/acc_raw_reg[7]_i_3__17_n_0
    SLICE_X54Y156        CARRY8 (Prop_CARRY8_SLICEM_CI_CO[7])
                                                      0.065     6.532 r  u_mc/PE_LANE[10].u_pe/acc_raw_reg[15]_i_3__17/CO[7]
                         net (fo=1, routed)           0.030     6.562    u_mc/PE_LANE[10].u_pe/acc_raw_reg[15]_i_3__17_n_0
    SLICE_X54Y157        CARRY8 (Prop_CARRY8_SLICEM_CI_CO[7])
                                                      0.065     6.627 r  u_mc/PE_LANE[10].u_pe/mem_reg[0][175]_i_16/CO[7]
                         net (fo=1, routed)           0.030     6.657    u_mc/PE_LANE[10].u_pe/mem_reg[0][175]_i_16_n_0
    SLICE_X54Y158        CARRY8 (Prop_CARRY8_SLICEM_CI_CO[7])
                                                      0.065     6.722 r  u_mc/PE_LANE[10].u_pe/mem_reg[0][175]_i_5/CO[7]
                         net (fo=1, routed)           0.030     6.752    u_mc/PE_LANE[10].u_pe/mem_reg[0][175]_i_5_n_0
    SLICE_X54Y159        CARRY8 (Prop_CARRY8_SLICEM_CI_O[6])
                                                      0.157     6.909 r  u_mc/PE_LANE[10].u_pe/acc_raw_reg[39]_i_3__17/O[6]
                         net (fo=4, routed)           0.580     7.488    PE_LANE[10].u_pe/mac_acc[38]
    SLICE_X50Y158        LUT2 (Prop_E6LUT_SLICEL_I1_O)
                                                      0.083     7.571 f  mem[0][175]_i_134/O
                         net (fo=2, routed)           0.220     7.791    u_mc/PE_LANE[10].u_pe/mem_reg[0][175]_i_33_0
    SLICE_X49Y159        LUT6 (Prop_H6LUT_SLICEL_I5_O)
                                                      0.083     7.874 f  u_mc/PE_LANE[10].u_pe/mem[0][175]_i_82/O
                         net (fo=1, routed)           0.261     8.135    u_mc/PE_LANE[10].u_pe/mem[0][175]_i_82_n_0
    SLICE_X51Y159        CARRY8 (Prop_CARRY8_SLICEL_DI[6]_CO[7])
                                                      0.084     8.219 f  u_mc/PE_LANE[10].u_pe/mem_reg[0][175]_i_33/CO[7]
                         net (fo=1, routed)           0.030     8.249    u_mc/PE_LANE[10].u_pe/mem_reg[0][175]_i_33_n_0
    SLICE_X51Y160        CARRY8 (Prop_CARRY8_SLICEL_CI_CO[4])
                                                      0.128     8.377 f  u_mc/PE_LANE[10].u_pe/mem_reg[0][175]_i_6/CO[4]
                         net (fo=2, routed)           0.363     8.740    u_fifo_m6/mem[0][160]_i_2[0]
    SLICE_X55Y158        LUT3 (Prop_G6LUT_SLICEL_I2_O)
                                                      0.082     8.822 r  u_fifo_m6/mem[0][174]_i_19/O
                         net (fo=15, routed)          0.331     9.153    u_mc/PE_LANE[10].u_pe/out_val_reg[14]_4
    SLICE_X56Y157        LUT6 (Prop_F6LUT_SLICEL_I5_O)
                                                      0.081     9.234 r  u_mc/PE_LANE[10].u_pe/mem[0][166]_i_2/O
                         net (fo=1, routed)           0.048     9.282    u_mc/PE_LANE[10].u_pe/mem[0][166]_i_2_n_0
    SLICE_X56Y157        LUT6 (Prop_G6LUT_SLICEL_I5_O)
                                                      0.082     9.364 r  u_mc/PE_LANE[10].u_pe/mem[0][166]_i_1/O
                         net (fo=3, routed)           0.394     9.759    u_mc/PE_LANE[10].u_pe/wdata[6]
    SLICE_X55Y155        FDCE                                         r  u_mc/PE_LANE[10].u_pe/out_val_reg[6]/D
  -------------------------------------------------------------------    -------------------

                         (clock clk rise edge)       10.000    10.000 r  
                                                      0.000    10.000 r  clk (IN)
                         net (fo=10381, unset)        0.029    10.029    u_mc/PE_LANE[10].u_pe/clk
    SLICE_X55Y155        FDCE                                         r  u_mc/PE_LANE[10].u_pe/out_val_reg[6]/C
                         clock pessimism              0.000    10.029    
                         clock uncertainty           -0.185     9.844    
    SLICE_X55Y155        FDCE (Setup_AFF_SLICEL_C_D)
                                                      0.044     9.888    u_mc/PE_LANE[10].u_pe/out_val_reg[6]
  -------------------------------------------------------------------
                         required time                          9.888    
                         arrival time                          -9.759    
  -------------------------------------------------------------------
                         slack                                  0.129    

Slack (MET) :             0.134ns  (required time - arrival time)
  Source:                 state_reg[6]_rep__5/C
                            (rising edge-triggered cell FDCE clocked by clk  {rise@0.000ns fall@5.000ns period=10.000ns})
  Destination:            u_mc/PE_LANE[4].u_pe/out_val_reg[1]/D
                            (rising edge-triggered cell FDCE clocked by clk  {rise@0.000ns fall@5.000ns period=10.000ns})
  Path Group:             clk
  Path Type:              Setup (Max at Slow Process Corner)
  Requirement:            10.000ns  (clk rise@10.000ns - clk rise@0.000ns)
  Data Path Delay:        9.711ns  (logic 4.868ns (50.128%)  route 4.843ns (49.872%))
  Logic Levels:           24  (CARRY8=6 DSP_A_B_DATA=1 DSP_ALU=2 DSP_C_DATA=1 DSP_M_DATA=1 DSP_MULTIPLIER=1 DSP_OUTPUT=2 DSP_PREADD_DATA=1 LUT2=2 LUT3=1 LUT4=1 LUT6=5)
  Clock Path Skew:        -0.013ns (DCD - SCD + CPR)
    Destination Clock Delay (DCD):    0.029ns = ( 10.029 - 10.000 ) 
    Source Clock Delay      (SCD):    0.042ns
    Clock Pessimism Removal (CPR):    0.000ns
  Clock Uncertainty:      0.185ns  ((TSJ^2 + TIJ^2)^1/2 + DJ) / 2 + PE + UU
    Total System Jitter     (TSJ):    0.071ns
    Total Input Jitter      (TIJ):    0.000ns
    Discrete Jitter          (DJ):    0.000ns
    Phase Error              (PE):    0.000ns
    User Uncertainty         (UU):    0.150ns

    Location             Delay type                Incr(ns)  Path(ns)    Netlist Resource(s)
  -------------------------------------------------------------------    -------------------
                         (clock clk rise edge)        0.000     0.000 r  
                                                      0.000     0.000 r  clk (IN)
                         net (fo=10381, unset)        0.042     0.042    clk
    SLICE_X42Y161        FDCE                                         r  state_reg[6]_rep__5/C
  -------------------------------------------------------------------    -------------------
    SLICE_X42Y161        FDCE (Prop_EFF2_SLICEL_C_Q)
                                                      0.116     0.158 r  state_reg[6]_rep__5/Q
                         net (fo=125, routed)         0.115     0.273    u_mc/HAS_H_GEN.u_hrf/m1_i_17__1_0
    SLICE_X42Y163        LUT2 (Prop_A6LUT_SLICEL_I1_O)
                                                      0.082     0.355 f  u_mc/HAS_H_GEN.u_hrf/m1_i_18/O
                         net (fo=7, routed)           0.557     0.912    u_mc/PE_LANE[0].u_pe/mem[0][87]_i_11
    SLICE_X44Y179        LUT6 (Prop_H6LUT_SLICEL_I0_O)
                                                      0.083     0.995 r  u_mc/PE_LANE[0].u_pe/m1_i_17__1/O
                         net (fo=88, routed)          0.540     1.535    u_mc/PE_LANE[4].u_pe/DSP_A_B_DATA_INST_0
    SLICE_X43Y188        LUT4 (Prop_G6LUT_SLICEM_I1_O)
                                                      0.057     1.592 f  u_mc/PE_LANE[4].u_pe/m1_i_12__3/O
                         net (fo=1, routed)           0.348     1.940    u_mc/PE_LANE[4].u_pe/m1/B[4]
    DSP48E2_X11Y75       DSP_A_B_DATA (Prop_DSP_A_B_DATA_DSP48E2_B[4]_B2_DATA[4])
                                                      0.216     2.156 r  u_mc/PE_LANE[4].u_pe/m1/DSP_A_B_DATA_INST/B2_DATA[4]
                         net (fo=1, routed)           0.000     2.156    u_mc/PE_LANE[4].u_pe/m1/DSP_A_B_DATA.B2_DATA<4>
    DSP48E2_X11Y75       DSP_PREADD_DATA (Prop_DSP_PREADD_DATA_DSP48E2_B2_DATA[4]_B2B1[4])
                                                      0.097     2.253 r  u_mc/PE_LANE[4].u_pe/m1/DSP_PREADD_DATA_INST/B2B1[4]
                         net (fo=1, routed)           0.000     2.253    u_mc/PE_LANE[4].u_pe/m1/DSP_PREADD_DATA.B2B1<4>
    DSP48E2_X11Y75       DSP_MULTIPLIER (Prop_DSP_MULTIPLIER_DSP48E2_B2B1[4]_U[7])
                                                      0.773     3.026 f  u_mc/PE_LANE[4].u_pe/m1/DSP_MULTIPLIER_INST/U[7]
                         net (fo=1, routed)           0.000     3.026    u_mc/PE_LANE[4].u_pe/m1/DSP_MULTIPLIER.U<7>
    DSP48E2_X11Y75       DSP_M_DATA (Prop_DSP_M_DATA_DSP48E2_U[7]_U_DATA[7])
                                                      0.067     3.093 r  u_mc/PE_LANE[4].u_pe/m1/DSP_M_DATA_INST/U_DATA[7]
                         net (fo=1, routed)           0.000     3.093    u_mc/PE_LANE[4].u_pe/m1/DSP_M_DATA.U_DATA<7>
    DSP48E2_X11Y75       DSP_ALU (Prop_DSP_ALU_DSP48E2_U_DATA[7]_ALU_OUT[7])
                                                      0.727     3.820 f  u_mc/PE_LANE[4].u_pe/m1/DSP_ALU_INST/ALU_OUT[7]
                         net (fo=1, routed)           0.000     3.820    u_mc/PE_LANE[4].u_pe/m1/DSP_ALU.ALU_OUT<7>
    DSP48E2_X11Y75       DSP_OUTPUT (Prop_DSP_OUTPUT_DSP48E2_ALU_OUT[7]_P[7])
                                                      0.146     3.966 r  u_mc/PE_LANE[4].u_pe/m1/DSP_OUTPUT_INST/P[7]
                         net (fo=3, routed)           0.411     4.377    u_mc/PE_LANE[4].u_pe/m12_sum/C[7]
    DSP48E2_X11Y76       DSP_C_DATA (Prop_DSP_C_DATA_DSP48E2_C[7]_C_DATA[7])
                                                      0.135     4.512 r  u_mc/PE_LANE[4].u_pe/m12_sum/DSP_C_DATA_INST/C_DATA[7]
                         net (fo=2, routed)           0.000     4.512    u_mc/PE_LANE[4].u_pe/m12_sum/DSP_C_DATA.C_DATA<7>
    DSP48E2_X11Y76       DSP_ALU (Prop_DSP_ALU_DSP48E2_C_DATA[7]_ALU_OUT[12])
                                                      0.786     5.298 f  u_mc/PE_LANE[4].u_pe/m12_sum/DSP_ALU_INST/ALU_OUT[12]
                         net (fo=1, routed)           0.000     5.298    u_mc/PE_LANE[4].u_pe/m12_sum/DSP_ALU.ALU_OUT<12>
    DSP48E2_X11Y76       DSP_OUTPUT (Prop_DSP_OUTPUT_DSP48E2_ALU_OUT[12]_P[12])
                                                      0.146     5.444 r  u_mc/PE_LANE[4].u_pe/m12_sum/DSP_OUTPUT_INST/P[12]
                         net (fo=3, routed)           0.440     5.883    u_mc/PE_LANE[4].u_pe/m12_sum__0[12]
    SLICE_X40Y194        LUT6 (Prop_E6LUT_SLICEM_I2_O)
                                                      0.152     6.035 r  u_mc/PE_LANE[4].u_pe/acc_raw[15]_i_15__12/O
                         net (fo=1, routed)           0.018     6.053    u_mc/PE_LANE[4].u_pe/acc_raw[15]_i_15__12_n_0
    SLICE_X40Y194        CARRY8 (Prop_CARRY8_SLICEM_S[4]_CO[7])
                                                      0.236     6.289 r  u_mc/PE_LANE[4].u_pe/acc_raw_reg[15]_i_3__12/CO[7]
                         net (fo=1, routed)           0.030     6.319    u_mc/PE_LANE[4].u_pe/acc_raw_reg[15]_i_3__12_n_0
    SLICE_X40Y195        CARRY8 (Prop_CARRY8_SLICEM_CI_CO[7])
                                                      0.065     6.384 r  u_mc/PE_LANE[4].u_pe/acc_raw_reg[26]_i_6__0/CO[7]
                         net (fo=1, routed)           0.030     6.414    u_mc/PE_LANE[4].u_pe/acc_raw_reg[26]_i_6__0_n_0
    SLICE_X40Y196        CARRY8 (Prop_CARRY8_SLICEM_CI_CO[7])
                                                      0.065     6.479 r  u_mc/PE_LANE[4].u_pe/acc_raw_reg[26]_i_5__12/CO[7]
                         net (fo=1, routed)           0.030     6.509    u_mc/PE_LANE[4].u_pe/acc_raw_reg[26]_i_5__12_n_0
    SLICE_X40Y197        CARRY8 (Prop_CARRY8_SLICEM_CI_O[2])
                                                      0.093     6.602 r  u_mc/PE_LANE[4].u_pe/acc_raw_reg[39]_i_3__12/O[2]
                         net (fo=4, routed)           0.357     6.960    PE_LANE[4].u_pe/mac_acc[34]
    SLICE_X42Y197        LUT2 (Prop_A6LUT_SLICEL_I1_O)
                                                      0.137     7.097 f  out_val[15]_i_101__12/O
                         net (fo=2, routed)           0.143     7.240    u_mc/PE_LANE[4].u_pe/out_val_reg[15]_i_14__0_2
    SLICE_X43Y197        LUT6 (Prop_H6LUT_SLICEM_I5_O)
                                                      0.228     7.468 f  u_mc/PE_LANE[4].u_pe/out_val[15]_i_49__12/O
                         net (fo=1, routed)           0.291     7.759    u_mc/PE_LANE[4].u_pe/out_val[15]_i_49__12_n_0
    SLICE_X43Y195        CARRY8 (Prop_CARRY8_SLICEM_DI[4]_CO[7])
                                                      0.137     7.896 f  u_mc/PE_LANE[4].u_pe/out_val_reg[15]_i_14__0/CO[7]
                         net (fo=1, routed)           0.030     7.926    u_mc/PE_LANE[4].u_pe/out_val_reg[15]_i_14__0_n_0
    SLICE_X43Y196        CARRY8 (Prop_CARRY8_SLICEM_CI_CO[4])
                                                      0.128     8.054 f  u_mc/PE_LANE[4].u_pe/out_val_reg[15]_i_4__0/CO[4]
                         net (fo=2, routed)           0.326     8.379    u_fifo_m6/out_val[0]_i_2__16[0]
    SLICE_X45Y196        LUT3 (Prop_E6LUT_SLICEM_I2_O)
                                                      0.057     8.436 r  u_fifo_m6/out_val[14]_i_18__0/O
                         net (fo=15, routed)          0.369     8.805    u_mc/PE_LANE[4].u_pe/out_val_reg[14]_4
    SLICE_X48Y194        LUT6 (Prop_A6LUT_SLICEL_I5_O)
                                                      0.082     8.887 r  u_mc/PE_LANE[4].u_pe/out_val[1]_i_2__16/O
                         net (fo=1, routed)           0.098     8.985    u_mc/PE_LANE[4].u_pe/out_val[1]_i_2__16_n_0
    SLICE_X48Y195        LUT6 (Prop_D6LUT_SLICEL_I5_O)
                                                      0.057     9.042 r  u_mc/PE_LANE[4].u_pe/out_val[1]_i_1__16/O
                         net (fo=3, routed)           0.711     9.753    u_mc/PE_LANE[4].u_pe/wdata[1]
    SLICE_X49Y200        FDCE                                         r  u_mc/PE_LANE[4].u_pe/out_val_reg[1]/D
  -------------------------------------------------------------------    -------------------

                         (clock clk rise edge)       10.000    10.000 r  
                                                      0.000    10.000 r  clk (IN)
                         net (fo=10381, unset)        0.029    10.029    u_mc/PE_LANE[4].u_pe/clk
    SLICE_X49Y200        FDCE                                         r  u_mc/PE_LANE[4].u_pe/out_val_reg[1]/C
                         clock pessimism              0.000    10.029    
                         clock uncertainty           -0.185     9.844    
    SLICE_X49Y200        FDCE (Setup_EFF_SLICEL_C_D)
                                                      0.044     9.888    u_mc/PE_LANE[4].u_pe/out_val_reg[1]
  -------------------------------------------------------------------
                         required time                          9.888    
                         arrival time                          -9.753    
  -------------------------------------------------------------------
                         slack                                  0.134    





Min Delay Paths
--------------------------------------------------------------------------------------
Slack (MET) :             0.038ns  (arrival time - required time)
  Source:                 u_mc/PE_LANE[8].u_pe/out_val2_reg[15]/C
                            (rising edge-triggered cell FDCE clocked by clk  {rise@0.000ns fall@5.000ns period=10.000ns})
  Destination:            m6_dB_reg_reg[143]/D
                            (rising edge-triggered cell FDCE clocked by clk  {rise@0.000ns fall@5.000ns period=10.000ns})
  Path Group:             clk
  Path Type:              Hold (Min at Slow Process Corner)
  Requirement:            0.000ns  (clk rise@0.000ns - clk rise@0.000ns)
  Data Path Delay:        0.204ns  (logic 0.112ns (54.813%)  route 0.092ns (45.187%))
  Logic Levels:           0  
  Clock Path Skew:        0.013ns (DCD - SCD - CPR)
    Destination Clock Delay (DCD):    0.042ns
    Source Clock Delay      (SCD):    0.029ns
    Clock Pessimism Removal (CPR):    -0.000ns
  Clock Uncertainty:      0.050ns  ((TSJ^2 + TIJ^2)^1/2 + DJ) / 2 + PE + UU
    Total System Jitter     (TSJ):    0.000ns
    Total Input Jitter      (TIJ):    0.000ns
    Discrete Jitter          (DJ):    0.000ns
    Phase Error              (PE):    0.000ns
    User Uncertainty         (UU):    0.050ns

    Location             Delay type                Incr(ns)  Path(ns)    Netlist Resource(s)
  -------------------------------------------------------------------    -------------------
                         (clock clk rise edge)        0.000     0.000 r  
                                                      0.000     0.000 r  clk (IN)
                         net (fo=10381, unset)        0.029     0.029    u_mc/PE_LANE[8].u_pe/clk
    SLICE_X52Y171        FDCE                                         r  u_mc/PE_LANE[8].u_pe/out_val2_reg[15]/C
  -------------------------------------------------------------------    -------------------
    SLICE_X52Y171        FDCE (Prop_CFF_SLICEL_C_Q)
                                                      0.112     0.141 r  u_mc/PE_LANE[8].u_pe/out_val2_reg[15]/Q
                         net (fo=2, routed)           0.092     0.233    cl_out_vec2__0[143]
    SLICE_X52Y169        FDCE                                         r  m6_dB_reg_reg[143]/D
  -------------------------------------------------------------------    -------------------

                         (clock clk rise edge)        0.000     0.000 r  
                                                      0.000     0.000 r  clk (IN)
                         net (fo=10381, unset)        0.042     0.042    clk
    SLICE_X52Y169        FDCE                                         r  m6_dB_reg_reg[143]/C
                         clock pessimism              0.000     0.042    
                         clock uncertainty            0.050     0.092    
    SLICE_X52Y169        FDCE (Hold_HFF2_SLICEL_C_D)
                                                      0.103     0.195    m6_dB_reg_reg[143]
  -------------------------------------------------------------------
                         required time                         -0.195    
                         arrival time                           0.233    
  -------------------------------------------------------------------
                         slack                                  0.038    

Slack (MET) :             0.039ns  (arrival time - required time)
  Source:                 m6_w1_reg_reg[111]/C
                            (rising edge-triggered cell FDCE clocked by clk  {rise@0.000ns fall@5.000ns period=10.000ns})
  Destination:            u_fifo_m6/mem_reg[1][367]/D
                            (rising edge-triggered cell FDRE clocked by clk  {rise@0.000ns fall@5.000ns period=10.000ns})
  Path Group:             clk
  Path Type:              Hold (Min at Slow Process Corner)
  Requirement:            0.000ns  (clk rise@0.000ns - clk rise@0.000ns)
  Data Path Delay:        0.205ns  (logic 0.112ns (54.515%)  route 0.093ns (45.485%))
  Logic Levels:           0  
  Clock Path Skew:        0.013ns (DCD - SCD - CPR)
    Destination Clock Delay (DCD):    0.042ns
    Source Clock Delay      (SCD):    0.029ns
    Clock Pessimism Removal (CPR):    -0.000ns
  Clock Uncertainty:      0.050ns  ((TSJ^2 + TIJ^2)^1/2 + DJ) / 2 + PE + UU
    Total System Jitter     (TSJ):    0.000ns
    Total Input Jitter      (TIJ):    0.000ns
    Discrete Jitter          (DJ):    0.000ns
    Phase Error              (PE):    0.000ns
    User Uncertainty         (UU):    0.050ns

    Location             Delay type                Incr(ns)  Path(ns)    Netlist Resource(s)
  -------------------------------------------------------------------    -------------------
                         (clock clk rise edge)        0.000     0.000 r  
                                                      0.000     0.000 r  clk (IN)
                         net (fo=10381, unset)        0.029     0.029    clk
    SLICE_X27Y200        FDCE                                         r  m6_w1_reg_reg[111]/C
  -------------------------------------------------------------------    -------------------
    SLICE_X27Y200        FDCE (Prop_FFF_SLICEL_C_Q)
                                                      0.112     0.141 r  m6_w1_reg_reg[111]/Q
                         net (fo=2, routed)           0.093     0.234    u_fifo_m6/wdata[352]
    SLICE_X27Y201        FDRE                                         r  u_fifo_m6/mem_reg[1][367]/D
  -------------------------------------------------------------------    -------------------

                         (clock clk rise edge)        0.000     0.000 r  
                                                      0.000     0.000 r  clk (IN)
                         net (fo=10381, unset)        0.042     0.042    u_fifo_m6/clk
    SLICE_X27Y201        FDRE                                         r  u_fifo_m6/mem_reg[1][367]/C
                         clock pessimism              0.000     0.042    
                         clock uncertainty            0.050     0.092    
    SLICE_X27Y201        FDRE (Hold_FFF2_SLICEL_C_D)
                                                      0.103     0.195    u_fifo_m6/mem_reg[1][367]
  -------------------------------------------------------------------
                         required time                         -0.195    
                         arrival time                           0.234    
  -------------------------------------------------------------------
                         slack                                  0.039    

Slack (MET) :             0.042ns  (arrival time - required time)
  Source:                 m6_w1_reg_reg[203]/C
                            (rising edge-triggered cell FDCE clocked by clk  {rise@0.000ns fall@5.000ns period=10.000ns})
  Destination:            u_fifo_m6/mem_reg[1][459]/D
                            (rising edge-triggered cell FDRE clocked by clk  {rise@0.000ns fall@5.000ns period=10.000ns})
  Path Group:             clk
  Path Type:              Hold (Min at Slow Process Corner)
  Requirement:            0.000ns  (clk rise@0.000ns - clk rise@0.000ns)
  Data Path Delay:        0.208ns  (logic 0.112ns (53.846%)  route 0.096ns (46.154%))
  Logic Levels:           0  
  Clock Path Skew:        0.013ns (DCD - SCD - CPR)
    Destination Clock Delay (DCD):    0.042ns
    Source Clock Delay      (SCD):    0.029ns
    Clock Pessimism Removal (CPR):    -0.000ns
  Clock Uncertainty:      0.050ns  ((TSJ^2 + TIJ^2)^1/2 + DJ) / 2 + PE + UU
    Total System Jitter     (TSJ):    0.000ns
    Total Input Jitter      (TIJ):    0.000ns
    Discrete Jitter          (DJ):    0.000ns
    Phase Error              (PE):    0.000ns
    User Uncertainty         (UU):    0.050ns

    Location             Delay type                Incr(ns)  Path(ns)    Netlist Resource(s)
  -------------------------------------------------------------------    -------------------
                         (clock clk rise edge)        0.000     0.000 r  
                                                      0.000     0.000 r  clk (IN)
                         net (fo=10381, unset)        0.029     0.029    clk
    SLICE_X33Y107        FDCE                                         r  m6_w1_reg_reg[203]/C
  -------------------------------------------------------------------    -------------------
    SLICE_X33Y107        FDCE (Prop_EFF_SLICEL_C_Q)
                                                      0.112     0.141 r  m6_w1_reg_reg[203]/Q
                         net (fo=2, routed)           0.096     0.237    u_fifo_m6/wdata[444]
    SLICE_X33Y106        FDRE                                         r  u_fifo_m6/mem_reg[1][459]/D
  -------------------------------------------------------------------    -------------------

                         (clock clk rise edge)        0.000     0.000 r  
                                                      0.000     0.000 r  clk (IN)
                         net (fo=10381, unset)        0.042     0.042    u_fifo_m6/clk
    SLICE_X33Y106        FDRE                                         r  u_fifo_m6/mem_reg[1][459]/C
                         clock pessimism              0.000     0.042    
                         clock uncertainty            0.050     0.092    
    SLICE_X33Y106        FDRE (Hold_GFF2_SLICEL_C_D)
                                                      0.103     0.195    u_fifo_m6/mem_reg[1][459]
  -------------------------------------------------------------------
                         required time                         -0.195    
                         arrival time                           0.237    
  -------------------------------------------------------------------
                         slack                                  0.042    

Slack (MET) :             0.043ns  (arrival time - required time)
  Source:                 m6_w1_reg_reg[131]/C
                            (rising edge-triggered cell FDCE clocked by clk  {rise@0.000ns fall@5.000ns period=10.000ns})
  Destination:            u_fifo_m6/mem_reg[0][387]/D
                            (rising edge-triggered cell FDRE clocked by clk  {rise@0.000ns fall@5.000ns period=10.000ns})
  Path Group:             clk
  Path Type:              Hold (Min at Slow Process Corner)
  Requirement:            0.000ns  (clk rise@0.000ns - clk rise@0.000ns)
  Data Path Delay:        0.209ns  (logic 0.112ns (53.559%)  route 0.097ns (46.441%))
  Logic Levels:           0  
  Clock Path Skew:        0.013ns (DCD - SCD - CPR)
    Destination Clock Delay (DCD):    0.042ns
    Source Clock Delay      (SCD):    0.029ns
    Clock Pessimism Removal (CPR):    -0.000ns
  Clock Uncertainty:      0.050ns  ((TSJ^2 + TIJ^2)^1/2 + DJ) / 2 + PE + UU
    Total System Jitter     (TSJ):    0.000ns
    Total Input Jitter      (TIJ):    0.000ns
    Discrete Jitter          (DJ):    0.000ns
    Phase Error              (PE):    0.000ns
    User Uncertainty         (UU):    0.050ns

    Location             Delay type                Incr(ns)  Path(ns)    Netlist Resource(s)
  -------------------------------------------------------------------    -------------------
                         (clock clk rise edge)        0.000     0.000 r  
                                                      0.000     0.000 r  clk (IN)
                         net (fo=10381, unset)        0.029     0.029    clk
    SLICE_X16Y159        FDCE                                         r  m6_w1_reg_reg[131]/C
  -------------------------------------------------------------------    -------------------
    SLICE_X16Y159        FDCE (Prop_EFF_SLICEL_C_Q)
                                                      0.112     0.141 r  m6_w1_reg_reg[131]/Q
                         net (fo=2, routed)           0.097     0.238    u_fifo_m6/wdata[372]
    SLICE_X16Y158        FDRE                                         r  u_fifo_m6/mem_reg[0][387]/D
  -------------------------------------------------------------------    -------------------

                         (clock clk rise edge)        0.000     0.000 r  
                                                      0.000     0.000 r  clk (IN)
                         net (fo=10381, unset)        0.042     0.042    u_fifo_m6/clk
    SLICE_X16Y158        FDRE                                         r  u_fifo_m6/mem_reg[0][387]/C
                         clock pessimism              0.000     0.042    
                         clock uncertainty            0.050     0.092    
    SLICE_X16Y158        FDRE (Hold_HFF2_SLICEL_C_D)
                                                      0.103     0.195    u_fifo_m6/mem_reg[0][387]
  -------------------------------------------------------------------
                         required time                         -0.195    
                         arrival time                           0.238    
  -------------------------------------------------------------------
                         slack                                  0.043    

Slack (MET) :             0.043ns  (arrival time - required time)
  Source:                 m6_w1_reg_reg[154]/C
                            (rising edge-triggered cell FDCE clocked by clk  {rise@0.000ns fall@5.000ns period=10.000ns})
  Destination:            u_fifo_m6/mem_reg[0][410]/D
                            (rising edge-triggered cell FDRE clocked by clk  {rise@0.000ns fall@5.000ns period=10.000ns})
  Path Group:             clk
  Path Type:              Hold (Min at Slow Process Corner)
  Requirement:            0.000ns  (clk rise@0.000ns - clk rise@0.000ns)
  Data Path Delay:        0.209ns  (logic 0.112ns (53.559%)  route 0.097ns (46.441%))
  Logic Levels:           0  
  Clock Path Skew:        0.013ns (DCD - SCD - CPR)
    Destination Clock Delay (DCD):    0.042ns
    Source Clock Delay      (SCD):    0.029ns
    Clock Pessimism Removal (CPR):    -0.000ns
  Clock Uncertainty:      0.050ns  ((TSJ^2 + TIJ^2)^1/2 + DJ) / 2 + PE + UU
    Total System Jitter     (TSJ):    0.000ns
    Total Input Jitter      (TIJ):    0.000ns
    Discrete Jitter          (DJ):    0.000ns
    Phase Error              (PE):    0.000ns
    User Uncertainty         (UU):    0.050ns

    Location             Delay type                Incr(ns)  Path(ns)    Netlist Resource(s)
  -------------------------------------------------------------------    -------------------
                         (clock clk rise edge)        0.000     0.000 r  
                                                      0.000     0.000 r  clk (IN)
                         net (fo=10381, unset)        0.029     0.029    clk
    SLICE_X19Y133        FDCE                                         r  m6_w1_reg_reg[154]/C
  -------------------------------------------------------------------    -------------------
    SLICE_X19Y133        FDCE (Prop_EFF_SLICEL_C_Q)
                                                      0.112     0.141 r  m6_w1_reg_reg[154]/Q
                         net (fo=2, routed)           0.097     0.238    u_fifo_m6/wdata[395]
    SLICE_X19Y132        FDRE                                         r  u_fifo_m6/mem_reg[0][410]/D
  -------------------------------------------------------------------    -------------------

                         (clock clk rise edge)        0.000     0.000 r  
                                                      0.000     0.000 r  clk (IN)
                         net (fo=10381, unset)        0.042     0.042    u_fifo_m6/clk
    SLICE_X19Y132        FDRE                                         r  u_fifo_m6/mem_reg[0][410]/C
                         clock pessimism              0.000     0.042    
                         clock uncertainty            0.050     0.092    
    SLICE_X19Y132        FDRE (Hold_HFF2_SLICEL_C_D)
                                                      0.103     0.195    u_fifo_m6/mem_reg[0][410]
  -------------------------------------------------------------------
                         required time                         -0.195    
                         arrival time                           0.238    
  -------------------------------------------------------------------
                         slack                                  0.043    

Slack (MET) :             0.043ns  (arrival time - required time)
  Source:                 m6_w1_reg_reg[145]/C
                            (rising edge-triggered cell FDCE clocked by clk  {rise@0.000ns fall@5.000ns period=10.000ns})
  Destination:            u_fifo_m6/mem_reg[0][401]/D
                            (rising edge-triggered cell FDRE clocked by clk  {rise@0.000ns fall@5.000ns period=10.000ns})
  Path Group:             clk
  Path Type:              Hold (Min at Fast Process Corner)
  Requirement:            0.000ns  (clk rise@0.000ns - clk rise@0.000ns)
  Data Path Delay:        0.144ns  (logic 0.084ns (58.230%)  route 0.060ns (41.770%))
  Logic Levels:           0  
  Clock Path Skew:        0.006ns (DCD - SCD - CPR)
    Destination Clock Delay (DCD):    0.020ns
    Source Clock Delay      (SCD):    0.014ns
    Clock Pessimism Removal (CPR):    -0.000ns
  Clock Uncertainty:      0.050ns  ((TSJ^2 + TIJ^2)^1/2 + DJ) / 2 + PE + UU
    Total System Jitter     (TSJ):    0.000ns
    Total Input Jitter      (TIJ):    0.000ns
    Discrete Jitter          (DJ):    0.000ns
    Phase Error              (PE):    0.000ns
    User Uncertainty         (UU):    0.050ns

    Location             Delay type                Incr(ns)  Path(ns)    Netlist Resource(s)
  -------------------------------------------------------------------    -------------------
                         (clock clk rise edge)        0.000     0.000 r  
                                                      0.000     0.000 r  clk (IN)
                         net (fo=10381, unset)        0.014     0.014    clk
    SLICE_X18Y169        FDCE                                         r  m6_w1_reg_reg[145]/C
  -------------------------------------------------------------------    -------------------
    SLICE_X18Y169        FDCE (Prop_AFF2_SLICEM_C_Q)
                                                      0.084     0.098 r  m6_w1_reg_reg[145]/Q
                         net (fo=2, routed)           0.060     0.158    u_fifo_m6/wdata[386]
    SLICE_X19Y169        FDRE                                         r  u_fifo_m6/mem_reg[0][401]/D
  -------------------------------------------------------------------    -------------------

                         (clock clk rise edge)        0.000     0.000 r  
                                                      0.000     0.000 r  clk (IN)
                         net (fo=10381, unset)        0.020     0.020    u_fifo_m6/clk
    SLICE_X19Y169        FDRE                                         r  u_fifo_m6/mem_reg[0][401]/C
                         clock pessimism              0.000     0.020    
                         clock uncertainty            0.050     0.070    
    SLICE_X19Y169        FDRE (Hold_GFF2_SLICEL_C_D)
                                                      0.045     0.115    u_fifo_m6/mem_reg[0][401]
  -------------------------------------------------------------------
                         required time                         -0.115    
                         arrival time                           0.158    
  -------------------------------------------------------------------
                         slack                                  0.043    

Slack (MET) :             0.044ns  (arrival time - required time)
  Source:                 m6_w1_reg_reg[109]/C
                            (rising edge-triggered cell FDCE clocked by clk  {rise@0.000ns fall@5.000ns period=10.000ns})
  Destination:            u_fifo_m6/mem_reg[1][365]/D
                            (rising edge-triggered cell FDRE clocked by clk  {rise@0.000ns fall@5.000ns period=10.000ns})
  Path Group:             clk
  Path Type:              Hold (Min at Slow Process Corner)
  Requirement:            0.000ns  (clk rise@0.000ns - clk rise@0.000ns)
  Data Path Delay:        0.208ns  (logic 0.111ns (53.468%)  route 0.097ns (46.532%))
  Logic Levels:           0  
  Clock Path Skew:        0.011ns (DCD - SCD - CPR)
    Destination Clock Delay (DCD):    0.042ns
    Source Clock Delay      (SCD):    0.031ns
    Clock Pessimism Removal (CPR):    -0.000ns
  Clock Uncertainty:      0.050ns  ((TSJ^2 + TIJ^2)^1/2 + DJ) / 2 + PE + UU
    Total System Jitter     (TSJ):    0.000ns
    Total Input Jitter      (TIJ):    0.000ns
    Discrete Jitter          (DJ):    0.000ns
    Phase Error              (PE):    0.000ns
    User Uncertainty         (UU):    0.050ns

    Location             Delay type                Incr(ns)  Path(ns)    Netlist Resource(s)
  -------------------------------------------------------------------    -------------------
                         (clock clk rise edge)        0.000     0.000 r  
                                                      0.000     0.000 r  clk (IN)
                         net (fo=10381, unset)        0.031     0.031    clk
    SLICE_X20Y182        FDCE                                         r  m6_w1_reg_reg[109]/C
  -------------------------------------------------------------------    -------------------
    SLICE_X20Y182        FDCE (Prop_FFF_SLICEM_C_Q)
                                                      0.111     0.142 r  m6_w1_reg_reg[109]/Q
                         net (fo=2, routed)           0.097     0.239    u_fifo_m6/wdata[350]
    SLICE_X19Y182        FDRE                                         r  u_fifo_m6/mem_reg[1][365]/D
  -------------------------------------------------------------------    -------------------

                         (clock clk rise edge)        0.000     0.000 r  
                                                      0.000     0.000 r  clk (IN)
                         net (fo=10381, unset)        0.042     0.042    u_fifo_m6/clk
    SLICE_X19Y182        FDRE                                         r  u_fifo_m6/mem_reg[1][365]/C
                         clock pessimism              0.000     0.042    
                         clock uncertainty            0.050     0.092    
    SLICE_X19Y182        FDRE (Hold_HFF2_SLICEL_C_D)
                                                      0.103     0.195    u_fifo_m6/mem_reg[1][365]
  -------------------------------------------------------------------
                         required time                         -0.195    
                         arrival time                           0.239    
  -------------------------------------------------------------------
                         slack                                  0.044    

Slack (MET) :             0.044ns  (arrival time - required time)
  Source:                 m6_w1_reg_reg[13]/C
                            (rising edge-triggered cell FDCE clocked by clk  {rise@0.000ns fall@5.000ns period=10.000ns})
  Destination:            u_fifo_m6/mem_reg[0][269]/D
                            (rising edge-triggered cell FDRE clocked by clk  {rise@0.000ns fall@5.000ns period=10.000ns})
  Path Group:             clk
  Path Type:              Hold (Min at Slow Process Corner)
  Requirement:            0.000ns  (clk rise@0.000ns - clk rise@0.000ns)
  Data Path Delay:        0.209ns  (logic 0.115ns (55.024%)  route 0.094ns (44.976%))
  Logic Levels:           0  
  Clock Path Skew:        0.012ns (DCD - SCD - CPR)
    Destination Clock Delay (DCD):    0.042ns
    Source Clock Delay      (SCD):    0.030ns
    Clock Pessimism Removal (CPR):    -0.000ns
  Clock Uncertainty:      0.050ns  ((TSJ^2 + TIJ^2)^1/2 + DJ) / 2 + PE + UU
    Total System Jitter     (TSJ):    0.000ns
    Total Input Jitter      (TIJ):    0.000ns
    Discrete Jitter          (DJ):    0.000ns
    Phase Error              (PE):    0.000ns
    User Uncertainty         (UU):    0.050ns

    Location             Delay type                Incr(ns)  Path(ns)    Netlist Resource(s)
  -------------------------------------------------------------------    -------------------
                         (clock clk rise edge)        0.000     0.000 r  
                                                      0.000     0.000 r  clk (IN)
                         net (fo=10381, unset)        0.030     0.030    clk
    SLICE_X28Y214        FDCE                                         r  m6_w1_reg_reg[13]/C
  -------------------------------------------------------------------    -------------------
    SLICE_X28Y214        FDCE (Prop_DFF2_SLICEM_C_Q)
                                                      0.115     0.145 r  m6_w1_reg_reg[13]/Q
                         net (fo=2, routed)           0.094     0.239    u_fifo_m6/wdata[254]
    SLICE_X27Y214        FDRE                                         r  u_fifo_m6/mem_reg[0][269]/D
  -------------------------------------------------------------------    -------------------

                         (clock clk rise edge)        0.000     0.000 r  
                                                      0.000     0.000 r  clk (IN)
                         net (fo=10381, unset)        0.042     0.042    u_fifo_m6/clk
    SLICE_X27Y214        FDRE                                         r  u_fifo_m6/mem_reg[0][269]/C
                         clock pessimism              0.000     0.042    
                         clock uncertainty            0.050     0.092    
    SLICE_X27Y214        FDRE (Hold_HFF2_SLICEL_C_D)
                                                      0.103     0.195    u_fifo_m6/mem_reg[0][269]
  -------------------------------------------------------------------
                         required time                         -0.195    
                         arrival time                           0.239    
  -------------------------------------------------------------------
                         slack                                  0.044    

Slack (MET) :             0.044ns  (arrival time - required time)
  Source:                 m6_w1_reg_reg[97]/C
                            (rising edge-triggered cell FDCE clocked by clk  {rise@0.000ns fall@5.000ns period=10.000ns})
  Destination:            u_fifo_m6/mem_reg[0][353]/D
                            (rising edge-triggered cell FDRE clocked by clk  {rise@0.000ns fall@5.000ns period=10.000ns})
  Path Group:             clk
  Path Type:              Hold (Min at Fast Process Corner)
  Requirement:            0.000ns  (clk rise@0.000ns - clk rise@0.000ns)
  Data Path Delay:        0.146ns  (logic 0.082ns (56.118%)  route 0.064ns (43.882%))
  Logic Levels:           0  
  Clock Path Skew:        0.007ns (DCD - SCD - CPR)
    Destination Clock Delay (DCD):    0.021ns
    Source Clock Delay      (SCD):    0.014ns
    Clock Pessimism Removal (CPR):    -0.000ns
  Clock Uncertainty:      0.050ns  ((TSJ^2 + TIJ^2)^1/2 + DJ) / 2 + PE + UU
    Total System Jitter     (TSJ):    0.000ns
    Total Input Jitter      (TIJ):    0.000ns
    Discrete Jitter          (DJ):    0.000ns
    Phase Error              (PE):    0.000ns
    User Uncertainty         (UU):    0.050ns

    Location             Delay type                Incr(ns)  Path(ns)    Netlist Resource(s)
  -------------------------------------------------------------------    -------------------
                         (clock clk rise edge)        0.000     0.000 r  
                                                      0.000     0.000 r  clk (IN)
                         net (fo=10381, unset)        0.014     0.014    clk
    SLICE_X21Y198        FDCE                                         r  m6_w1_reg_reg[97]/C
  -------------------------------------------------------------------    -------------------
    SLICE_X21Y198        FDCE (Prop_BFF_SLICEM_C_Q)
                                                      0.082     0.096 r  m6_w1_reg_reg[97]/Q
                         net (fo=2, routed)           0.064     0.160    u_fifo_m6/wdata[338]
    SLICE_X21Y197        FDRE                                         r  u_fifo_m6/mem_reg[0][353]/D
  -------------------------------------------------------------------    -------------------

                         (clock clk rise edge)        0.000     0.000 r  
                                                      0.000     0.000 r  clk (IN)
                         net (fo=10381, unset)        0.021     0.021    u_fifo_m6/clk
    SLICE_X21Y197        FDRE                                         r  u_fifo_m6/mem_reg[0][353]/C
                         clock pessimism              0.000     0.021    
                         clock uncertainty            0.050     0.071    
    SLICE_X21Y197        FDRE (Hold_HFF2_SLICEM_C_D)
                                                      0.045     0.116    u_fifo_m6/mem_reg[0][353]
  -------------------------------------------------------------------
                         required time                         -0.116    
                         arrival time                           0.160    
  -------------------------------------------------------------------
                         slack                                  0.044    

Slack (MET) :             0.045ns  (arrival time - required time)
  Source:                 u_mc/PE_LANE[6].u_pe/out_val2_reg[11]/C
                            (rising edge-triggered cell FDCE clocked by clk  {rise@0.000ns fall@5.000ns period=10.000ns})
  Destination:            m6_dB_reg_reg[107]/D
                            (rising edge-triggered cell FDCE clocked by clk  {rise@0.000ns fall@5.000ns period=10.000ns})
  Path Group:             clk
  Path Type:              Hold (Min at Fast Process Corner)
  Requirement:            0.000ns  (clk rise@0.000ns - clk rise@0.000ns)
  Data Path Delay:        0.146ns  (logic 0.084ns (57.678%)  route 0.062ns (42.322%))
  Logic Levels:           0  
  Clock Path Skew:        0.006ns (DCD - SCD - CPR)
    Destination Clock Delay (DCD):    0.020ns
    Source Clock Delay      (SCD):    0.014ns
    Clock Pessimism Removal (CPR):    -0.000ns
  Clock Uncertainty:      0.050ns  ((TSJ^2 + TIJ^2)^1/2 + DJ) / 2 + PE + UU
    Total System Jitter     (TSJ):    0.000ns
    Total Input Jitter      (TIJ):    0.000ns
    Discrete Jitter          (DJ):    0.000ns
    Phase Error              (PE):    0.000ns
    User Uncertainty         (UU):    0.050ns

    Location             Delay type                Incr(ns)  Path(ns)    Netlist Resource(s)
  -------------------------------------------------------------------    -------------------
                         (clock clk rise edge)        0.000     0.000 r  
                                                      0.000     0.000 r  clk (IN)
                         net (fo=10381, unset)        0.014     0.014    u_mc/PE_LANE[6].u_pe/clk
    SLICE_X33Y187        FDCE                                         r  u_mc/PE_LANE[6].u_pe/out_val2_reg[11]/C
  -------------------------------------------------------------------    -------------------
    SLICE_X33Y187        FDCE (Prop_DFF_SLICEL_C_Q)
                                                      0.084     0.098 r  u_mc/PE_LANE[6].u_pe/out_val2_reg[11]/Q
                         net (fo=2, routed)           0.062     0.160    cl_out_vec2__0[107]
    SLICE_X33Y186        FDCE                                         r  m6_dB_reg_reg[107]/D
  -------------------------------------------------------------------    -------------------

                         (clock clk rise edge)        0.000     0.000 r  
                                                      0.000     0.000 r  clk (IN)
                         net (fo=10381, unset)        0.020     0.020    clk
    SLICE_X33Y186        FDCE                                         r  m6_dB_reg_reg[107]/C
                         clock pessimism              0.000     0.020    
                         clock uncertainty            0.050     0.070    
    SLICE_X33Y186        FDCE (Hold_HFF2_SLICEL_C_D)
                                                      0.045     0.115    m6_dB_reg_reg[107]
  -------------------------------------------------------------------
                         required time                         -0.115    
                         arrival time                           0.160    
  -------------------------------------------------------------------
                         slack                                  0.045    





Pulse Width Checks
--------------------------------------------------------------------------------------
Clock Name:         clk
Waveform(ns):       { 0.000 5.000 }
Period(ns):         10.000
Sources:            { clk }

Check Type        Corner  Lib Pin      Reference Pin  Required(ns)  Actual(ns)  Slack(ns)  Location       Pin
Min Period        n/a     URAM288/CLK  n/a            2.471         10.000      7.529      URAM288_X0Y48  u_mc/HAS_H_GEN.u_hrf/mem_reg_uram_0/CLK
Min Period        n/a     URAM288/CLK  n/a            2.471         10.000      7.529      URAM288_X0Y49  u_mc/HAS_H_GEN.u_hrf/mem_reg_uram_1/CLK
Min Period        n/a     URAM288/CLK  n/a            2.471         10.000      7.529      URAM288_X0Y42  u_mc/HAS_H_GEN.u_hrf/mem_reg_uram_10/CLK
Min Period        n/a     URAM288/CLK  n/a            2.471         10.000      7.529      URAM288_X0Y43  u_mc/HAS_H_GEN.u_hrf/mem_reg_uram_11/CLK
Min Period        n/a     URAM288/CLK  n/a            2.471         10.000      7.529      URAM288_X0Y32  u_mc/HAS_H_GEN.u_hrf/mem_reg_uram_12/CLK
Min Period        n/a     URAM288/CLK  n/a            2.471         10.000      7.529      URAM288_X0Y33  u_mc/HAS_H_GEN.u_hrf/mem_reg_uram_13/CLK
Min Period        n/a     URAM288/CLK  n/a            2.471         10.000      7.529      URAM288_X0Y34  u_mc/HAS_H_GEN.u_hrf/mem_reg_uram_14/CLK
Min Period        n/a     URAM288/CLK  n/a            2.471         10.000      7.529      URAM288_X0Y35  u_mc/HAS_H_GEN.u_hrf/mem_reg_uram_15/CLK
Min Period        n/a     URAM288/CLK  n/a            2.471         10.000      7.529      URAM288_X0Y50  u_mc/HAS_H_GEN.u_hrf/mem_reg_uram_2/CLK
Min Period        n/a     URAM288/CLK  n/a            2.471         10.000      7.529      URAM288_X0Y51  u_mc/HAS_H_GEN.u_hrf/mem_reg_uram_3/CLK
Low Pulse Width   Slow    URAM288/CLK  n/a            0.800         5.000       4.200      URAM288_X0Y48  u_mc/HAS_H_GEN.u_hrf/mem_reg_uram_0/CLK
Low Pulse Width   Fast    URAM288/CLK  n/a            0.800         5.000       4.200      URAM288_X0Y48  u_mc/HAS_H_GEN.u_hrf/mem_reg_uram_0/CLK
Low Pulse Width   Slow    URAM288/CLK  n/a            0.800         5.000       4.200      URAM288_X0Y49  u_mc/HAS_H_GEN.u_hrf/mem_reg_uram_1/CLK
Low Pulse Width   Fast    URAM288/CLK  n/a            0.800         5.000       4.200      URAM288_X0Y49  u_mc/HAS_H_GEN.u_hrf/mem_reg_uram_1/CLK
Low Pulse Width   Slow    URAM288/CLK  n/a            0.800         5.000       4.200      URAM288_X0Y42  u_mc/HAS_H_GEN.u_hrf/mem_reg_uram_10/CLK
Low Pulse Width   Fast    URAM288/CLK  n/a            0.800         5.000       4.200      URAM288_X0Y42  u_mc/HAS_H_GEN.u_hrf/mem_reg_uram_10/CLK
Low Pulse Width   Slow    URAM288/CLK  n/a            0.800         5.000       4.200      URAM288_X0Y43  u_mc/HAS_H_GEN.u_hrf/mem_reg_uram_11/CLK
Low Pulse Width   Fast    URAM288/CLK  n/a            0.800         5.000       4.200      URAM288_X0Y43  u_mc/HAS_H_GEN.u_hrf/mem_reg_uram_11/CLK
Low Pulse Width   Slow    URAM288/CLK  n/a            0.800         5.000       4.200      URAM288_X0Y32  u_mc/HAS_H_GEN.u_hrf/mem_reg_uram_12/CLK
Low Pulse Width   Fast    URAM288/CLK  n/a            0.800         5.000       4.200      URAM288_X0Y32  u_mc/HAS_H_GEN.u_hrf/mem_reg_uram_12/CLK
High Pulse Width  Slow    URAM288/CLK  n/a            0.800         5.000       4.200      URAM288_X0Y48  u_mc/HAS_H_GEN.u_hrf/mem_reg_uram_0/CLK
High Pulse Width  Fast    URAM288/CLK  n/a            0.800         5.000       4.200      URAM288_X0Y48  u_mc/HAS_H_GEN.u_hrf/mem_reg_uram_0/CLK
High Pulse Width  Slow    URAM288/CLK  n/a            0.800         5.000       4.200      URAM288_X0Y49  u_mc/HAS_H_GEN.u_hrf/mem_reg_uram_1/CLK
High Pulse Width  Fast    URAM288/CLK  n/a            0.800         5.000       4.200      URAM288_X0Y49  u_mc/HAS_H_GEN.u_hrf/mem_reg_uram_1/CLK
High Pulse Width  Slow    URAM288/CLK  n/a            0.800         5.000       4.200      URAM288_X0Y42  u_mc/HAS_H_GEN.u_hrf/mem_reg_uram_10/CLK
High Pulse Width  Fast    URAM288/CLK  n/a            0.800         5.000       4.200      URAM288_X0Y42  u_mc/HAS_H_GEN.u_hrf/mem_reg_uram_10/CLK
High Pulse Width  Slow    URAM288/CLK  n/a            0.800         5.000       4.200      URAM288_X0Y43  u_mc/HAS_H_GEN.u_hrf/mem_reg_uram_11/CLK
High Pulse Width  Fast    URAM288/CLK  n/a            0.800         5.000       4.200      URAM288_X0Y43  u_mc/HAS_H_GEN.u_hrf/mem_reg_uram_11/CLK
High Pulse Width  Slow    URAM288/CLK  n/a            0.800         5.000       4.200      URAM288_X0Y32  u_mc/HAS_H_GEN.u_hrf/mem_reg_uram_12/CLK
High Pulse Width  Fast    URAM288/CLK  n/a            0.800         5.000       4.200      URAM288_X0Y32  u_mc/HAS_H_GEN.u_hrf/mem_reg_uram_12/CLK



--------------------------------------------------------------------------------------
Path Group:  (none)
From Clock:  
  To Clock:  clk

Max Delay         10541 Endpoints
Min Delay         10541 Endpoints
--------------------------------------------------------------------------------------


Max Delay Paths
--------------------------------------------------------------------------------------
Slack:                    inf
  Source:                 CH_M[2]
                            (input port)
  Destination:            state_reg[1]_rep__2/CE
                            (rising edge-triggered cell FDCE clocked by clk  {rise@0.000ns fall@5.000ns period=10.000ns})
  Path Group:             (none)
  Path Type:              Setup (Max at Slow Process Corner)
  Data Path Delay:        6.482ns  (logic 1.244ns (19.192%)  route 5.238ns (80.808%))
  Logic Levels:           9  (CARRY8=1 LUT4=2 LUT6=6)
  Clock Path Skew:        0.029ns (DCD - SCD + CPR)
    Destination Clock Delay (DCD):    0.029ns
    Source Clock Delay      (SCD):    0.000ns
    Clock Pessimism Removal (CPR):    0.000ns
  Clock Uncertainty:      0.175ns  ((TSJ^2 + TIJ^2)^1/2 + DJ) / 2 + PE + UU
    Total System Jitter     (TSJ):    0.050ns
    Total Input Jitter      (TIJ):    0.000ns
    Discrete Jitter          (DJ):    0.000ns
    Phase Error              (PE):    0.000ns
    User Uncertainty         (UU):    0.150ns
  Timing Exception:       False Path

    Location             Delay type                Incr(ns)  Path(ns)    Netlist Resource(s)
  -------------------------------------------------------------------    -------------------
                                                      0.000     0.000 r  CH_M[2] (IN)
                         net (fo=37, unset)           0.000     0.000    CH_M[2]
    SLICE_X40Y113        LUT4 (Prop_G6LUT_SLICEM_I0_O)
                                                      0.152     0.152 r  w_grp_base_i_20/O
                         net (fo=2, routed)           0.067     0.219    w_grp_base_i_20_n_0
    SLICE_X40Y113        LUT4 (Prop_A5LUT_SLICEM_I3_O)
                                                      0.194     0.413 f  w_grp_base_i_19/O
                         net (fo=26, routed)          1.292     1.705    d_inner[11]
    SLICE_X50Y121        LUT6 (Prop_D6LUT_SLICEL_I5_O)
                                                      0.057     1.762 r  m6_h_wr_en_r_i_17/O
                         net (fo=1, routed)           0.107     1.869    m6_h_wr_en_r_i_17_n_0
    SLICE_X49Y121        LUT6 (Prop_H6LUT_SLICEL_I1_O)
                                                      0.153     2.022 f  m6_h_wr_en_r_i_6/O
                         net (fo=1, routed)           0.242     2.264    m6_h_wr_en_r_i_6_n_0
    SLICE_X49Y121        CARRY8 (Prop_CARRY8_SLICEL_DI[3]_CO[5])
                                                      0.199     2.463 f  m6_h_wr_en_r_reg_i_3/CO[5]
                         net (fo=17, routed)          0.629     3.091    u_fifo_m6/state[6]_i_19_0[0]
    SLICE_X47Y121        LUT6 (Prop_E6LUT_SLICEL_I3_O)
                                                      0.187     3.278 r  u_fifo_m6/state[6]_i_37/O
                         net (fo=1, routed)           0.175     3.453    u_fifo_m6/state[6]_i_37_n_0
    SLICE_X47Y119        LUT6 (Prop_H6LUT_SLICEL_I4_O)
                                                      0.058     3.511 r  u_fifo_m6/state[6]_i_19/O
                         net (fo=1, routed)           0.365     3.876    u_fifo_m6/state[6]_i_19_n_0
    SLICE_X46Y114        LUT6 (Prop_F6LUT_SLICEL_I5_O)
                                                      0.187     4.063 r  u_fifo_m6/state[6]_i_6/O
                         net (fo=1, routed)           0.046     4.109    u_fifo_m6/state[6]_i_6_n_0
    SLICE_X46Y114        LUT6 (Prop_G6LUT_SLICEL_I5_O)
                                                      0.057     4.166 r  u_fifo_m6/state[6]_i_1/O
                         net (fo=73, routed)          2.316     6.482    state
    SLICE_X44Y172        FDCE                                         r  state_reg[1]_rep__2/CE
  -------------------------------------------------------------------    -------------------

                         (clock clk rise edge)        0.000     0.000 r  
                                                      0.000     0.000 r  clk (IN)
                         net (fo=10381, unset)        0.029     0.029    clk
    SLICE_X44Y172        FDCE                                         r  state_reg[1]_rep__2/C

Slack:                    inf
  Source:                 CH_M[2]
                            (input port)
  Destination:            state_reg[3]_rep__10/CE
                            (rising edge-triggered cell FDCE clocked by clk  {rise@0.000ns fall@5.000ns period=10.000ns})
  Path Group:             (none)
  Path Type:              Setup (Max at Slow Process Corner)
  Data Path Delay:        6.482ns  (logic 1.244ns (19.192%)  route 5.238ns (80.808%))
  Logic Levels:           9  (CARRY8=1 LUT4=2 LUT6=6)
  Clock Path Skew:        0.029ns (DCD - SCD + CPR)
    Destination Clock Delay (DCD):    0.029ns
    Source Clock Delay      (SCD):    0.000ns
    Clock Pessimism Removal (CPR):    0.000ns
  Clock Uncertainty:      0.175ns  ((TSJ^2 + TIJ^2)^1/2 + DJ) / 2 + PE + UU
    Total System Jitter     (TSJ):    0.050ns
    Total Input Jitter      (TIJ):    0.000ns
    Discrete Jitter          (DJ):    0.000ns
    Phase Error              (PE):    0.000ns
    User Uncertainty         (UU):    0.150ns
  Timing Exception:       False Path

    Location             Delay type                Incr(ns)  Path(ns)    Netlist Resource(s)
  -------------------------------------------------------------------    -------------------
                                                      0.000     0.000 r  CH_M[2] (IN)
                         net (fo=37, unset)           0.000     0.000    CH_M[2]
    SLICE_X40Y113        LUT4 (Prop_G6LUT_SLICEM_I0_O)
                                                      0.152     0.152 r  w_grp_base_i_20/O
                         net (fo=2, routed)           0.067     0.219    w_grp_base_i_20_n_0
    SLICE_X40Y113        LUT4 (Prop_A5LUT_SLICEM_I3_O)
                                                      0.194     0.413 f  w_grp_base_i_19/O
                         net (fo=26, routed)          1.292     1.705    d_inner[11]
    SLICE_X50Y121        LUT6 (Prop_D6LUT_SLICEL_I5_O)
                                                      0.057     1.762 r  m6_h_wr_en_r_i_17/O
                         net (fo=1, routed)           0.107     1.869    m6_h_wr_en_r_i_17_n_0
    SLICE_X49Y121        LUT6 (Prop_H6LUT_SLICEL_I1_O)
                                                      0.153     2.022 f  m6_h_wr_en_r_i_6/O
                         net (fo=1, routed)           0.242     2.264    m6_h_wr_en_r_i_6_n_0
    SLICE_X49Y121        CARRY8 (Prop_CARRY8_SLICEL_DI[3]_CO[5])
                                                      0.199     2.463 f  m6_h_wr_en_r_reg_i_3/CO[5]
                         net (fo=17, routed)          0.629     3.091    u_fifo_m6/state[6]_i_19_0[0]
    SLICE_X47Y121        LUT6 (Prop_E6LUT_SLICEL_I3_O)
                                                      0.187     3.278 r  u_fifo_m6/state[6]_i_37/O
                         net (fo=1, routed)           0.175     3.453    u_fifo_m6/state[6]_i_37_n_0
    SLICE_X47Y119        LUT6 (Prop_H6LUT_SLICEL_I4_O)
                                                      0.058     3.511 r  u_fifo_m6/state[6]_i_19/O
                         net (fo=1, routed)           0.365     3.876    u_fifo_m6/state[6]_i_19_n_0
    SLICE_X46Y114        LUT6 (Prop_F6LUT_SLICEL_I5_O)
                                                      0.187     4.063 r  u_fifo_m6/state[6]_i_6/O
                         net (fo=1, routed)           0.046     4.109    u_fifo_m6/state[6]_i_6_n_0
    SLICE_X46Y114        LUT6 (Prop_G6LUT_SLICEL_I5_O)
                                                      0.057     4.166 r  u_fifo_m6/state[6]_i_1/O
                         net (fo=73, routed)          2.316     6.482    state
    SLICE_X44Y172        FDCE                                         r  state_reg[3]_rep__10/CE
  -------------------------------------------------------------------    -------------------

                         (clock clk rise edge)        0.000     0.000 r  
                                                      0.000     0.000 r  clk (IN)
                         net (fo=10381, unset)        0.029     0.029    clk
    SLICE_X44Y172        FDCE                                         r  state_reg[3]_rep__10/C

Slack:                    inf
  Source:                 CH_M[2]
                            (input port)
  Destination:            state_reg[5]_rep__3/CE
                            (rising edge-triggered cell FDCE clocked by clk  {rise@0.000ns fall@5.000ns period=10.000ns})
  Path Group:             (none)
  Path Type:              Setup (Max at Slow Process Corner)
  Data Path Delay:        6.482ns  (logic 1.244ns (19.192%)  route 5.238ns (80.808%))
  Logic Levels:           9  (CARRY8=1 LUT4=2 LUT6=6)
  Clock Path Skew:        0.029ns (DCD - SCD + CPR)
    Destination Clock Delay (DCD):    0.029ns
    Source Clock Delay      (SCD):    0.000ns
    Clock Pessimism Removal (CPR):    0.000ns
  Clock Uncertainty:      0.175ns  ((TSJ^2 + TIJ^2)^1/2 + DJ) / 2 + PE + UU
    Total System Jitter     (TSJ):    0.050ns
    Total Input Jitter      (TIJ):    0.000ns
    Discrete Jitter          (DJ):    0.000ns
    Phase Error              (PE):    0.000ns
    User Uncertainty         (UU):    0.150ns
  Timing Exception:       False Path

    Location             Delay type                Incr(ns)  Path(ns)    Netlist Resource(s)
  -------------------------------------------------------------------    -------------------
                                                      0.000     0.000 r  CH_M[2] (IN)
                         net (fo=37, unset)           0.000     0.000    CH_M[2]
    SLICE_X40Y113        LUT4 (Prop_G6LUT_SLICEM_I0_O)
                                                      0.152     0.152 r  w_grp_base_i_20/O
                         net (fo=2, routed)           0.067     0.219    w_grp_base_i_20_n_0
    SLICE_X40Y113        LUT4 (Prop_A5LUT_SLICEM_I3_O)
                                                      0.194     0.413 f  w_grp_base_i_19/O
                         net (fo=26, routed)          1.292     1.705    d_inner[11]
    SLICE_X50Y121        LUT6 (Prop_D6LUT_SLICEL_I5_O)
                                                      0.057     1.762 r  m6_h_wr_en_r_i_17/O
                         net (fo=1, routed)           0.107     1.869    m6_h_wr_en_r_i_17_n_0
    SLICE_X49Y121        LUT6 (Prop_H6LUT_SLICEL_I1_O)
                                                      0.153     2.022 f  m6_h_wr_en_r_i_6/O
                         net (fo=1, routed)           0.242     2.264    m6_h_wr_en_r_i_6_n_0
    SLICE_X49Y121        CARRY8 (Prop_CARRY8_SLICEL_DI[3]_CO[5])
                                                      0.199     2.463 f  m6_h_wr_en_r_reg_i_3/CO[5]
                         net (fo=17, routed)          0.629     3.091    u_fifo_m6/state[6]_i_19_0[0]
    SLICE_X47Y121        LUT6 (Prop_E6LUT_SLICEL_I3_O)
                                                      0.187     3.278 r  u_fifo_m6/state[6]_i_37/O
                         net (fo=1, routed)           0.175     3.453    u_fifo_m6/state[6]_i_37_n_0
    SLICE_X47Y119        LUT6 (Prop_H6LUT_SLICEL_I4_O)
                                                      0.058     3.511 r  u_fifo_m6/state[6]_i_19/O
                         net (fo=1, routed)           0.365     3.876    u_fifo_m6/state[6]_i_19_n_0
    SLICE_X46Y114        LUT6 (Prop_F6LUT_SLICEL_I5_O)
                                                      0.187     4.063 r  u_fifo_m6/state[6]_i_6/O
                         net (fo=1, routed)           0.046     4.109    u_fifo_m6/state[6]_i_6_n_0
    SLICE_X46Y114        LUT6 (Prop_G6LUT_SLICEL_I5_O)
                                                      0.057     4.166 r  u_fifo_m6/state[6]_i_1/O
                         net (fo=73, routed)          2.316     6.482    state
    SLICE_X44Y172        FDCE                                         r  state_reg[5]_rep__3/CE
  -------------------------------------------------------------------    -------------------

                         (clock clk rise edge)        0.000     0.000 r  
                                                      0.000     0.000 r  clk (IN)
                         net (fo=10381, unset)        0.029     0.029    clk
    SLICE_X44Y172        FDCE                                         r  state_reg[5]_rep__3/C

Slack:                    inf
  Source:                 CH_M[2]
                            (input port)
  Destination:            state_reg[6]_rep__5/CE
                            (rising edge-triggered cell FDCE clocked by clk  {rise@0.000ns fall@5.000ns period=10.000ns})
  Path Group:             (none)
  Path Type:              Setup (Max at Slow Process Corner)
  Data Path Delay:        6.443ns  (logic 1.244ns (19.308%)  route 5.199ns (80.692%))
  Logic Levels:           9  (CARRY8=1 LUT4=2 LUT6=6)
  Clock Path Skew:        0.029ns (DCD - SCD + CPR)
    Destination Clock Delay (DCD):    0.029ns
    Source Clock Delay      (SCD):    0.000ns
    Clock Pessimism Removal (CPR):    0.000ns
  Clock Uncertainty:      0.175ns  ((TSJ^2 + TIJ^2)^1/2 + DJ) / 2 + PE + UU
    Total System Jitter     (TSJ):    0.050ns
    Total Input Jitter      (TIJ):    0.000ns
    Discrete Jitter          (DJ):    0.000ns
    Phase Error              (PE):    0.000ns
    User Uncertainty         (UU):    0.150ns
  Timing Exception:       False Path

    Location             Delay type                Incr(ns)  Path(ns)    Netlist Resource(s)
  -------------------------------------------------------------------    -------------------
                                                      0.000     0.000 r  CH_M[2] (IN)
                         net (fo=37, unset)           0.000     0.000    CH_M[2]
    SLICE_X40Y113        LUT4 (Prop_G6LUT_SLICEM_I0_O)
                                                      0.152     0.152 r  w_grp_base_i_20/O
                         net (fo=2, routed)           0.067     0.219    w_grp_base_i_20_n_0
    SLICE_X40Y113        LUT4 (Prop_A5LUT_SLICEM_I3_O)
                                                      0.194     0.413 f  w_grp_base_i_19/O
                         net (fo=26, routed)          1.292     1.705    d_inner[11]
    SLICE_X50Y121        LUT6 (Prop_D6LUT_SLICEL_I5_O)
                                                      0.057     1.762 r  m6_h_wr_en_r_i_17/O
                         net (fo=1, routed)           0.107     1.869    m6_h_wr_en_r_i_17_n_0
    SLICE_X49Y121        LUT6 (Prop_H6LUT_SLICEL_I1_O)
                                                      0.153     2.022 f  m6_h_wr_en_r_i_6/O
                         net (fo=1, routed)           0.242     2.264    m6_h_wr_en_r_i_6_n_0
    SLICE_X49Y121        CARRY8 (Prop_CARRY8_SLICEL_DI[3]_CO[5])
                                                      0.199     2.463 f  m6_h_wr_en_r_reg_i_3/CO[5]
                         net (fo=17, routed)          0.629     3.091    u_fifo_m6/state[6]_i_19_0[0]
    SLICE_X47Y121        LUT6 (Prop_E6LUT_SLICEL_I3_O)
                                                      0.187     3.278 r  u_fifo_m6/state[6]_i_37/O
                         net (fo=1, routed)           0.175     3.453    u_fifo_m6/state[6]_i_37_n_0
    SLICE_X47Y119        LUT6 (Prop_H6LUT_SLICEL_I4_O)
                                                      0.058     3.511 r  u_fifo_m6/state[6]_i_19/O
                         net (fo=1, routed)           0.365     3.876    u_fifo_m6/state[6]_i_19_n_0
    SLICE_X46Y114        LUT6 (Prop_F6LUT_SLICEL_I5_O)
                                                      0.187     4.063 r  u_fifo_m6/state[6]_i_6/O
                         net (fo=1, routed)           0.046     4.109    u_fifo_m6/state[6]_i_6_n_0
    SLICE_X46Y114        LUT6 (Prop_G6LUT_SLICEL_I5_O)
                                                      0.057     4.166 r  u_fifo_m6/state[6]_i_1/O
                         net (fo=73, routed)          2.277     6.443    state
    SLICE_X42Y161        FDCE                                         r  state_reg[6]_rep__5/CE
  -------------------------------------------------------------------    -------------------

                         (clock clk rise edge)        0.000     0.000 r  
                                                      0.000     0.000 r  clk (IN)
                         net (fo=10381, unset)        0.029     0.029    clk
    SLICE_X42Y161        FDCE                                         r  state_reg[6]_rep__5/C

Slack:                    inf
  Source:                 CH_M[2]
                            (input port)
  Destination:            state_reg[4]_rep__2/CE
                            (rising edge-triggered cell FDCE clocked by clk  {rise@0.000ns fall@5.000ns period=10.000ns})
  Path Group:             (none)
  Path Type:              Setup (Max at Slow Process Corner)
  Data Path Delay:        6.441ns  (logic 1.244ns (19.314%)  route 5.197ns (80.686%))
  Logic Levels:           9  (CARRY8=1 LUT4=2 LUT6=6)
  Clock Path Skew:        0.029ns (DCD - SCD + CPR)
    Destination Clock Delay (DCD):    0.029ns
    Source Clock Delay      (SCD):    0.000ns
    Clock Pessimism Removal (CPR):    0.000ns
  Clock Uncertainty:      0.175ns  ((TSJ^2 + TIJ^2)^1/2 + DJ) / 2 + PE + UU
    Total System Jitter     (TSJ):    0.050ns
    Total Input Jitter      (TIJ):    0.000ns
    Discrete Jitter          (DJ):    0.000ns
    Phase Error              (PE):    0.000ns
    User Uncertainty         (UU):    0.150ns
  Timing Exception:       False Path

    Location             Delay type                Incr(ns)  Path(ns)    Netlist Resource(s)
  -------------------------------------------------------------------    -------------------
                                                      0.000     0.000 r  CH_M[2] (IN)
                         net (fo=37, unset)           0.000     0.000    CH_M[2]
    SLICE_X40Y113        LUT4 (Prop_G6LUT_SLICEM_I0_O)
                                                      0.152     0.152 r  w_grp_base_i_20/O
                         net (fo=2, routed)           0.067     0.219    w_grp_base_i_20_n_0
    SLICE_X40Y113        LUT4 (Prop_A5LUT_SLICEM_I3_O)
                                                      0.194     0.413 f  w_grp_base_i_19/O
                         net (fo=26, routed)          1.292     1.705    d_inner[11]
    SLICE_X50Y121        LUT6 (Prop_D6LUT_SLICEL_I5_O)
                                                      0.057     1.762 r  m6_h_wr_en_r_i_17/O
                         net (fo=1, routed)           0.107     1.869    m6_h_wr_en_r_i_17_n_0
    SLICE_X49Y121        LUT6 (Prop_H6LUT_SLICEL_I1_O)
                                                      0.153     2.022 f  m6_h_wr_en_r_i_6/O
                         net (fo=1, routed)           0.242     2.264    m6_h_wr_en_r_i_6_n_0
    SLICE_X49Y121        CARRY8 (Prop_CARRY8_SLICEL_DI[3]_CO[5])
                                                      0.199     2.463 f  m6_h_wr_en_r_reg_i_3/CO[5]
                         net (fo=17, routed)          0.629     3.091    u_fifo_m6/state[6]_i_19_0[0]
    SLICE_X47Y121        LUT6 (Prop_E6LUT_SLICEL_I3_O)
                                                      0.187     3.278 r  u_fifo_m6/state[6]_i_37/O
                         net (fo=1, routed)           0.175     3.453    u_fifo_m6/state[6]_i_37_n_0
    SLICE_X47Y119        LUT6 (Prop_H6LUT_SLICEL_I4_O)
                                                      0.058     3.511 r  u_fifo_m6/state[6]_i_19/O
                         net (fo=1, routed)           0.365     3.876    u_fifo_m6/state[6]_i_19_n_0
    SLICE_X46Y114        LUT6 (Prop_F6LUT_SLICEL_I5_O)
                                                      0.187     4.063 r  u_fifo_m6/state[6]_i_6/O
                         net (fo=1, routed)           0.046     4.109    u_fifo_m6/state[6]_i_6_n_0
    SLICE_X46Y114        LUT6 (Prop_G6LUT_SLICEL_I5_O)
                                                      0.057     4.166 r  u_fifo_m6/state[6]_i_1/O
                         net (fo=73, routed)          2.275     6.441    state
    SLICE_X42Y161        FDCE                                         r  state_reg[4]_rep__2/CE
  -------------------------------------------------------------------    -------------------

                         (clock clk rise edge)        0.000     0.000 r  
                                                      0.000     0.000 r  clk (IN)
                         net (fo=10381, unset)        0.029     0.029    clk
    SLICE_X42Y161        FDCE                                         r  state_reg[4]_rep__2/C

Slack:                    inf
  Source:                 CH_M[2]
                            (input port)
  Destination:            state_reg[0]/CE
                            (rising edge-triggered cell FDCE clocked by clk  {rise@0.000ns fall@5.000ns period=10.000ns})
  Path Group:             (none)
  Path Type:              Setup (Max at Slow Process Corner)
  Data Path Delay:        6.303ns  (logic 1.244ns (19.737%)  route 5.059ns (80.263%))
  Logic Levels:           9  (CARRY8=1 LUT4=2 LUT6=6)
  Clock Path Skew:        0.029ns (DCD - SCD + CPR)
    Destination Clock Delay (DCD):    0.029ns
    Source Clock Delay      (SCD):    0.000ns
    Clock Pessimism Removal (CPR):    0.000ns
  Clock Uncertainty:      0.175ns  ((TSJ^2 + TIJ^2)^1/2 + DJ) / 2 + PE + UU
    Total System Jitter     (TSJ):    0.050ns
    Total Input Jitter      (TIJ):    0.000ns
    Discrete Jitter          (DJ):    0.000ns
    Phase Error              (PE):    0.000ns
    User Uncertainty         (UU):    0.150ns
  Timing Exception:       False Path

    Location             Delay type                Incr(ns)  Path(ns)    Netlist Resource(s)
  -------------------------------------------------------------------    -------------------
                                                      0.000     0.000 r  CH_M[2] (IN)
                         net (fo=37, unset)           0.000     0.000    CH_M[2]
    SLICE_X40Y113        LUT4 (Prop_G6LUT_SLICEM_I0_O)
                                                      0.152     0.152 r  w_grp_base_i_20/O
                         net (fo=2, routed)           0.067     0.219    w_grp_base_i_20_n_0
    SLICE_X40Y113        LUT4 (Prop_A5LUT_SLICEM_I3_O)
                                                      0.194     0.413 f  w_grp_base_i_19/O
                         net (fo=26, routed)          1.292     1.705    d_inner[11]
    SLICE_X50Y121        LUT6 (Prop_D6LUT_SLICEL_I5_O)
                                                      0.057     1.762 r  m6_h_wr_en_r_i_17/O
                         net (fo=1, routed)           0.107     1.869    m6_h_wr_en_r_i_17_n_0
    SLICE_X49Y121        LUT6 (Prop_H6LUT_SLICEL_I1_O)
                                                      0.153     2.022 f  m6_h_wr_en_r_i_6/O
                         net (fo=1, routed)           0.242     2.264    m6_h_wr_en_r_i_6_n_0
    SLICE_X49Y121        CARRY8 (Prop_CARRY8_SLICEL_DI[3]_CO[5])
                                                      0.199     2.463 f  m6_h_wr_en_r_reg_i_3/CO[5]
                         net (fo=17, routed)          0.629     3.091    u_fifo_m6/state[6]_i_19_0[0]
    SLICE_X47Y121        LUT6 (Prop_E6LUT_SLICEL_I3_O)
                                                      0.187     3.278 r  u_fifo_m6/state[6]_i_37/O
                         net (fo=1, routed)           0.175     3.453    u_fifo_m6/state[6]_i_37_n_0
    SLICE_X47Y119        LUT6 (Prop_H6LUT_SLICEL_I4_O)
                                                      0.058     3.511 r  u_fifo_m6/state[6]_i_19/O
                         net (fo=1, routed)           0.365     3.876    u_fifo_m6/state[6]_i_19_n_0
    SLICE_X46Y114        LUT6 (Prop_F6LUT_SLICEL_I5_O)
                                                      0.187     4.063 r  u_fifo_m6/state[6]_i_6/O
                         net (fo=1, routed)           0.046     4.109    u_fifo_m6/state[6]_i_6_n_0
    SLICE_X46Y114        LUT6 (Prop_G6LUT_SLICEL_I5_O)
                                                      0.057     4.166 r  u_fifo_m6/state[6]_i_1/O
                         net (fo=73, routed)          2.137     6.303    state
    SLICE_X46Y171        FDCE                                         r  state_reg[0]/CE
  -------------------------------------------------------------------    -------------------

                         (clock clk rise edge)        0.000     0.000 r  
                                                      0.000     0.000 r  clk (IN)
                         net (fo=10381, unset)        0.029     0.029    clk
    SLICE_X46Y171        FDCE                                         r  state_reg[0]/C

Slack:                    inf
  Source:                 CH_M[2]
                            (input port)
  Destination:            state_reg[0]_rep/CE
                            (rising edge-triggered cell FDCE clocked by clk  {rise@0.000ns fall@5.000ns period=10.000ns})
  Path Group:             (none)
  Path Type:              Setup (Max at Slow Process Corner)
  Data Path Delay:        6.251ns  (logic 1.244ns (19.901%)  route 5.007ns (80.099%))
  Logic Levels:           9  (CARRY8=1 LUT4=2 LUT6=6)
  Clock Path Skew:        0.029ns (DCD - SCD + CPR)
    Destination Clock Delay (DCD):    0.029ns
    Source Clock Delay      (SCD):    0.000ns
    Clock Pessimism Removal (CPR):    0.000ns
  Clock Uncertainty:      0.175ns  ((TSJ^2 + TIJ^2)^1/2 + DJ) / 2 + PE + UU
    Total System Jitter     (TSJ):    0.050ns
    Total Input Jitter      (TIJ):    0.000ns
    Discrete Jitter          (DJ):    0.000ns
    Phase Error              (PE):    0.000ns
    User Uncertainty         (UU):    0.150ns
  Timing Exception:       False Path

    Location             Delay type                Incr(ns)  Path(ns)    Netlist Resource(s)
  -------------------------------------------------------------------    -------------------
                                                      0.000     0.000 r  CH_M[2] (IN)
                         net (fo=37, unset)           0.000     0.000    CH_M[2]
    SLICE_X40Y113        LUT4 (Prop_G6LUT_SLICEM_I0_O)
                                                      0.152     0.152 r  w_grp_base_i_20/O
                         net (fo=2, routed)           0.067     0.219    w_grp_base_i_20_n_0
    SLICE_X40Y113        LUT4 (Prop_A5LUT_SLICEM_I3_O)
                                                      0.194     0.413 f  w_grp_base_i_19/O
                         net (fo=26, routed)          1.292     1.705    d_inner[11]
    SLICE_X50Y121        LUT6 (Prop_D6LUT_SLICEL_I5_O)
                                                      0.057     1.762 r  m6_h_wr_en_r_i_17/O
                         net (fo=1, routed)           0.107     1.869    m6_h_wr_en_r_i_17_n_0
    SLICE_X49Y121        LUT6 (Prop_H6LUT_SLICEL_I1_O)
                                                      0.153     2.022 f  m6_h_wr_en_r_i_6/O
                         net (fo=1, routed)           0.242     2.264    m6_h_wr_en_r_i_6_n_0
    SLICE_X49Y121        CARRY8 (Prop_CARRY8_SLICEL_DI[3]_CO[5])
                                                      0.199     2.463 f  m6_h_wr_en_r_reg_i_3/CO[5]
                         net (fo=17, routed)          0.629     3.091    u_fifo_m6/state[6]_i_19_0[0]
    SLICE_X47Y121        LUT6 (Prop_E6LUT_SLICEL_I3_O)
                                                      0.187     3.278 r  u_fifo_m6/state[6]_i_37/O
                         net (fo=1, routed)           0.175     3.453    u_fifo_m6/state[6]_i_37_n_0
    SLICE_X47Y119        LUT6 (Prop_H6LUT_SLICEL_I4_O)
                                                      0.058     3.511 r  u_fifo_m6/state[6]_i_19/O
                         net (fo=1, routed)           0.365     3.876    u_fifo_m6/state[6]_i_19_n_0
    SLICE_X46Y114        LUT6 (Prop_F6LUT_SLICEL_I5_O)
                                                      0.187     4.063 r  u_fifo_m6/state[6]_i_6/O
                         net (fo=1, routed)           0.046     4.109    u_fifo_m6/state[6]_i_6_n_0
    SLICE_X46Y114        LUT6 (Prop_G6LUT_SLICEL_I5_O)
                                                      0.057     4.166 r  u_fifo_m6/state[6]_i_1/O
                         net (fo=73, routed)          2.085     6.251    state
    SLICE_X44Y171        FDCE                                         r  state_reg[0]_rep/CE
  -------------------------------------------------------------------    -------------------

                         (clock clk rise edge)        0.000     0.000 r  
                                                      0.000     0.000 r  clk (IN)
                         net (fo=10381, unset)        0.029     0.029    clk
    SLICE_X44Y171        FDCE                                         r  state_reg[0]_rep/C

Slack:                    inf
  Source:                 CH_M[2]
                            (input port)
  Destination:            state_reg[0]_rep__0/CE
                            (rising edge-triggered cell FDCE clocked by clk  {rise@0.000ns fall@5.000ns period=10.000ns})
  Path Group:             (none)
  Path Type:              Setup (Max at Slow Process Corner)
  Data Path Delay:        6.251ns  (logic 1.244ns (19.901%)  route 5.007ns (80.099%))
  Logic Levels:           9  (CARRY8=1 LUT4=2 LUT6=6)
  Clock Path Skew:        0.029ns (DCD - SCD + CPR)
    Destination Clock Delay (DCD):    0.029ns
    Source Clock Delay      (SCD):    0.000ns
    Clock Pessimism Removal (CPR):    0.000ns
  Clock Uncertainty:      0.175ns  ((TSJ^2 + TIJ^2)^1/2 + DJ) / 2 + PE + UU
    Total System Jitter     (TSJ):    0.050ns
    Total Input Jitter      (TIJ):    0.000ns
    Discrete Jitter          (DJ):    0.000ns
    Phase Error              (PE):    0.000ns
    User Uncertainty         (UU):    0.150ns
  Timing Exception:       False Path

    Location             Delay type                Incr(ns)  Path(ns)    Netlist Resource(s)
  -------------------------------------------------------------------    -------------------
                                                      0.000     0.000 r  CH_M[2] (IN)
                         net (fo=37, unset)           0.000     0.000    CH_M[2]
    SLICE_X40Y113        LUT4 (Prop_G6LUT_SLICEM_I0_O)
                                                      0.152     0.152 r  w_grp_base_i_20/O
                         net (fo=2, routed)           0.067     0.219    w_grp_base_i_20_n_0
    SLICE_X40Y113        LUT4 (Prop_A5LUT_SLICEM_I3_O)
                                                      0.194     0.413 f  w_grp_base_i_19/O
                         net (fo=26, routed)          1.292     1.705    d_inner[11]
    SLICE_X50Y121        LUT6 (Prop_D6LUT_SLICEL_I5_O)
                                                      0.057     1.762 r  m6_h_wr_en_r_i_17/O
                         net (fo=1, routed)           0.107     1.869    m6_h_wr_en_r_i_17_n_0
    SLICE_X49Y121        LUT6 (Prop_H6LUT_SLICEL_I1_O)
                                                      0.153     2.022 f  m6_h_wr_en_r_i_6/O
                         net (fo=1, routed)           0.242     2.264    m6_h_wr_en_r_i_6_n_0
    SLICE_X49Y121        CARRY8 (Prop_CARRY8_SLICEL_DI[3]_CO[5])
                                                      0.199     2.463 f  m6_h_wr_en_r_reg_i_3/CO[5]
                         net (fo=17, routed)          0.629     3.091    u_fifo_m6/state[6]_i_19_0[0]
    SLICE_X47Y121        LUT6 (Prop_E6LUT_SLICEL_I3_O)
                                                      0.187     3.278 r  u_fifo_m6/state[6]_i_37/O
                         net (fo=1, routed)           0.175     3.453    u_fifo_m6/state[6]_i_37_n_0
    SLICE_X47Y119        LUT6 (Prop_H6LUT_SLICEL_I4_O)
                                                      0.058     3.511 r  u_fifo_m6/state[6]_i_19/O
                         net (fo=1, routed)           0.365     3.876    u_fifo_m6/state[6]_i_19_n_0
    SLICE_X46Y114        LUT6 (Prop_F6LUT_SLICEL_I5_O)
                                                      0.187     4.063 r  u_fifo_m6/state[6]_i_6/O
                         net (fo=1, routed)           0.046     4.109    u_fifo_m6/state[6]_i_6_n_0
    SLICE_X46Y114        LUT6 (Prop_G6LUT_SLICEL_I5_O)
                                                      0.057     4.166 r  u_fifo_m6/state[6]_i_1/O
                         net (fo=73, routed)          2.085     6.251    state
    SLICE_X44Y171        FDCE                                         r  state_reg[0]_rep__0/CE
  -------------------------------------------------------------------    -------------------

                         (clock clk rise edge)        0.000     0.000 r  
                                                      0.000     0.000 r  clk (IN)
                         net (fo=10381, unset)        0.029     0.029    clk
    SLICE_X44Y171        FDCE                                         r  state_reg[0]_rep__0/C

Slack:                    inf
  Source:                 CH_M[2]
                            (input port)
  Destination:            state_reg[2]_rep__1/CE
                            (rising edge-triggered cell FDCE clocked by clk  {rise@0.000ns fall@5.000ns period=10.000ns})
  Path Group:             (none)
  Path Type:              Setup (Max at Slow Process Corner)
  Data Path Delay:        6.251ns  (logic 1.244ns (19.901%)  route 5.007ns (80.099%))
  Logic Levels:           9  (CARRY8=1 LUT4=2 LUT6=6)
  Clock Path Skew:        0.029ns (DCD - SCD + CPR)
    Destination Clock Delay (DCD):    0.029ns
    Source Clock Delay      (SCD):    0.000ns
    Clock Pessimism Removal (CPR):    0.000ns
  Clock Uncertainty:      0.175ns  ((TSJ^2 + TIJ^2)^1/2 + DJ) / 2 + PE + UU
    Total System Jitter     (TSJ):    0.050ns
    Total Input Jitter      (TIJ):    0.000ns
    Discrete Jitter          (DJ):    0.000ns
    Phase Error              (PE):    0.000ns
    User Uncertainty         (UU):    0.150ns
  Timing Exception:       False Path

    Location             Delay type                Incr(ns)  Path(ns)    Netlist Resource(s)
  -------------------------------------------------------------------    -------------------
                                                      0.000     0.000 r  CH_M[2] (IN)
                         net (fo=37, unset)           0.000     0.000    CH_M[2]
    SLICE_X40Y113        LUT4 (Prop_G6LUT_SLICEM_I0_O)
                                                      0.152     0.152 r  w_grp_base_i_20/O
                         net (fo=2, routed)           0.067     0.219    w_grp_base_i_20_n_0
    SLICE_X40Y113        LUT4 (Prop_A5LUT_SLICEM_I3_O)
                                                      0.194     0.413 f  w_grp_base_i_19/O
                         net (fo=26, routed)          1.292     1.705    d_inner[11]
    SLICE_X50Y121        LUT6 (Prop_D6LUT_SLICEL_I5_O)
                                                      0.057     1.762 r  m6_h_wr_en_r_i_17/O
                         net (fo=1, routed)           0.107     1.869    m6_h_wr_en_r_i_17_n_0
    SLICE_X49Y121        LUT6 (Prop_H6LUT_SLICEL_I1_O)
                                                      0.153     2.022 f  m6_h_wr_en_r_i_6/O
                         net (fo=1, routed)           0.242     2.264    m6_h_wr_en_r_i_6_n_0
    SLICE_X49Y121        CARRY8 (Prop_CARRY8_SLICEL_DI[3]_CO[5])
                                                      0.199     2.463 f  m6_h_wr_en_r_reg_i_3/CO[5]
                         net (fo=17, routed)          0.629     3.091    u_fifo_m6/state[6]_i_19_0[0]
    SLICE_X47Y121        LUT6 (Prop_E6LUT_SLICEL_I3_O)
                                                      0.187     3.278 r  u_fifo_m6/state[6]_i_37/O
                         net (fo=1, routed)           0.175     3.453    u_fifo_m6/state[6]_i_37_n_0
    SLICE_X47Y119        LUT6 (Prop_H6LUT_SLICEL_I4_O)
                                                      0.058     3.511 r  u_fifo_m6/state[6]_i_19/O
                         net (fo=1, routed)           0.365     3.876    u_fifo_m6/state[6]_i_19_n_0
    SLICE_X46Y114        LUT6 (Prop_F6LUT_SLICEL_I5_O)
                                                      0.187     4.063 r  u_fifo_m6/state[6]_i_6/O
                         net (fo=1, routed)           0.046     4.109    u_fifo_m6/state[6]_i_6_n_0
    SLICE_X46Y114        LUT6 (Prop_G6LUT_SLICEL_I5_O)
                                                      0.057     4.166 r  u_fifo_m6/state[6]_i_1/O
                         net (fo=73, routed)          2.085     6.251    state
    SLICE_X44Y171        FDCE                                         r  state_reg[2]_rep__1/CE
  -------------------------------------------------------------------    -------------------

                         (clock clk rise edge)        0.000     0.000 r  
                                                      0.000     0.000 r  clk (IN)
                         net (fo=10381, unset)        0.029     0.029    clk
    SLICE_X44Y171        FDCE                                         r  state_reg[2]_rep__1/C

Slack:                    inf
  Source:                 CH_M[2]
                            (input port)
  Destination:            state_reg[2]_rep__6/CE
                            (rising edge-triggered cell FDCE clocked by clk  {rise@0.000ns fall@5.000ns period=10.000ns})
  Path Group:             (none)
  Path Type:              Setup (Max at Slow Process Corner)
  Data Path Delay:        6.053ns  (logic 1.244ns (20.551%)  route 4.809ns (79.449%))
  Logic Levels:           9  (CARRY8=1 LUT4=2 LUT6=6)
  Clock Path Skew:        0.029ns (DCD - SCD + CPR)
    Destination Clock Delay (DCD):    0.029ns
    Source Clock Delay      (SCD):    0.000ns
    Clock Pessimism Removal (CPR):    0.000ns
  Clock Uncertainty:      0.175ns  ((TSJ^2 + TIJ^2)^1/2 + DJ) / 2 + PE + UU
    Total System Jitter     (TSJ):    0.050ns
    Total Input Jitter      (TIJ):    0.000ns
    Discrete Jitter          (DJ):    0.000ns
    Phase Error              (PE):    0.000ns
    User Uncertainty         (UU):    0.150ns
  Timing Exception:       False Path

    Location             Delay type                Incr(ns)  Path(ns)    Netlist Resource(s)
  -------------------------------------------------------------------    -------------------
                                                      0.000     0.000 r  CH_M[2] (IN)
                         net (fo=37, unset)           0.000     0.000    CH_M[2]
    SLICE_X40Y113        LUT4 (Prop_G6LUT_SLICEM_I0_O)
                                                      0.152     0.152 r  w_grp_base_i_20/O
                         net (fo=2, routed)           0.067     0.219    w_grp_base_i_20_n_0
    SLICE_X40Y113        LUT4 (Prop_A5LUT_SLICEM_I3_O)
                                                      0.194     0.413 f  w_grp_base_i_19/O
                         net (fo=26, routed)          1.292     1.705    d_inner[11]
    SLICE_X50Y121        LUT6 (Prop_D6LUT_SLICEL_I5_O)
                                                      0.057     1.762 r  m6_h_wr_en_r_i_17/O
                         net (fo=1, routed)           0.107     1.869    m6_h_wr_en_r_i_17_n_0
    SLICE_X49Y121        LUT6 (Prop_H6LUT_SLICEL_I1_O)
                                                      0.153     2.022 f  m6_h_wr_en_r_i_6/O
                         net (fo=1, routed)           0.242     2.264    m6_h_wr_en_r_i_6_n_0
    SLICE_X49Y121        CARRY8 (Prop_CARRY8_SLICEL_DI[3]_CO[5])
                                                      0.199     2.463 f  m6_h_wr_en_r_reg_i_3/CO[5]
                         net (fo=17, routed)          0.629     3.091    u_fifo_m6/state[6]_i_19_0[0]
    SLICE_X47Y121        LUT6 (Prop_E6LUT_SLICEL_I3_O)
                                                      0.187     3.278 r  u_fifo_m6/state[6]_i_37/O
                         net (fo=1, routed)           0.175     3.453    u_fifo_m6/state[6]_i_37_n_0
    SLICE_X47Y119        LUT6 (Prop_H6LUT_SLICEL_I4_O)
                                                      0.058     3.511 r  u_fifo_m6/state[6]_i_19/O
                         net (fo=1, routed)           0.365     3.876    u_fifo_m6/state[6]_i_19_n_0
    SLICE_X46Y114        LUT6 (Prop_F6LUT_SLICEL_I5_O)
                                                      0.187     4.063 r  u_fifo_m6/state[6]_i_6/O
                         net (fo=1, routed)           0.046     4.109    u_fifo_m6/state[6]_i_6_n_0
    SLICE_X46Y114        LUT6 (Prop_G6LUT_SLICEL_I5_O)
                                                      0.057     4.166 r  u_fifo_m6/state[6]_i_1/O
                         net (fo=73, routed)          1.887     6.053    state
    SLICE_X44Y164        FDCE                                         r  state_reg[2]_rep__6/CE
  -------------------------------------------------------------------    -------------------

                         (clock clk rise edge)        0.000     0.000 r  
                                                      0.000     0.000 r  clk (IN)
                         net (fo=10381, unset)        0.029     0.029    clk
    SLICE_X44Y164        FDCE                                         r  state_reg[2]_rep__6/C





Min Delay Paths
--------------------------------------------------------------------------------------
Slack:                    inf
  Source:                 rst
                            (input port)
  Destination:            S_reg_reg[0]/CLR
                            (removal check against rising-edge clock clk  {rise@0.000ns fall@5.000ns period=10.000ns})
  Path Group:             (none)
  Path Type:              Removal (Min at Fast Process Corner)
  Data Path Delay:        0.010ns  (logic 0.000ns (0.000%)  route 0.010ns (100.000%))
  Logic Levels:           0  
  Clock Path Skew:        0.019ns (DCD - SCD - CPR)
    Destination Clock Delay (DCD):    0.019ns
    Source Clock Delay      (SCD):    0.000ns
    Clock Pessimism Removal (CPR):    -0.000ns
  Timing Exception:       False Path

    Location             Delay type                Incr(ns)  Path(ns)    Netlist Resource(s)
  -------------------------------------------------------------------    -------------------
                                                      0.000     0.000 f  rst (IN)
                         net (fo=9025, unset)         0.010     0.010    rst
    SLICE_X42Y232        FDCE                                         f  S_reg_reg[0]/CLR
  -------------------------------------------------------------------    -------------------

                         (clock clk rise edge)        0.000     0.000 r  
                                                      0.000     0.000 r  clk (IN)
                         net (fo=10381, unset)        0.019     0.019    clk
    SLICE_X42Y232        FDCE                                         r  S_reg_reg[0]/C

Slack:                    inf
  Source:                 rst
                            (input port)
  Destination:            S_reg_reg[10]/CLR
                            (removal check against rising-edge clock clk  {rise@0.000ns fall@5.000ns period=10.000ns})
  Path Group:             (none)
  Path Type:              Removal (Min at Fast Process Corner)
  Data Path Delay:        0.010ns  (logic 0.000ns (0.000%)  route 0.010ns (100.000%))
  Logic Levels:           0  
  Clock Path Skew:        0.019ns (DCD - SCD - CPR)
    Destination Clock Delay (DCD):    0.019ns
    Source Clock Delay      (SCD):    0.000ns
    Clock Pessimism Removal (CPR):    -0.000ns
  Timing Exception:       False Path

    Location             Delay type                Incr(ns)  Path(ns)    Netlist Resource(s)
  -------------------------------------------------------------------    -------------------
                                                      0.000     0.000 f  rst (IN)
                         net (fo=9025, unset)         0.010     0.010    rst
    SLICE_X46Y226        FDCE                                         f  S_reg_reg[10]/CLR
  -------------------------------------------------------------------    -------------------

                         (clock clk rise edge)        0.000     0.000 r  
                                                      0.000     0.000 r  clk (IN)
                         net (fo=10381, unset)        0.019     0.019    clk
    SLICE_X46Y226        FDCE                                         r  S_reg_reg[10]/C

Slack:                    inf
  Source:                 rst
                            (input port)
  Destination:            S_reg_reg[11]/CLR
                            (removal check against rising-edge clock clk  {rise@0.000ns fall@5.000ns period=10.000ns})
  Path Group:             (none)
  Path Type:              Removal (Min at Fast Process Corner)
  Data Path Delay:        0.010ns  (logic 0.000ns (0.000%)  route 0.010ns (100.000%))
  Logic Levels:           0  
  Clock Path Skew:        0.019ns (DCD - SCD - CPR)
    Destination Clock Delay (DCD):    0.019ns
    Source Clock Delay      (SCD):    0.000ns
    Clock Pessimism Removal (CPR):    -0.000ns
  Timing Exception:       False Path

    Location             Delay type                Incr(ns)  Path(ns)    Netlist Resource(s)
  -------------------------------------------------------------------    -------------------
                                                      0.000     0.000 f  rst (IN)
                         net (fo=9025, unset)         0.010     0.010    rst
    SLICE_X44Y226        FDCE                                         f  S_reg_reg[11]/CLR
  -------------------------------------------------------------------    -------------------

                         (clock clk rise edge)        0.000     0.000 r  
                                                      0.000     0.000 r  clk (IN)
                         net (fo=10381, unset)        0.019     0.019    clk
    SLICE_X44Y226        FDCE                                         r  S_reg_reg[11]/C

Slack:                    inf
  Source:                 rst
                            (input port)
  Destination:            S_reg_reg[12]/CLR
                            (removal check against rising-edge clock clk  {rise@0.000ns fall@5.000ns period=10.000ns})
  Path Group:             (none)
  Path Type:              Removal (Min at Fast Process Corner)
  Data Path Delay:        0.010ns  (logic 0.000ns (0.000%)  route 0.010ns (100.000%))
  Logic Levels:           0  
  Clock Path Skew:        0.019ns (DCD - SCD - CPR)
    Destination Clock Delay (DCD):    0.019ns
    Source Clock Delay      (SCD):    0.000ns
    Clock Pessimism Removal (CPR):    -0.000ns
  Timing Exception:       False Path

    Location             Delay type                Incr(ns)  Path(ns)    Netlist Resource(s)
  -------------------------------------------------------------------    -------------------
                                                      0.000     0.000 f  rst (IN)
                         net (fo=9025, unset)         0.010     0.010    rst
    SLICE_X49Y226        FDCE                                         f  S_reg_reg[12]/CLR
  -------------------------------------------------------------------    -------------------

                         (clock clk rise edge)        0.000     0.000 r  
                                                      0.000     0.000 r  clk (IN)
                         net (fo=10381, unset)        0.019     0.019    clk
    SLICE_X49Y226        FDCE                                         r  S_reg_reg[12]/C

Slack:                    inf
  Source:                 rst
                            (input port)
  Destination:            S_reg_reg[14]/CLR
                            (removal check against rising-edge clock clk  {rise@0.000ns fall@5.000ns period=10.000ns})
  Path Group:             (none)
  Path Type:              Removal (Min at Fast Process Corner)
  Data Path Delay:        0.010ns  (logic 0.000ns (0.000%)  route 0.010ns (100.000%))
  Logic Levels:           0  
  Clock Path Skew:        0.019ns (DCD - SCD - CPR)
    Destination Clock Delay (DCD):    0.019ns
    Source Clock Delay      (SCD):    0.000ns
    Clock Pessimism Removal (CPR):    -0.000ns
  Timing Exception:       False Path

    Location             Delay type                Incr(ns)  Path(ns)    Netlist Resource(s)
  -------------------------------------------------------------------    -------------------
                                                      0.000     0.000 f  rst (IN)
                         net (fo=9025, unset)         0.010     0.010    rst
    SLICE_X49Y226        FDCE                                         f  S_reg_reg[14]/CLR
  -------------------------------------------------------------------    -------------------

                         (clock clk rise edge)        0.000     0.000 r  
                                                      0.000     0.000 r  clk (IN)
                         net (fo=10381, unset)        0.019     0.019    clk
    SLICE_X49Y226        FDCE                                         r  S_reg_reg[14]/C

Slack:                    inf
  Source:                 rst
                            (input port)
  Destination:            S_reg_reg[2]/CLR
                            (removal check against rising-edge clock clk  {rise@0.000ns fall@5.000ns period=10.000ns})
  Path Group:             (none)
  Path Type:              Removal (Min at Fast Process Corner)
  Data Path Delay:        0.010ns  (logic 0.000ns (0.000%)  route 0.010ns (100.000%))
  Logic Levels:           0  
  Clock Path Skew:        0.019ns (DCD - SCD - CPR)
    Destination Clock Delay (DCD):    0.019ns
    Source Clock Delay      (SCD):    0.000ns
    Clock Pessimism Removal (CPR):    -0.000ns
  Timing Exception:       False Path

    Location             Delay type                Incr(ns)  Path(ns)    Netlist Resource(s)
  -------------------------------------------------------------------    -------------------
                                                      0.000     0.000 f  rst (IN)
                         net (fo=9025, unset)         0.010     0.010    rst
    SLICE_X49Y232        FDCE                                         f  S_reg_reg[2]/CLR
  -------------------------------------------------------------------    -------------------

                         (clock clk rise edge)        0.000     0.000 r  
                                                      0.000     0.000 r  clk (IN)
                         net (fo=10381, unset)        0.019     0.019    clk
    SLICE_X49Y232        FDCE                                         r  S_reg_reg[2]/C

Slack:                    inf
  Source:                 rst
                            (input port)
  Destination:            S_reg_reg[3]/CLR
                            (removal check against rising-edge clock clk  {rise@0.000ns fall@5.000ns period=10.000ns})
  Path Group:             (none)
  Path Type:              Removal (Min at Fast Process Corner)
  Data Path Delay:        0.010ns  (logic 0.000ns (0.000%)  route 0.010ns (100.000%))
  Logic Levels:           0  
  Clock Path Skew:        0.019ns (DCD - SCD - CPR)
    Destination Clock Delay (DCD):    0.019ns
    Source Clock Delay      (SCD):    0.000ns
    Clock Pessimism Removal (CPR):    -0.000ns
  Timing Exception:       False Path

    Location             Delay type                Incr(ns)  Path(ns)    Netlist Resource(s)
  -------------------------------------------------------------------    -------------------
                                                      0.000     0.000 f  rst (IN)
                         net (fo=9025, unset)         0.010     0.010    rst
    SLICE_X48Y230        FDCE                                         f  S_reg_reg[3]/CLR
  -------------------------------------------------------------------    -------------------

                         (clock clk rise edge)        0.000     0.000 r  
                                                      0.000     0.000 r  clk (IN)
                         net (fo=10381, unset)        0.019     0.019    clk
    SLICE_X48Y230        FDCE                                         r  S_reg_reg[3]/C

Slack:                    inf
  Source:                 rst
                            (input port)
  Destination:            S_reg_reg[4]/CLR
                            (removal check against rising-edge clock clk  {rise@0.000ns fall@5.000ns period=10.000ns})
  Path Group:             (none)
  Path Type:              Removal (Min at Fast Process Corner)
  Data Path Delay:        0.010ns  (logic 0.000ns (0.000%)  route 0.010ns (100.000%))
  Logic Levels:           0  
  Clock Path Skew:        0.019ns (DCD - SCD - CPR)
    Destination Clock Delay (DCD):    0.019ns
    Source Clock Delay      (SCD):    0.000ns
    Clock Pessimism Removal (CPR):    -0.000ns
  Timing Exception:       False Path

    Location             Delay type                Incr(ns)  Path(ns)    Netlist Resource(s)
  -------------------------------------------------------------------    -------------------
                                                      0.000     0.000 f  rst (IN)
                         net (fo=9025, unset)         0.010     0.010    rst
    SLICE_X49Y229        FDCE                                         f  S_reg_reg[4]/CLR
  -------------------------------------------------------------------    -------------------

                         (clock clk rise edge)        0.000     0.000 r  
                                                      0.000     0.000 r  clk (IN)
                         net (fo=10381, unset)        0.019     0.019    clk
    SLICE_X49Y229        FDCE                                         r  S_reg_reg[4]/C

Slack:                    inf
  Source:                 rst
                            (input port)
  Destination:            S_reg_reg[6]/CLR
                            (removal check against rising-edge clock clk  {rise@0.000ns fall@5.000ns period=10.000ns})
  Path Group:             (none)
  Path Type:              Removal (Min at Fast Process Corner)
  Data Path Delay:        0.010ns  (logic 0.000ns (0.000%)  route 0.010ns (100.000%))
  Logic Levels:           0  
  Clock Path Skew:        0.019ns (DCD - SCD - CPR)
    Destination Clock Delay (DCD):    0.019ns
    Source Clock Delay      (SCD):    0.000ns
    Clock Pessimism Removal (CPR):    -0.000ns
  Timing Exception:       False Path

    Location             Delay type                Incr(ns)  Path(ns)    Netlist Resource(s)
  -------------------------------------------------------------------    -------------------
                                                      0.000     0.000 f  rst (IN)
                         net (fo=9025, unset)         0.010     0.010    rst
    SLICE_X48Y227        FDCE                                         f  S_reg_reg[6]/CLR
  -------------------------------------------------------------------    -------------------

                         (clock clk rise edge)        0.000     0.000 r  
                                                      0.000     0.000 r  clk (IN)
                         net (fo=10381, unset)        0.019     0.019    clk
    SLICE_X48Y227        FDCE                                         r  S_reg_reg[6]/C

Slack:                    inf
  Source:                 rst
                            (input port)
  Destination:            S_reg_reg[7]/CLR
                            (removal check against rising-edge clock clk  {rise@0.000ns fall@5.000ns period=10.000ns})
  Path Group:             (none)
  Path Type:              Removal (Min at Fast Process Corner)
  Data Path Delay:        0.010ns  (logic 0.000ns (0.000%)  route 0.010ns (100.000%))
  Logic Levels:           0  
  Clock Path Skew:        0.020ns (DCD - SCD - CPR)
    Destination Clock Delay (DCD):    0.020ns
    Source Clock Delay      (SCD):    0.000ns
    Clock Pessimism Removal (CPR):    -0.000ns
  Timing Exception:       False Path

    Location             Delay type                Incr(ns)  Path(ns)    Netlist Resource(s)
  -------------------------------------------------------------------    -------------------
                                                      0.000     0.000 f  rst (IN)
                         net (fo=9025, unset)         0.010     0.010    rst
    SLICE_X44Y228        FDCE                                         f  S_reg_reg[7]/CLR
  -------------------------------------------------------------------    -------------------

                         (clock clk rise edge)        0.000     0.000 r  
                                                      0.000     0.000 r  clk (IN)
                         net (fo=10381, unset)        0.020     0.020    clk
    SLICE_X44Y228        FDCE                                         r  S_reg_reg[7]/C





--------------------------------------------------------------------------------------
Path Group:  (none)
From Clock:  
  To Clock:  clk

Max Delay          1784 Endpoints
Min Delay          1784 Endpoints
--------------------------------------------------------------------------------------


Max Delay Paths
--------------------------------------------------------------------------------------
Slack:                    inf
  Source:                 u_mc/HAS_H_GEN.u_hrf/mem_reg_uram_8/CAS_OUT_DIN_A[17]
                            (internal pin)
  Destination:            u_mc/HAS_H_GEN.u_hrf/mem_reg_uram_11/CAS_IN_DIN_A[17]
                            (rising edge-triggered cell URAM288 clocked by clk  {rise@0.000ns fall@5.000ns period=10.000ns})
  Path Group:             (none)
  Path Type:              Setup (Max at Slow Process Corner)
  Data Path Delay:        0.564ns  (logic 0.558ns (98.936%)  route 0.006ns (1.064%))
  Logic Levels:           2  (URAM288=2)
  Clock Uncertainty:      0.175ns  ((TSJ^2 + TIJ^2)^1/2 + DJ) / 2 + PE + UU
    Total System Jitter     (TSJ):    0.050ns
    Total Input Jitter      (TIJ):    0.000ns
    Discrete Jitter          (DJ):    0.000ns
    Phase Error              (PE):    0.000ns
    User Uncertainty         (UU):    0.150ns

    Location             Delay type                Incr(ns)  Path(ns)    Netlist Resource(s)
  -------------------------------------------------------------------    -------------------
    URAM288_X0Y40        URAM288                      0.000     0.000 r  u_mc/HAS_H_GEN.u_hrf/mem_reg_uram_8/CAS_OUT_DIN_A[17]
                         net (fo=1, routed)           0.002     0.002    u_mc/HAS_H_GEN.u_hrf/mem_reg_uram_9_Cas_DinA_1[17]
    URAM288_X0Y41        URAM288 (Prop_URAM_288K_INST_URAM288_CAS_IN_DIN_A[17]_CAS_OUT_DIN_A[17])
                                                      0.279     0.281 r  u_mc/HAS_H_GEN.u_hrf/mem_reg_uram_9/CAS_OUT_DIN_A[17]
                         net (fo=1, routed)           0.002     0.283    u_mc/HAS_H_GEN.u_hrf/mem_reg_uram_10_Cas_DinA_2[17]
    URAM288_X0Y42        URAM288 (Prop_URAM_288K_INST_URAM288_CAS_IN_DIN_A[17]_CAS_OUT_DIN_A[17])
                                                      0.279     0.562 r  u_mc/HAS_H_GEN.u_hrf/mem_reg_uram_10/CAS_OUT_DIN_A[17]
                         net (fo=1, routed)           0.002     0.564    u_mc/HAS_H_GEN.u_hrf/mem_reg_uram_11_Cas_DinA_3[17]
    URAM288_X0Y43        URAM288                                      r  u_mc/HAS_H_GEN.u_hrf/mem_reg_uram_11/CAS_IN_DIN_A[17]
  -------------------------------------------------------------------    -------------------

                         (clock clk rise edge)        0.000     0.000 r  
                                                      0.000     0.000 r  clk (IN)
                         net (fo=10381, unset)        0.085     0.085    u_mc/HAS_H_GEN.u_hrf/clk
    URAM288_X0Y43        URAM288                                      r  u_mc/HAS_H_GEN.u_hrf/mem_reg_uram_11/CLK

Slack:                    inf
  Source:                 u_mc/HAS_H_GEN.u_hrf/mem_reg_uram_12/CAS_OUT_DIN_A[17]
                            (internal pin)
  Destination:            u_mc/HAS_H_GEN.u_hrf/mem_reg_uram_15/CAS_IN_DIN_A[17]
                            (rising edge-triggered cell URAM288 clocked by clk  {rise@0.000ns fall@5.000ns period=10.000ns})
  Path Group:             (none)
  Path Type:              Setup (Max at Slow Process Corner)
  Data Path Delay:        0.564ns  (logic 0.558ns (98.936%)  route 0.006ns (1.064%))
  Logic Levels:           2  (URAM288=2)
  Clock Uncertainty:      0.175ns  ((TSJ^2 + TIJ^2)^1/2 + DJ) / 2 + PE + UU
    Total System Jitter     (TSJ):    0.050ns
    Total Input Jitter      (TIJ):    0.000ns
    Discrete Jitter          (DJ):    0.000ns
    Phase Error              (PE):    0.000ns
    User Uncertainty         (UU):    0.150ns

    Location             Delay type                Incr(ns)  Path(ns)    Netlist Resource(s)
  -------------------------------------------------------------------    -------------------
    URAM288_X0Y32        URAM288                      0.000     0.000 r  u_mc/HAS_H_GEN.u_hrf/mem_reg_uram_12/CAS_OUT_DIN_A[17]
                         net (fo=1, routed)           0.002     0.002    u_mc/HAS_H_GEN.u_hrf/mem_reg_uram_13_Cas_DinA_1[17]
    URAM288_X0Y33        URAM288 (Prop_URAM_288K_INST_URAM288_CAS_IN_DIN_A[17]_CAS_OUT_DIN_A[17])
                                                      0.279     0.281 r  u_mc/HAS_H_GEN.u_hrf/mem_reg_uram_13/CAS_OUT_DIN_A[17]
                         net (fo=1, routed)           0.002     0.283    u_mc/HAS_H_GEN.u_hrf/mem_reg_uram_14_Cas_DinA_2[17]
    URAM288_X0Y34        URAM288 (Prop_URAM_288K_INST_URAM288_CAS_IN_DIN_A[17]_CAS_OUT_DIN_A[17])
                                                      0.279     0.562 r  u_mc/HAS_H_GEN.u_hrf/mem_reg_uram_14/CAS_OUT_DIN_A[17]
                         net (fo=1, routed)           0.002     0.564    u_mc/HAS_H_GEN.u_hrf/mem_reg_uram_15_Cas_DinA_3[17]
    URAM288_X0Y35        URAM288                                      r  u_mc/HAS_H_GEN.u_hrf/mem_reg_uram_15/CAS_IN_DIN_A[17]
  -------------------------------------------------------------------    -------------------

                         (clock clk rise edge)        0.000     0.000 r  
                                                      0.000     0.000 r  clk (IN)
                         net (fo=10381, unset)        0.085     0.085    u_mc/HAS_H_GEN.u_hrf/clk
    URAM288_X0Y35        URAM288                                      r  u_mc/HAS_H_GEN.u_hrf/mem_reg_uram_15/CLK

Slack:                    inf
  Source:                 u_mc/HAS_H_GEN.u_hrf/mem_reg_uram_0/CAS_OUT_DIN_A[17]
                            (internal pin)
  Destination:            u_mc/HAS_H_GEN.u_hrf/mem_reg_uram_3/CAS_IN_DIN_A[17]
                            (rising edge-triggered cell URAM288 clocked by clk  {rise@0.000ns fall@5.000ns period=10.000ns})
  Path Group:             (none)
  Path Type:              Setup (Max at Slow Process Corner)
  Data Path Delay:        0.564ns  (logic 0.558ns (98.936%)  route 0.006ns (1.064%))
  Logic Levels:           2  (URAM288=2)
  Clock Uncertainty:      0.175ns  ((TSJ^2 + TIJ^2)^1/2 + DJ) / 2 + PE + UU
    Total System Jitter     (TSJ):    0.050ns
    Total Input Jitter      (TIJ):    0.000ns
    Discrete Jitter          (DJ):    0.000ns
    Phase Error              (PE):    0.000ns
    User Uncertainty         (UU):    0.150ns

    Location             Delay type                Incr(ns)  Path(ns)    Netlist Resource(s)
  -------------------------------------------------------------------    -------------------
    URAM288_X0Y48        URAM288                      0.000     0.000 r  u_mc/HAS_H_GEN.u_hrf/mem_reg_uram_0/CAS_OUT_DIN_A[17]
                         net (fo=1, routed)           0.002     0.002    u_mc/HAS_H_GEN.u_hrf/mem_reg_uram_1_Cas_DinA_1[17]
    URAM288_X0Y49        URAM288 (Prop_URAM_288K_INST_URAM288_CAS_IN_DIN_A[17]_CAS_OUT_DIN_A[17])
                                                      0.279     0.281 r  u_mc/HAS_H_GEN.u_hrf/mem_reg_uram_1/CAS_OUT_DIN_A[17]
                         net (fo=1, routed)           0.002     0.283    u_mc/HAS_H_GEN.u_hrf/mem_reg_uram_2_Cas_DinA_2[17]
    URAM288_X0Y50        URAM288 (Prop_URAM_288K_INST_URAM288_CAS_IN_DIN_A[17]_CAS_OUT_DIN_A[17])
                                                      0.279     0.562 r  u_mc/HAS_H_GEN.u_hrf/mem_reg_uram_2/CAS_OUT_DIN_A[17]
                         net (fo=1, routed)           0.002     0.564    u_mc/HAS_H_GEN.u_hrf/mem_reg_uram_3_Cas_DinA_3[17]
    URAM288_X0Y51        URAM288                                      r  u_mc/HAS_H_GEN.u_hrf/mem_reg_uram_3/CAS_IN_DIN_A[17]
  -------------------------------------------------------------------    -------------------

                         (clock clk rise edge)        0.000     0.000 r  
                                                      0.000     0.000 r  clk (IN)
                         net (fo=10381, unset)        0.085     0.085    u_mc/HAS_H_GEN.u_hrf/clk
    URAM288_X0Y51        URAM288                                      r  u_mc/HAS_H_GEN.u_hrf/mem_reg_uram_3/CLK

Slack:                    inf
  Source:                 u_mc/HAS_H_GEN.u_hrf/mem_reg_uram_4/CAS_OUT_DIN_A[17]
                            (internal pin)
  Destination:            u_mc/HAS_H_GEN.u_hrf/mem_reg_uram_7/CAS_IN_DIN_A[17]
                            (rising edge-triggered cell URAM288 clocked by clk  {rise@0.000ns fall@5.000ns period=10.000ns})
  Path Group:             (none)
  Path Type:              Setup (Max at Slow Process Corner)
  Data Path Delay:        0.564ns  (logic 0.558ns (98.936%)  route 0.006ns (1.064%))
  Logic Levels:           2  (URAM288=2)
  Clock Uncertainty:      0.175ns  ((TSJ^2 + TIJ^2)^1/2 + DJ) / 2 + PE + UU
    Total System Jitter     (TSJ):    0.050ns
    Total Input Jitter      (TIJ):    0.000ns
    Discrete Jitter          (DJ):    0.000ns
    Phase Error              (PE):    0.000ns
    User Uncertainty         (UU):    0.150ns

    Location             Delay type                Incr(ns)  Path(ns)    Netlist Resource(s)
  -------------------------------------------------------------------    -------------------
    URAM288_X0Y44        URAM288                      0.000     0.000 r  u_mc/HAS_H_GEN.u_hrf/mem_reg_uram_4/CAS_OUT_DIN_A[17]
                         net (fo=1, routed)           0.002     0.002    u_mc/HAS_H_GEN.u_hrf/mem_reg_uram_5_Cas_DinA_1[17]
    URAM288_X0Y45        URAM288 (Prop_URAM_288K_INST_URAM288_CAS_IN_DIN_A[17]_CAS_OUT_DIN_A[17])
                                                      0.279     0.281 r  u_mc/HAS_H_GEN.u_hrf/mem_reg_uram_5/CAS_OUT_DIN_A[17]
                         net (fo=1, routed)           0.002     0.283    u_mc/HAS_H_GEN.u_hrf/mem_reg_uram_6_Cas_DinA_2[17]
    URAM288_X0Y46        URAM288 (Prop_URAM_288K_INST_URAM288_CAS_IN_DIN_A[17]_CAS_OUT_DIN_A[17])
                                                      0.279     0.562 r  u_mc/HAS_H_GEN.u_hrf/mem_reg_uram_6/CAS_OUT_DIN_A[17]
                         net (fo=1, routed)           0.002     0.564    u_mc/HAS_H_GEN.u_hrf/mem_reg_uram_7_Cas_DinA_3[17]
    URAM288_X0Y47        URAM288                                      r  u_mc/HAS_H_GEN.u_hrf/mem_reg_uram_7/CAS_IN_DIN_A[17]
  -------------------------------------------------------------------    -------------------

                         (clock clk rise edge)        0.000     0.000 r  
                                                      0.000     0.000 r  clk (IN)
                         net (fo=10381, unset)        0.085     0.085    u_mc/HAS_H_GEN.u_hrf/clk
    URAM288_X0Y47        URAM288                                      r  u_mc/HAS_H_GEN.u_hrf/mem_reg_uram_7/CLK

Slack:                    inf
  Source:                 u_mc/HAS_H_GEN.u_hrf/mem_reg_uram_8/CAS_OUT_DIN_A[22]
                            (internal pin)
  Destination:            u_mc/HAS_H_GEN.u_hrf/mem_reg_uram_11/CAS_IN_DIN_A[22]
                            (rising edge-triggered cell URAM288 clocked by clk  {rise@0.000ns fall@5.000ns period=10.000ns})
  Path Group:             (none)
  Path Type:              Setup (Max at Slow Process Corner)
  Data Path Delay:        0.553ns  (logic 0.550ns (99.458%)  route 0.003ns (0.542%))
  Logic Levels:           2  (URAM288=2)
  Clock Uncertainty:      0.175ns  ((TSJ^2 + TIJ^2)^1/2 + DJ) / 2 + PE + UU
    Total System Jitter     (TSJ):    0.050ns
    Total Input Jitter      (TIJ):    0.000ns
    Discrete Jitter          (DJ):    0.000ns
    Phase Error              (PE):    0.000ns
    User Uncertainty         (UU):    0.150ns

    Location             Delay type                Incr(ns)  Path(ns)    Netlist Resource(s)
  -------------------------------------------------------------------    -------------------
    URAM288_X0Y40        URAM288                      0.000     0.000 r  u_mc/HAS_H_GEN.u_hrf/mem_reg_uram_8/CAS_OUT_DIN_A[22]
                         net (fo=1, routed)           0.001     0.001    u_mc/HAS_H_GEN.u_hrf/mem_reg_uram_9_Cas_DinA_1[22]
    URAM288_X0Y41        URAM288 (Prop_URAM_288K_INST_URAM288_CAS_IN_DIN_A[22]_CAS_OUT_DIN_A[22])
                                                      0.275     0.276 r  u_mc/HAS_H_GEN.u_hrf/mem_reg_uram_9/CAS_OUT_DIN_A[22]
                         net (fo=1, routed)           0.001     0.277    u_mc/HAS_H_GEN.u_hrf/mem_reg_uram_10_Cas_DinA_2[22]
    URAM288_X0Y42        URAM288 (Prop_URAM_288K_INST_URAM288_CAS_IN_DIN_A[22]_CAS_OUT_DIN_A[22])
                                                      0.275     0.552 r  u_mc/HAS_H_GEN.u_hrf/mem_reg_uram_10/CAS_OUT_DIN_A[22]
                         net (fo=1, routed)           0.001     0.553    u_mc/HAS_H_GEN.u_hrf/mem_reg_uram_11_Cas_DinA_3[22]
    URAM288_X0Y43        URAM288                                      r  u_mc/HAS_H_GEN.u_hrf/mem_reg_uram_11/CAS_IN_DIN_A[22]
  -------------------------------------------------------------------    -------------------

                         (clock clk rise edge)        0.000     0.000 r  
                                                      0.000     0.000 r  clk (IN)
                         net (fo=10381, unset)        0.085     0.085    u_mc/HAS_H_GEN.u_hrf/clk
    URAM288_X0Y43        URAM288                                      r  u_mc/HAS_H_GEN.u_hrf/mem_reg_uram_11/CLK

Slack:                    inf
  Source:                 u_mc/HAS_H_GEN.u_hrf/mem_reg_uram_12/CAS_OUT_DIN_A[22]
                            (internal pin)
  Destination:            u_mc/HAS_H_GEN.u_hrf/mem_reg_uram_15/CAS_IN_DIN_A[22]
                            (rising edge-triggered cell URAM288 clocked by clk  {rise@0.000ns fall@5.000ns period=10.000ns})
  Path Group:             (none)
  Path Type:              Setup (Max at Slow Process Corner)
  Data Path Delay:        0.553ns  (logic 0.550ns (99.458%)  route 0.003ns (0.542%))
  Logic Levels:           2  (URAM288=2)
  Clock Uncertainty:      0.175ns  ((TSJ^2 + TIJ^2)^1/2 + DJ) / 2 + PE + UU
    Total System Jitter     (TSJ):    0.050ns
    Total Input Jitter      (TIJ):    0.000ns
    Discrete Jitter          (DJ):    0.000ns
    Phase Error              (PE):    0.000ns
    User Uncertainty         (UU):    0.150ns

    Location             Delay type                Incr(ns)  Path(ns)    Netlist Resource(s)
  -------------------------------------------------------------------    -------------------
    URAM288_X0Y32        URAM288                      0.000     0.000 r  u_mc/HAS_H_GEN.u_hrf/mem_reg_uram_12/CAS_OUT_DIN_A[22]
                         net (fo=1, routed)           0.001     0.001    u_mc/HAS_H_GEN.u_hrf/mem_reg_uram_13_Cas_DinA_1[22]
    URAM288_X0Y33        URAM288 (Prop_URAM_288K_INST_URAM288_CAS_IN_DIN_A[22]_CAS_OUT_DIN_A[22])
                                                      0.275     0.276 r  u_mc/HAS_H_GEN.u_hrf/mem_reg_uram_13/CAS_OUT_DIN_A[22]
                         net (fo=1, routed)           0.001     0.277    u_mc/HAS_H_GEN.u_hrf/mem_reg_uram_14_Cas_DinA_2[22]
    URAM288_X0Y34        URAM288 (Prop_URAM_288K_INST_URAM288_CAS_IN_DIN_A[22]_CAS_OUT_DIN_A[22])
                                                      0.275     0.552 r  u_mc/HAS_H_GEN.u_hrf/mem_reg_uram_14/CAS_OUT_DIN_A[22]
                         net (fo=1, routed)           0.001     0.553    u_mc/HAS_H_GEN.u_hrf/mem_reg_uram_15_Cas_DinA_3[22]
    URAM288_X0Y35        URAM288                                      r  u_mc/HAS_H_GEN.u_hrf/mem_reg_uram_15/CAS_IN_DIN_A[22]
  -------------------------------------------------------------------    -------------------

                         (clock clk rise edge)        0.000     0.000 r  
                                                      0.000     0.000 r  clk (IN)
                         net (fo=10381, unset)        0.085     0.085    u_mc/HAS_H_GEN.u_hrf/clk
    URAM288_X0Y35        URAM288                                      r  u_mc/HAS_H_GEN.u_hrf/mem_reg_uram_15/CLK

Slack:                    inf
  Source:                 u_mc/HAS_H_GEN.u_hrf/mem_reg_uram_0/CAS_OUT_DIN_A[22]
                            (internal pin)
  Destination:            u_mc/HAS_H_GEN.u_hrf/mem_reg_uram_3/CAS_IN_DIN_A[22]
                            (rising edge-triggered cell URAM288 clocked by clk  {rise@0.000ns fall@5.000ns period=10.000ns})
  Path Group:             (none)
  Path Type:              Setup (Max at Slow Process Corner)
  Data Path Delay:        0.553ns  (logic 0.550ns (99.458%)  route 0.003ns (0.542%))
  Logic Levels:           2  (URAM288=2)
  Clock Uncertainty:      0.175ns  ((TSJ^2 + TIJ^2)^1/2 + DJ) / 2 + PE + UU
    Total System Jitter     (TSJ):    0.050ns
    Total Input Jitter      (TIJ):    0.000ns
    Discrete Jitter          (DJ):    0.000ns
    Phase Error              (PE):    0.000ns
    User Uncertainty         (UU):    0.150ns

    Location             Delay type                Incr(ns)  Path(ns)    Netlist Resource(s)
  -------------------------------------------------------------------    -------------------
    URAM288_X0Y48        URAM288                      0.000     0.000 r  u_mc/HAS_H_GEN.u_hrf/mem_reg_uram_0/CAS_OUT_DIN_A[22]
                         net (fo=1, routed)           0.001     0.001    u_mc/HAS_H_GEN.u_hrf/mem_reg_uram_1_Cas_DinA_1[22]
    URAM288_X0Y49        URAM288 (Prop_URAM_288K_INST_URAM288_CAS_IN_DIN_A[22]_CAS_OUT_DIN_A[22])
                                                      0.275     0.276 r  u_mc/HAS_H_GEN.u_hrf/mem_reg_uram_1/CAS_OUT_DIN_A[22]
                         net (fo=1, routed)           0.001     0.277    u_mc/HAS_H_GEN.u_hrf/mem_reg_uram_2_Cas_DinA_2[22]
    URAM288_X0Y50        URAM288 (Prop_URAM_288K_INST_URAM288_CAS_IN_DIN_A[22]_CAS_OUT_DIN_A[22])
                                                      0.275     0.552 r  u_mc/HAS_H_GEN.u_hrf/mem_reg_uram_2/CAS_OUT_DIN_A[22]
                         net (fo=1, routed)           0.001     0.553    u_mc/HAS_H_GEN.u_hrf/mem_reg_uram_3_Cas_DinA_3[22]
    URAM288_X0Y51        URAM288                                      r  u_mc/HAS_H_GEN.u_hrf/mem_reg_uram_3/CAS_IN_DIN_A[22]
  -------------------------------------------------------------------    -------------------

                         (clock clk rise edge)        0.000     0.000 r  
                                                      0.000     0.000 r  clk (IN)
                         net (fo=10381, unset)        0.085     0.085    u_mc/HAS_H_GEN.u_hrf/clk
    URAM288_X0Y51        URAM288                                      r  u_mc/HAS_H_GEN.u_hrf/mem_reg_uram_3/CLK

Slack:                    inf
  Source:                 u_mc/HAS_H_GEN.u_hrf/mem_reg_uram_4/CAS_OUT_DIN_A[22]
                            (internal pin)
  Destination:            u_mc/HAS_H_GEN.u_hrf/mem_reg_uram_7/CAS_IN_DIN_A[22]
                            (rising edge-triggered cell URAM288 clocked by clk  {rise@0.000ns fall@5.000ns period=10.000ns})
  Path Group:             (none)
  Path Type:              Setup (Max at Slow Process Corner)
  Data Path Delay:        0.553ns  (logic 0.550ns (99.458%)  route 0.003ns (0.542%))
  Logic Levels:           2  (URAM288=2)
  Clock Uncertainty:      0.175ns  ((TSJ^2 + TIJ^2)^1/2 + DJ) / 2 + PE + UU
    Total System Jitter     (TSJ):    0.050ns
    Total Input Jitter      (TIJ):    0.000ns
    Discrete Jitter          (DJ):    0.000ns
    Phase Error              (PE):    0.000ns
    User Uncertainty         (UU):    0.150ns

    Location             Delay type                Incr(ns)  Path(ns)    Netlist Resource(s)
  -------------------------------------------------------------------    -------------------
    URAM288_X0Y44        URAM288                      0.000     0.000 r  u_mc/HAS_H_GEN.u_hrf/mem_reg_uram_4/CAS_OUT_DIN_A[22]
                         net (fo=1, routed)           0.001     0.001    u_mc/HAS_H_GEN.u_hrf/mem_reg_uram_5_Cas_DinA_1[22]
    URAM288_X0Y45        URAM288 (Prop_URAM_288K_INST_URAM288_CAS_IN_DIN_A[22]_CAS_OUT_DIN_A[22])
                                                      0.275     0.276 r  u_mc/HAS_H_GEN.u_hrf/mem_reg_uram_5/CAS_OUT_DIN_A[22]
                         net (fo=1, routed)           0.001     0.277    u_mc/HAS_H_GEN.u_hrf/mem_reg_uram_6_Cas_DinA_2[22]
    URAM288_X0Y46        URAM288 (Prop_URAM_288K_INST_URAM288_CAS_IN_DIN_A[22]_CAS_OUT_DIN_A[22])
                                                      0.275     0.552 r  u_mc/HAS_H_GEN.u_hrf/mem_reg_uram_6/CAS_OUT_DIN_A[22]
                         net (fo=1, routed)           0.001     0.553    u_mc/HAS_H_GEN.u_hrf/mem_reg_uram_7_Cas_DinA_3[22]
    URAM288_X0Y47        URAM288                                      r  u_mc/HAS_H_GEN.u_hrf/mem_reg_uram_7/CAS_IN_DIN_A[22]
  -------------------------------------------------------------------    -------------------

                         (clock clk rise edge)        0.000     0.000 r  
                                                      0.000     0.000 r  clk (IN)
                         net (fo=10381, unset)        0.085     0.085    u_mc/HAS_H_GEN.u_hrf/clk
    URAM288_X0Y47        URAM288                                      r  u_mc/HAS_H_GEN.u_hrf/mem_reg_uram_7/CLK

Slack:                    inf
  Source:                 u_mc/HAS_H_GEN.u_hrf/mem_reg_uram_8/CAS_OUT_DIN_A[25]
                            (internal pin)
  Destination:            u_mc/HAS_H_GEN.u_hrf/mem_reg_uram_11/CAS_IN_DIN_A[25]
                            (rising edge-triggered cell URAM288 clocked by clk  {rise@0.000ns fall@5.000ns period=10.000ns})
  Path Group:             (none)
  Path Type:              Setup (Max at Slow Process Corner)
  Data Path Delay:        0.550ns  (logic 0.544ns (98.909%)  route 0.006ns (1.091%))
  Logic Levels:           2  (URAM288=2)
  Clock Uncertainty:      0.175ns  ((TSJ^2 + TIJ^2)^1/2 + DJ) / 2 + PE + UU
    Total System Jitter     (TSJ):    0.050ns
    Total Input Jitter      (TIJ):    0.000ns
    Discrete Jitter          (DJ):    0.000ns
    Phase Error              (PE):    0.000ns
    User Uncertainty         (UU):    0.150ns

    Location             Delay type                Incr(ns)  Path(ns)    Netlist Resource(s)
  -------------------------------------------------------------------    -------------------
    URAM288_X0Y40        URAM288                      0.000     0.000 r  u_mc/HAS_H_GEN.u_hrf/mem_reg_uram_8/CAS_OUT_DIN_A[25]
                         net (fo=1, routed)           0.002     0.002    u_mc/HAS_H_GEN.u_hrf/mem_reg_uram_9_Cas_DinA_1[25]
    URAM288_X0Y41        URAM288 (Prop_URAM_288K_INST_URAM288_CAS_IN_DIN_A[25]_CAS_OUT_DIN_A[25])
                                                      0.272     0.274 r  u_mc/HAS_H_GEN.u_hrf/mem_reg_uram_9/CAS_OUT_DIN_A[25]
                         net (fo=1, routed)           0.002     0.276    u_mc/HAS_H_GEN.u_hrf/mem_reg_uram_10_Cas_DinA_2[25]
    URAM288_X0Y42        URAM288 (Prop_URAM_288K_INST_URAM288_CAS_IN_DIN_A[25]_CAS_OUT_DIN_A[25])
                                                      0.272     0.548 r  u_mc/HAS_H_GEN.u_hrf/mem_reg_uram_10/CAS_OUT_DIN_A[25]
                         net (fo=1, routed)           0.002     0.550    u_mc/HAS_H_GEN.u_hrf/mem_reg_uram_11_Cas_DinA_3[25]
    URAM288_X0Y43        URAM288                                      r  u_mc/HAS_H_GEN.u_hrf/mem_reg_uram_11/CAS_IN_DIN_A[25]
  -------------------------------------------------------------------    -------------------

                         (clock clk rise edge)        0.000     0.000 r  
                                                      0.000     0.000 r  clk (IN)
                         net (fo=10381, unset)        0.085     0.085    u_mc/HAS_H_GEN.u_hrf/clk
    URAM288_X0Y43        URAM288                                      r  u_mc/HAS_H_GEN.u_hrf/mem_reg_uram_11/CLK

Slack:                    inf
  Source:                 u_mc/HAS_H_GEN.u_hrf/mem_reg_uram_12/CAS_OUT_DIN_A[25]
                            (internal pin)
  Destination:            u_mc/HAS_H_GEN.u_hrf/mem_reg_uram_15/CAS_IN_DIN_A[25]
                            (rising edge-triggered cell URAM288 clocked by clk  {rise@0.000ns fall@5.000ns period=10.000ns})
  Path Group:             (none)
  Path Type:              Setup (Max at Slow Process Corner)
  Data Path Delay:        0.550ns  (logic 0.544ns (98.909%)  route 0.006ns (1.091%))
  Logic Levels:           2  (URAM288=2)
  Clock Uncertainty:      0.175ns  ((TSJ^2 + TIJ^2)^1/2 + DJ) / 2 + PE + UU
    Total System Jitter     (TSJ):    0.050ns
    Total Input Jitter      (TIJ):    0.000ns
    Discrete Jitter          (DJ):    0.000ns
    Phase Error              (PE):    0.000ns
    User Uncertainty         (UU):    0.150ns

    Location             Delay type                Incr(ns)  Path(ns)    Netlist Resource(s)
  -------------------------------------------------------------------    -------------------
    URAM288_X0Y32        URAM288                      0.000     0.000 r  u_mc/HAS_H_GEN.u_hrf/mem_reg_uram_12/CAS_OUT_DIN_A[25]
                         net (fo=1, routed)           0.002     0.002    u_mc/HAS_H_GEN.u_hrf/mem_reg_uram_13_Cas_DinA_1[25]
    URAM288_X0Y33        URAM288 (Prop_URAM_288K_INST_URAM288_CAS_IN_DIN_A[25]_CAS_OUT_DIN_A[25])
                                                      0.272     0.274 r  u_mc/HAS_H_GEN.u_hrf/mem_reg_uram_13/CAS_OUT_DIN_A[25]
                         net (fo=1, routed)           0.002     0.276    u_mc/HAS_H_GEN.u_hrf/mem_reg_uram_14_Cas_DinA_2[25]
    URAM288_X0Y34        URAM288 (Prop_URAM_288K_INST_URAM288_CAS_IN_DIN_A[25]_CAS_OUT_DIN_A[25])
                                                      0.272     0.548 r  u_mc/HAS_H_GEN.u_hrf/mem_reg_uram_14/CAS_OUT_DIN_A[25]
                         net (fo=1, routed)           0.002     0.550    u_mc/HAS_H_GEN.u_hrf/mem_reg_uram_15_Cas_DinA_3[25]
    URAM288_X0Y35        URAM288                                      r  u_mc/HAS_H_GEN.u_hrf/mem_reg_uram_15/CAS_IN_DIN_A[25]
  -------------------------------------------------------------------    -------------------

                         (clock clk rise edge)        0.000     0.000 r  
                                                      0.000     0.000 r  clk (IN)
                         net (fo=10381, unset)        0.085     0.085    u_mc/HAS_H_GEN.u_hrf/clk
    URAM288_X0Y35        URAM288                                      r  u_mc/HAS_H_GEN.u_hrf/mem_reg_uram_15/CLK





Min Delay Paths
--------------------------------------------------------------------------------------
Slack:                    inf
  Source:                 u_mc/HAS_H_GEN.u_hrf/mem_reg_uram_0/CAS_OUT_ADDR_B[19]
                            (internal pin)
  Destination:            u_mc/HAS_H_GEN.u_hrf/mem_reg_uram_1/CAS_IN_ADDR_B[19]
                            (rising edge-triggered cell URAM288 clocked by clk  {rise@0.000ns fall@5.000ns period=10.000ns})
  Path Group:             (none)
  Path Type:              Hold (Min at Slow Process Corner)
  Data Path Delay:        0.000ns  (logic 0.000ns (0.000%)  route 0.000ns (0.000%))
  Logic Levels:           0  
  Clock Uncertainty:      0.075ns  ((TSJ^2 + TIJ^2)^1/2 + DJ) / 2 + PE + UU
    Total System Jitter     (TSJ):    0.050ns
    Total Input Jitter      (TIJ):    0.000ns
    Discrete Jitter          (DJ):    0.000ns
    Phase Error              (PE):    0.000ns
    User Uncertainty         (UU):    0.050ns

    Location             Delay type                Incr(ns)  Path(ns)    Netlist Resource(s)
  -------------------------------------------------------------------    -------------------
    URAM288_X0Y48        URAM288                      0.000     0.000 r  u_mc/HAS_H_GEN.u_hrf/mem_reg_uram_0/CAS_OUT_ADDR_B[19]
                         net (fo=1, routed)           0.000     0.000    u_mc/HAS_H_GEN.u_hrf/mem_reg_uram_1_Cas_AddrB_1[19]
    URAM288_X0Y49        URAM288                                      r  u_mc/HAS_H_GEN.u_hrf/mem_reg_uram_1/CAS_IN_ADDR_B[19]
  -------------------------------------------------------------------    -------------------

                         (clock clk rise edge)        0.000     0.000 r  
                                                      0.000     0.000 r  clk (IN)
                         net (fo=10381, unset)        0.117     0.117    u_mc/HAS_H_GEN.u_hrf/clk
    URAM288_X0Y49        URAM288                                      r  u_mc/HAS_H_GEN.u_hrf/mem_reg_uram_1/CLK

Slack:                    inf
  Source:                 u_mc/HAS_H_GEN.u_hrf/mem_reg_uram_0/CAS_OUT_DIN_A[28]
                            (internal pin)
  Destination:            u_mc/HAS_H_GEN.u_hrf/mem_reg_uram_1/CAS_IN_DIN_A[28]
                            (rising edge-triggered cell URAM288 clocked by clk  {rise@0.000ns fall@5.000ns period=10.000ns})
  Path Group:             (none)
  Path Type:              Hold (Min at Slow Process Corner)
  Data Path Delay:        0.000ns  (logic 0.000ns (0.000%)  route 0.000ns (0.000%))
  Logic Levels:           0  
  Clock Uncertainty:      0.075ns  ((TSJ^2 + TIJ^2)^1/2 + DJ) / 2 + PE + UU
    Total System Jitter     (TSJ):    0.050ns
    Total Input Jitter      (TIJ):    0.000ns
    Discrete Jitter          (DJ):    0.000ns
    Phase Error              (PE):    0.000ns
    User Uncertainty         (UU):    0.050ns

    Location             Delay type                Incr(ns)  Path(ns)    Netlist Resource(s)
  -------------------------------------------------------------------    -------------------
    URAM288_X0Y48        URAM288                      0.000     0.000 r  u_mc/HAS_H_GEN.u_hrf/mem_reg_uram_0/CAS_OUT_DIN_A[28]
                         net (fo=1, routed)           0.000     0.000    u_mc/HAS_H_GEN.u_hrf/mem_reg_uram_1_Cas_DinA_1[28]
    URAM288_X0Y49        URAM288                                      r  u_mc/HAS_H_GEN.u_hrf/mem_reg_uram_1/CAS_IN_DIN_A[28]
  -------------------------------------------------------------------    -------------------

                         (clock clk rise edge)        0.000     0.000 r  
                                                      0.000     0.000 r  clk (IN)
                         net (fo=10381, unset)        0.117     0.117    u_mc/HAS_H_GEN.u_hrf/clk
    URAM288_X0Y49        URAM288                                      r  u_mc/HAS_H_GEN.u_hrf/mem_reg_uram_1/CLK

Slack:                    inf
  Source:                 u_mc/HAS_H_GEN.u_hrf/mem_reg_uram_0/CAS_OUT_DIN_A[32]
                            (internal pin)
  Destination:            u_mc/HAS_H_GEN.u_hrf/mem_reg_uram_1/CAS_IN_DIN_A[32]
                            (rising edge-triggered cell URAM288 clocked by clk  {rise@0.000ns fall@5.000ns period=10.000ns})
  Path Group:             (none)
  Path Type:              Hold (Min at Slow Process Corner)
  Data Path Delay:        0.000ns  (logic 0.000ns (0.000%)  route 0.000ns (0.000%))
  Logic Levels:           0  
  Clock Uncertainty:      0.075ns  ((TSJ^2 + TIJ^2)^1/2 + DJ) / 2 + PE + UU
    Total System Jitter     (TSJ):    0.050ns
    Total Input Jitter      (TIJ):    0.000ns
    Discrete Jitter          (DJ):    0.000ns
    Phase Error              (PE):    0.000ns
    User Uncertainty         (UU):    0.050ns

    Location             Delay type                Incr(ns)  Path(ns)    Netlist Resource(s)
  -------------------------------------------------------------------    -------------------
    URAM288_X0Y48        URAM288                      0.000     0.000 r  u_mc/HAS_H_GEN.u_hrf/mem_reg_uram_0/CAS_OUT_DIN_A[32]
                         net (fo=1, routed)           0.000     0.000    u_mc/HAS_H_GEN.u_hrf/mem_reg_uram_1_Cas_DinA_1[32]
    URAM288_X0Y49        URAM288                                      r  u_mc/HAS_H_GEN.u_hrf/mem_reg_uram_1/CAS_IN_DIN_A[32]
  -------------------------------------------------------------------    -------------------

                         (clock clk rise edge)        0.000     0.000 r  
                                                      0.000     0.000 r  clk (IN)
                         net (fo=10381, unset)        0.117     0.117    u_mc/HAS_H_GEN.u_hrf/clk
    URAM288_X0Y49        URAM288                                      r  u_mc/HAS_H_GEN.u_hrf/mem_reg_uram_1/CLK

Slack:                    inf
  Source:                 u_mc/HAS_H_GEN.u_hrf/mem_reg_uram_0/CAS_OUT_DIN_A[34]
                            (internal pin)
  Destination:            u_mc/HAS_H_GEN.u_hrf/mem_reg_uram_1/CAS_IN_DIN_A[34]
                            (rising edge-triggered cell URAM288 clocked by clk  {rise@0.000ns fall@5.000ns period=10.000ns})
  Path Group:             (none)
  Path Type:              Hold (Min at Slow Process Corner)
  Data Path Delay:        0.000ns  (logic 0.000ns (0.000%)  route 0.000ns (0.000%))
  Logic Levels:           0  
  Clock Uncertainty:      0.075ns  ((TSJ^2 + TIJ^2)^1/2 + DJ) / 2 + PE + UU
    Total System Jitter     (TSJ):    0.050ns
    Total Input Jitter      (TIJ):    0.000ns
    Discrete Jitter          (DJ):    0.000ns
    Phase Error              (PE):    0.000ns
    User Uncertainty         (UU):    0.050ns

    Location             Delay type                Incr(ns)  Path(ns)    Netlist Resource(s)
  -------------------------------------------------------------------    -------------------
    URAM288_X0Y48        URAM288                      0.000     0.000 r  u_mc/HAS_H_GEN.u_hrf/mem_reg_uram_0/CAS_OUT_DIN_A[34]
                         net (fo=1, routed)           0.000     0.000    u_mc/HAS_H_GEN.u_hrf/mem_reg_uram_1_Cas_DinA_1[34]
    URAM288_X0Y49        URAM288                                      r  u_mc/HAS_H_GEN.u_hrf/mem_reg_uram_1/CAS_IN_DIN_A[34]
  -------------------------------------------------------------------    -------------------

                         (clock clk rise edge)        0.000     0.000 r  
                                                      0.000     0.000 r  clk (IN)
                         net (fo=10381, unset)        0.117     0.117    u_mc/HAS_H_GEN.u_hrf/clk
    URAM288_X0Y49        URAM288                                      r  u_mc/HAS_H_GEN.u_hrf/mem_reg_uram_1/CLK

Slack:                    inf
  Source:                 u_mc/HAS_H_GEN.u_hrf/mem_reg_uram_0/CAS_OUT_DIN_A[36]
                            (internal pin)
  Destination:            u_mc/HAS_H_GEN.u_hrf/mem_reg_uram_1/CAS_IN_DIN_A[36]
                            (rising edge-triggered cell URAM288 clocked by clk  {rise@0.000ns fall@5.000ns period=10.000ns})
  Path Group:             (none)
  Path Type:              Hold (Min at Slow Process Corner)
  Data Path Delay:        0.000ns  (logic 0.000ns (0.000%)  route 0.000ns (0.000%))
  Logic Levels:           0  
  Clock Uncertainty:      0.075ns  ((TSJ^2 + TIJ^2)^1/2 + DJ) / 2 + PE + UU
    Total System Jitter     (TSJ):    0.050ns
    Total Input Jitter      (TIJ):    0.000ns
    Discrete Jitter          (DJ):    0.000ns
    Phase Error              (PE):    0.000ns
    User Uncertainty         (UU):    0.050ns

    Location             Delay type                Incr(ns)  Path(ns)    Netlist Resource(s)
  -------------------------------------------------------------------    -------------------
    URAM288_X0Y48        URAM288                      0.000     0.000 r  u_mc/HAS_H_GEN.u_hrf/mem_reg_uram_0/CAS_OUT_DIN_A[36]
                         net (fo=1, routed)           0.000     0.000    u_mc/HAS_H_GEN.u_hrf/mem_reg_uram_1_Cas_DinA_1[36]
    URAM288_X0Y49        URAM288                                      r  u_mc/HAS_H_GEN.u_hrf/mem_reg_uram_1/CAS_IN_DIN_A[36]
  -------------------------------------------------------------------    -------------------

                         (clock clk rise edge)        0.000     0.000 r  
                                                      0.000     0.000 r  clk (IN)
                         net (fo=10381, unset)        0.117     0.117    u_mc/HAS_H_GEN.u_hrf/clk
    URAM288_X0Y49        URAM288                                      r  u_mc/HAS_H_GEN.u_hrf/mem_reg_uram_1/CLK

Slack:                    inf
  Source:                 u_mc/HAS_H_GEN.u_hrf/mem_reg_uram_0/CAS_OUT_DIN_A[42]
                            (internal pin)
  Destination:            u_mc/HAS_H_GEN.u_hrf/mem_reg_uram_1/CAS_IN_DIN_A[42]
                            (rising edge-triggered cell URAM288 clocked by clk  {rise@0.000ns fall@5.000ns period=10.000ns})
  Path Group:             (none)
  Path Type:              Hold (Min at Slow Process Corner)
  Data Path Delay:        0.000ns  (logic 0.000ns (0.000%)  route 0.000ns (0.000%))
  Logic Levels:           0  
  Clock Uncertainty:      0.075ns  ((TSJ^2 + TIJ^2)^1/2 + DJ) / 2 + PE + UU
    Total System Jitter     (TSJ):    0.050ns
    Total Input Jitter      (TIJ):    0.000ns
    Discrete Jitter          (DJ):    0.000ns
    Phase Error              (PE):    0.000ns
    User Uncertainty         (UU):    0.050ns

    Location             Delay type                Incr(ns)  Path(ns)    Netlist Resource(s)
  -------------------------------------------------------------------    -------------------
    URAM288_X0Y48        URAM288                      0.000     0.000 r  u_mc/HAS_H_GEN.u_hrf/mem_reg_uram_0/CAS_OUT_DIN_A[42]
                         net (fo=1, routed)           0.000     0.000    u_mc/HAS_H_GEN.u_hrf/mem_reg_uram_1_Cas_DinA_1[42]
    URAM288_X0Y49        URAM288                                      r  u_mc/HAS_H_GEN.u_hrf/mem_reg_uram_1/CAS_IN_DIN_A[42]
  -------------------------------------------------------------------    -------------------

                         (clock clk rise edge)        0.000     0.000 r  
                                                      0.000     0.000 r  clk (IN)
                         net (fo=10381, unset)        0.117     0.117    u_mc/HAS_H_GEN.u_hrf/clk
    URAM288_X0Y49        URAM288                                      r  u_mc/HAS_H_GEN.u_hrf/mem_reg_uram_1/CLK

Slack:                    inf
  Source:                 u_mc/HAS_H_GEN.u_hrf/mem_reg_uram_0/CAS_OUT_DIN_A[52]
                            (internal pin)
  Destination:            u_mc/HAS_H_GEN.u_hrf/mem_reg_uram_1/CAS_IN_DIN_A[52]
                            (rising edge-triggered cell URAM288 clocked by clk  {rise@0.000ns fall@5.000ns period=10.000ns})
  Path Group:             (none)
  Path Type:              Hold (Min at Slow Process Corner)
  Data Path Delay:        0.000ns  (logic 0.000ns (0.000%)  route 0.000ns (0.000%))
  Logic Levels:           0  
  Clock Uncertainty:      0.075ns  ((TSJ^2 + TIJ^2)^1/2 + DJ) / 2 + PE + UU
    Total System Jitter     (TSJ):    0.050ns
    Total Input Jitter      (TIJ):    0.000ns
    Discrete Jitter          (DJ):    0.000ns
    Phase Error              (PE):    0.000ns
    User Uncertainty         (UU):    0.050ns

    Location             Delay type                Incr(ns)  Path(ns)    Netlist Resource(s)
  -------------------------------------------------------------------    -------------------
    URAM288_X0Y48        URAM288                      0.000     0.000 r  u_mc/HAS_H_GEN.u_hrf/mem_reg_uram_0/CAS_OUT_DIN_A[52]
                         net (fo=1, routed)           0.000     0.000    u_mc/HAS_H_GEN.u_hrf/mem_reg_uram_1_Cas_DinA_1[52]
    URAM288_X0Y49        URAM288                                      r  u_mc/HAS_H_GEN.u_hrf/mem_reg_uram_1/CAS_IN_DIN_A[52]
  -------------------------------------------------------------------    -------------------

                         (clock clk rise edge)        0.000     0.000 r  
                                                      0.000     0.000 r  clk (IN)
                         net (fo=10381, unset)        0.117     0.117    u_mc/HAS_H_GEN.u_hrf/clk
    URAM288_X0Y49        URAM288                                      r  u_mc/HAS_H_GEN.u_hrf/mem_reg_uram_1/CLK

Slack:                    inf
  Source:                 u_mc/HAS_H_GEN.u_hrf/mem_reg_uram_0/CAS_OUT_DIN_A[64]
                            (internal pin)
  Destination:            u_mc/HAS_H_GEN.u_hrf/mem_reg_uram_1/CAS_IN_DIN_A[64]
                            (rising edge-triggered cell URAM288 clocked by clk  {rise@0.000ns fall@5.000ns period=10.000ns})
  Path Group:             (none)
  Path Type:              Hold (Min at Slow Process Corner)
  Data Path Delay:        0.000ns  (logic 0.000ns (0.000%)  route 0.000ns (0.000%))
  Logic Levels:           0  
  Clock Uncertainty:      0.075ns  ((TSJ^2 + TIJ^2)^1/2 + DJ) / 2 + PE + UU
    Total System Jitter     (TSJ):    0.050ns
    Total Input Jitter      (TIJ):    0.000ns
    Discrete Jitter          (DJ):    0.000ns
    Phase Error              (PE):    0.000ns
    User Uncertainty         (UU):    0.050ns

    Location             Delay type                Incr(ns)  Path(ns)    Netlist Resource(s)
  -------------------------------------------------------------------    -------------------
    URAM288_X0Y48        URAM288                      0.000     0.000 r  u_mc/HAS_H_GEN.u_hrf/mem_reg_uram_0/CAS_OUT_DIN_A[64]
                         net (fo=1, routed)           0.000     0.000    u_mc/HAS_H_GEN.u_hrf/mem_reg_uram_1_Cas_DinA_1[64]
    URAM288_X0Y49        URAM288                                      r  u_mc/HAS_H_GEN.u_hrf/mem_reg_uram_1/CAS_IN_DIN_A[64]
  -------------------------------------------------------------------    -------------------

                         (clock clk rise edge)        0.000     0.000 r  
                                                      0.000     0.000 r  clk (IN)
                         net (fo=10381, unset)        0.117     0.117    u_mc/HAS_H_GEN.u_hrf/clk
    URAM288_X0Y49        URAM288                                      r  u_mc/HAS_H_GEN.u_hrf/mem_reg_uram_1/CLK

Slack:                    inf
  Source:                 u_mc/HAS_H_GEN.u_hrf/mem_reg_uram_0/CAS_OUT_DIN_A[68]
                            (internal pin)
  Destination:            u_mc/HAS_H_GEN.u_hrf/mem_reg_uram_1/CAS_IN_DIN_A[68]
                            (rising edge-triggered cell URAM288 clocked by clk  {rise@0.000ns fall@5.000ns period=10.000ns})
  Path Group:             (none)
  Path Type:              Hold (Min at Slow Process Corner)
  Data Path Delay:        0.000ns  (logic 0.000ns (0.000%)  route 0.000ns (0.000%))
  Logic Levels:           0  
  Clock Uncertainty:      0.075ns  ((TSJ^2 + TIJ^2)^1/2 + DJ) / 2 + PE + UU
    Total System Jitter     (TSJ):    0.050ns
    Total Input Jitter      (TIJ):    0.000ns
    Discrete Jitter          (DJ):    0.000ns
    Phase Error              (PE):    0.000ns
    User Uncertainty         (UU):    0.050ns

    Location             Delay type                Incr(ns)  Path(ns)    Netlist Resource(s)
  -------------------------------------------------------------------    -------------------
    URAM288_X0Y48        URAM288                      0.000     0.000 r  u_mc/HAS_H_GEN.u_hrf/mem_reg_uram_0/CAS_OUT_DIN_A[68]
                         net (fo=1, routed)           0.000     0.000    u_mc/HAS_H_GEN.u_hrf/mem_reg_uram_1_Cas_DinA_1[68]
    URAM288_X0Y49        URAM288                                      r  u_mc/HAS_H_GEN.u_hrf/mem_reg_uram_1/CAS_IN_DIN_A[68]
  -------------------------------------------------------------------    -------------------

                         (clock clk rise edge)        0.000     0.000 r  
                                                      0.000     0.000 r  clk (IN)
                         net (fo=10381, unset)        0.117     0.117    u_mc/HAS_H_GEN.u_hrf/clk
    URAM288_X0Y49        URAM288                                      r  u_mc/HAS_H_GEN.u_hrf/mem_reg_uram_1/CLK

Slack:                    inf
  Source:                 u_mc/HAS_H_GEN.u_hrf/mem_reg_uram_0/CAS_OUT_DIN_A[6]
                            (internal pin)
  Destination:            u_mc/HAS_H_GEN.u_hrf/mem_reg_uram_1/CAS_IN_DIN_A[6]
                            (rising edge-triggered cell URAM288 clocked by clk  {rise@0.000ns fall@5.000ns period=10.000ns})
  Path Group:             (none)
  Path Type:              Hold (Min at Slow Process Corner)
  Data Path Delay:        0.000ns  (logic 0.000ns (0.000%)  route 0.000ns (0.000%))
  Logic Levels:           0  
  Clock Uncertainty:      0.075ns  ((TSJ^2 + TIJ^2)^1/2 + DJ) / 2 + PE + UU
    Total System Jitter     (TSJ):    0.050ns
    Total Input Jitter      (TIJ):    0.000ns
    Discrete Jitter          (DJ):    0.000ns
    Phase Error              (PE):    0.000ns
    User Uncertainty         (UU):    0.050ns

    Location             Delay type                Incr(ns)  Path(ns)    Netlist Resource(s)
  -------------------------------------------------------------------    -------------------
    URAM288_X0Y48        URAM288                      0.000     0.000 r  u_mc/HAS_H_GEN.u_hrf/mem_reg_uram_0/CAS_OUT_DIN_A[6]
                         net (fo=1, routed)           0.000     0.000    u_mc/HAS_H_GEN.u_hrf/mem_reg_uram_1_Cas_DinA_1[6]
    URAM288_X0Y49        URAM288                                      r  u_mc/HAS_H_GEN.u_hrf/mem_reg_uram_1/CAS_IN_DIN_A[6]
  -------------------------------------------------------------------    -------------------

                         (clock clk rise edge)        0.000     0.000 r  
                                                      0.000     0.000 r  clk (IN)
                         net (fo=10381, unset)        0.117     0.117    u_mc/HAS_H_GEN.u_hrf/clk
    URAM288_X0Y49        URAM288                                      r  u_mc/HAS_H_GEN.u_hrf/mem_reg_uram_1/CLK





